id,T
1000018,453
1000019,176
1000508,347.65
1000509,383.15
1000510,399.15
1100110,774.0
1100123,348.15
1100177,335.15
1100187,427.15
1100188,565.15
1100191,431.15
1100201,386.15
1100202,345.15
1100214,397.15
1100220,386.15
1100221,393.15
1100222,371.15
1100223,381.15
1100225,397.15
1100226,453.15
1100227,322.15
1100228,465.15
1100229,443.15
1100235,365.15
1100244,352.15
1100252,503
1100264,424.15
1100265,488.15
1100266,368.15
1100274,396.15
1100684,407
1100907,503
1100989,356.7
1100991,496
1100992,365.4
1100994,507
1100995,375.2
1100996,383.0
1100998,386.1
1101000,374.6
1101001,374.6
1101002,380.3
1101004,385.3
1101005,385.3
1101007,385.6
1101008,379.2
1101009,379.2
1101010,384.6
1101011,384.6
1101012,384.6
1101013,387.4
1101014,387.4
1101055,ca.600 K with decomposition
1101139,232
1501746,450
1501747,450
1501748,450
1501749,450
1501817,212&#x00A8;C214
1501822,235.5(15)
1501823,234.5(15)
1501848,175.0(10)
1501902,432
1501924,130.5(5)
1502058,195
1502252,350(1)
1502253,406.7(5)
1502389,92
1502416,72-73&#x00C2;&#x00B0;C
1502430,379.1(5)
1502476,385.5(5)
1502477,520.0(10)
1502607,234.5(5)
1502608,239.5(5)
1502609,249.0(10)
1502616,101.5(5)
1502700,512.0
1502701,466.6
1502707,287.9
1502708,287.9
1502709,288.3
1502710,288.3
1502731,531.1
1502803,493.15
1502914,460(2)
1502957,428
1503059,373.15
1503061,442
1503062,410
1503063,380
1503120,209
1503121,235
1503122,121
1503173,237.0(10)
1503174,237.0(10)
1503329,135.8(7)
1503341,523
1503391,627
1503416,542(2)
1503417,524(1)
1503424,358
1503425,372
1503442,428.5(15)
1503460,176.5(5)
1503464,263.5(5)
1503465,271.5(5)
1503603,639.6(5)
1503747,166-169\%C dec.
1503793,392.4
1503799,211
1503800,241
1503801,192
1503802,241
1503807,351.6(5)
1503844,434.5(5)
1503977,458
1503978,423
1504004,388
1504017,519
1504020,374.0(10)
1504021,391.0(10)
1504036,211(1)
1504037,271(1)
1504097,405.9
1504098,421.5
1504111,409.5(5)
1504128,216.0(10)
1504153,463
1504155,379.1(10)
1504236,424.0(10)
1504237,462.0(10)
1504238,451.5(5)
1504239,423.0(10)
1504306,140-141 Celsius degree
1504340,332
1504348,176.19
1504349,176.19
1504350,176.19
1504351,176.19
1504378,245
1504379,245
1504380,245
1504381,279
1504382,279
1504383,228
1504384,228
1504385,228
1504386,425
1504394,210
1504395,210
1504396,281
1504397,281
1504424,504.15
1504425,507.15
1504436,54
1504437,53
1504483,110
1504570,447
1504575,355.5(5)
1504580,568.0(10)
1504593,395
1504594,426(2)
1504595,374(2)
1504629,142(2)
1504630,145(2)
1504631,130(2)
1504636,549.6(15)
1504637,desolvates at 125C
1504681,562.5(5)
1504707,159.5(5)
1504781,406.6(15)
1504929,423
1505027,401
1505033,376.6(5)
1505034,472.6(5)
1505035,241
1505164,562
1505165,Decompose_before_melting
1505184,caffeine 6-hydroxy-2-naphthoic acid
1505225,494
1505235,192(2)
1505236,204(2)
1505237,122(2)
1505238,218(2)
1505349,144
1505356,237.3(6)
1505357,198(2)
1505358,270(2)
1505359,222(2)
1505360,198(2)
1505374,449.6(15)
1505375,422(3)
1505457,191
1505648,339
1505661,143.9(4)
1505662,370.7(5)
1505663,326.7(15)
1505865,135.0(10)
1505890,533
1505894,388.65
1505994,289
1506003,300
1506017,363
1506018,369
1506099,471
1506152,454
1506220,225
1506221,192
1506222,251
1506223,260
1506235,398.8(8)
1506236,406.5(5)
1506258,450
1506289,567(2)
1506290,447.1(10)
1506302,436.6(5)
1506315,459
1506380,544.0(10)
1506381,544.0(10)
1506382,544.0(10)
1506383,544.0(10)
1506384,544.0(10)
1506385,544.0(10)
1506386,544.0(10)
1506443,472.0(10)
1506444,533.5(5)
1506467,119.0(10)
1506468,172.5(5)
1506504,441
1506514,146
1506529,64.5(5)
1506530,73.5(5)
1506531,99.5(5)
1506539,164.0(10)
1506543,129.5(5)
1506544,91.5(5)
1506545,77.5(15)
1506547,412.15
1506578,348.1(10)
1506649,241
1506651,167.4(5)
1506653,468
1506655,494
1506656,531
1506675,218.8(3)
1506682,601
1506695,384.1(10)
1506732,409
1506751,468(2)
1506789,108&#x00B0;C
1506809,502.5(5)
1506829,161.7
1506830,161.7
1506833,480
1506834,480
1506835,480
1506836,480
1506837,468
1506838,457
1506915,209
1506916,165
1506923,399.0(10)
1506925,396.0(10)
1506926,426(3)
1506999,485.6(5)
1507024,277
1507025,257
1507079,474.15
1507080,461.15
1507089,437
1507132,250-253;261-264
1507160,125
1507206,370
1507208,529
1507239,194-195 ^o^C
1507240,82-83 ^o^C
1507241,262-263 ^o^C
1507242,270 ^o^C
1507243,257 ^o^C
1507299,376
1507300,413
1507301,408
1507302,388
1507305,130.8(3)
1507306,128.5(15)
1507311,371
1507331,189.0(10)
1507332,462.6(15)
1507333,499.1(10)
1507366,546.1(10)
1507442,495.0(10)
1507443,471.0(10)
1507461,186
1507473,104-107&#x00A1;C
1507486,168
1507550,224.2(8)
1507551,185(2)
1507557,97.5(5)
1507558,131.5(5)
1507661,229.0(10)
1507662,261.5(15)
1507663,374(3)
1507668,191
1507879,301-305 deg C (dec)
1507937,421
1507938,367
1508010,269
1508214,371(3)
1508215,478(2)
1508313,g.t.260 C
1508314,g.t. 260 C
1508315,g.t. 260 C
1508374,375
1508379,408
1508592,420
1508643,216.0(10)
1508659,456
1508888,164.5(5)
1508904,422.2
1509133,492
1509248,343
1511776,389(1)
1511777,360.5(5)
1511778,396(1)
1511801,86
1511802,86
1511803,86
1511804,86
1511805,86
1511806,86
1511807,86
1511808,135
1511809,135
1511810,135
1511811,135
1511812,135
1511870,436.1(10)
1511871,371.1(10)
1511872,438.1(10)
1511873,401.6(15)
1511886,212.5(5)
1511919,356
1511979,485
1511980,485
1511981,485
1511983,341
1511984,341
1511985,341
1511986,341
1511987,341
1511988,341
1511989,341
1511990,341
1511991,341
1511992,341
1511993,341
1511994,341
1511995,341
1511996,341
1511997,341
1511998,341
1511999,341
1512000,341
1512001,341
1512002,341
1512003,341
1512004,341
1512005,341
1512006,341
1512007,341
1512008,341
1512009,341
1512010,341
1512011,341
1512012,341
1512013,341
1512014,341
1512015,341
1512023,191.0(10)
1512024,136.5(15)
1512025,199.0(10)
1512091,464.5(5)
1512092,367.5(5)
1512120,1900.000
1512135,282&#x00B0;C
1512136,261&#x00B0;C
1512332,187.0(10)
1512333,114.0(10)
1512382,403.8(8)
1512383,388.0(7)
1512384,406.8(8)
1512561,126.0(10)
1513037,410
1513038,602
1513039,522
1513041,514
1513044,344
1513054,331
1513055,402
1513056,276
1513057,412
1513058,400
1513059,317
1513075,529.45
1513169,310
1513300,2683
1513335,542.15
1513336,551.75
1513359,130(2)
1513360,540.1(10)
1513361,185.0(10)
1513362,199.0(10)
1513363,439(2)
1513364,452.1(10)
1513365,524.1(10)
1513366,453.6(15)
1513819,341.6(5)
1513931,422
1514506,see supporting information
1514507,see supporting information
1514727,162
1514728,180.0(10)
1514832,210.0(10)
1514929,344
1515236,405
1515237,398
1515238,390
1515239,388
1515301,345
1515384,438
1515385,391
1515438,493
1515439,483
1515913,184
1515916,171
1515950,533.2
1516032,245
1516115,213.0(10)
1516116,205.0(10)
1516117,213.0(10)
1516118,461(2)
1516119,213.0(10)
1516246,159.5(5)
1516247,127.5(5)
1516334,124
1516335,130
1516336,130
1516337,157
1516338,156
1516386,606.4
1516387,606.4
1516388,606.4
1516389,576.5
1516390,576.5
1516523,428.0(10)
1516524,504.0(10)
1516525,528.0(10)
1516526,505.0(10)
1516574,186.5(5)
1516611,415.0(10)
1516662,465
1516772,433.4(3)
1516988,117
1517408,312.0(10)
1517427,351
1517671,382.1(10)
1517694,381
1517695,375
1517696,387
1517897,384.0(10)
1517926,375
1517927,339
1517928,360
1517929,333
1517930,378
1517943,225
1517989,132
1518008,456.15
1518009,507.15
1518087,497(2)
1518280,126.5(15)
1518432,419
1518433,419
1518434,419
1518435,419
1518436,419
1518437,419
1518438,419
1518439,419
1518440,419
1518441,419
1518442,419
1518443,419
1518444,419
1518445,419
1518446,419
1518815,424.15(1)
1518943,118
1518960,400
1519449,423.15
1519670,441
1519671,425
1519672,394
1519673,378
1519674,423
1519675,449
1519689,543.00(5)
1519690,518.1(2)
1519868,68.5(5)
1519873,139.0(10)
1519874,99.0(10)
1519875,62.5(15)
1519876,217(4)
1519877,93.5(15)
1520000,512.2
1520002,489.2
1520003,459.2
1520004,509.2
1520302,429
1520389,420.0(10)
1520573,379.5(15)
1520574,381.0(10)
1520623,362
1520625,433
1520631,416
1529194,118(2)
1529195,118(2)
1529196,122(4)
1529197,80.5(15)
1529198,94(2)
1529199,100(3)
1529322,98.5(5)
1529352,477
1529353,443
1530687,159
1531040,438.0(10)
1531316,466
1540583,377
1540719,547
1540726,436.0(10)
1540727,464.0(10)
1540728,480.0(10)
1540729,454.0(10)
1540730,542.0(10)
1540731,424.0(10)
1542316,1000
1542330,384.15
1542487,401
1542489,364
1542494,453
1542504,495
1542505,320
1542506,439
1542509,445
1542602,401
1542754,433.0(10)
1542756,320
1542812,341
1542814,355
1542815,368
1542816,363
1542817,343
1542818,355
1542819,353
1542820,363
1542821,367
1542822,347
1542823,353
1542824,352
1542840,365
1542841,411
1542842,431
1542843,384
1542844,446
1542881,490
1542902,418
1542927,515
1542931,300
1543059,245
1543060,231
1543063,427
1543088,363
1543109,492(5)
1543111,470.5(15)
1543144,413
1543146,368
1543166,518.0(10)
1543177,386
1543422,418
1543475,355
1543491,389
1543536,396
1543538,403
1543618,423
1543619,319
1543621,338
1543715,218
1543716,170
1543805,461
1543884,350
1543885,382
1543895,480
1543985,298
1543986,442
1544028,402
1544041,477
1544138,329.15
1544175,146
1544213,539
1544217,442
1544223,405
1544224,405
1544225,405
1544226,405
1544233,414.5(5)
1544234,137.0(10)
1544318,489(2)
1544400,411
1544403,413
1544554,432.0(10)
1544555,446.0(10)
1544556,458.0(10)
1544587,393
1544655,more than 500 (K)
1544656,more than 500 (K)
1544765,353
1544768,444
1544792,458
1544819,461
1544980,289.0(10)
1544981,205
1545013,450
1545025,573
1545039,425
1545040,378
1545041,356
1545237,231.5(5)
1545384,439
1545481,376
1545487,374
1545496,375
1545507,460
1545537,410
1545538,364
1545539,384
1545540,431
1545541,388
1545584,600
1545617,462.0(10)
1545618,462.0(10)
1545648,486
1545665,125.0(10)
1545666,126.5(5)
1545667,179.5(5)
1545680,522.3
1545681,522.2
1545682,523.8
1545683,522.3
1545684,547.2
1545685,527
1545750,410
1545830,453
1545831,433
1545832,353
1545833,423
1545834,403
1545835,453
1545836,398
1545837,363
1545838,366
1545918,1543.000
1545919,1433.000
1546043,338.05
1546044,339.15
1546045,339.15
1546046,338.05
1546048,339.35
1546261,161.5(15)
1546262,161.5(15)
1546263,120.5(15)
1546264,120.5(15)
1546267,77(2)
1546268,77(2)
1546269,77(2)
1546270,77(2)
1546624,485.5(5)
1546625,528.5(5)
1546626,561.5(5)
1546628,591
1546629,493
1546640,452
1546673,475
1546679,428
1546706,415
1546722,399
1546748,375
1546806,503
1546807,546(19)
1546922,533(3)
1546923,418
1547179,143.5(5)
1547205,401
1547206,449
1547210,600.84
1547591,514.65
1547808,523.7
1547809,523.1
1547810,523.7
1547811,519
1547812,519
1547813,528
1547814,528
1547815,517
1547816,560
1547851,468.0(10)
1547853,387.0(10)
1547854,489.0(10)
1547855,440.0(10)
1547856,525.0(10)
1547857,424.0(10)
1547858,448.5(5)
1548057,331.5
1548080,.
1548081,.
1548082,.
1548083,.
1548359,459.1(10)
1548360,447.5(5)
1548566,393(2)
1548567,380.7(5)
1548568,435.7(5)
1548570,382(1)
1548571,409.7(5)
1548572,471.7(15)
1548573,364(3)
1548574,479(1)
1548576,329.4(3)
1548577,429(4)
1548667,371
1548675,367
1548676,377
1548678,356
1548728,327
1548787,424
1548832,413
1548841,481
1548853,489
1548854,416
1548889,587
1549261,414
1549267,556
1549268,556
1549347,329
1549359,533
1549433,382.0(10)
1549434,352.5(5)
1549435,357.5(5)
1549437,358.0(10)
1549666,435
1549714,495
1549947,431.6
1549948,431.6
1549949,431.6
1550169,407
1550200,493
1550251,C2 cyclo-tris-[5]helicene
1550516,layering
1550533,286(4)
1550534,232(2)
1550767,570.15
1550768,584.15
1550769,565.75
1550770,503.15
1550823,353(5)
1550846,410
1551078,548.15
1551080,503.15
1551081,493.15
1551207,493
1551208,390
1551529,560
1551703,431.5(15)
1551708,453
1551715,190
1551744,393.5(10)
1551748,400
1551788,489.01-501.05\K
1551792,391
1551793,459.1(10)
1551854,383
1551855,388
1551856,396
1551857,385
1551858,383
1551859,432
1551860,371
1551861,417
1551862,407
1551863,398
1551864,400
1551872,427.15
1551958,547
1552104,696
1552132,498
1552177,373.8
1552180,443
1552300,367
1552479,475(2)
1552610,376.2
1552638,444(4)
1552639,454(4)
1552641,429.0(10)
1552732,245
1552733,187
1552734,150
1552735,154
1552736,153
1552747,368
1553096,decomp. > 413
1553097,616
1553204,350.5(5)
1553209,427.5(5)
1553222,no information
1553223,421
1553246,344.5(5)
1553247,353
1553248,503.5(5)
1553351,432.8(4)
1553352,433.6(2)
1553353,377.4(2)
1553479,479.5(15)
1553482,482.0(10)
1553554,"357,4"
1553555,"361,6"
1553636,501.5(5)
1553691,533
1553716,387.5(5)
1553761,361.0(10)
1553901,419.1(10)
1554058,432.3(2)
1554059,429.5(2)
1554140,260
1554197,340?ae
1554217,400
1554220,386
1554223,429
1554226,523.5(5)
1554227,508.0(10)
1554368,380.15
1554408,450
1554454,423
1554455,402
1554456,409
1554457,407
1554458,414
1554473,458
1554475,479
1554476,448
1554477,560
1554479,441
1554480,354
1554542,419
1554543,340
1554544,343
1554545,376
1554868,412
1554897,376.8(8)
1555020,276.0(10)
1555092,409.0(10)
1555093,463.0(10)
1555112,463.5(5)
1555151,387
1555193,537
1555548,395
1555571,512
1555572,513
1555594,390.0(10)
1555750,298
1555769,363
1555857,please see SI
1555858,see SI
1556043,63-64 &#x00A1;&#x00E6;
1556110,389.1(10)
1556114,360.1(5)
1556247,416(2)
1556248,397(2)
1556629,379.5(8)
1556637,297
1556897,429
1556929,390
1557177,331
1557291,385
1557292,377
1557293,419
1557294,344
1557295,393
1557297,401
1557320,445
1557321,474
1557413,412
1557519,543
1557612,443
1557980,411
1558329,472
1558389,390
1558397,272.0(10)
1558638,408.0(10)
1558639,379.0(10)
1558640,416.5(5)
1558995,413
1558996,413
1559020,453
1559048,396.6(15)
1559081,527
1559082,465
1559083,467
1559084,555
1559130,206
1559228,313
1559315,492
1559316,408
1559318,396
1559319,386
1559320,463
1559321,451
1559322,415
1559323,393
1559324,458
1559325,444
1559326,478
1559327,442
1559328,423
1559407,536
1559484,260
1559620,271.8(6)
1559621,270.6(7)
1559622,270.6(7)
1559623,270.6(7)
1559624,270.6(7)
1559625,544.0(6)
1559626,270.6(7)
1559627,270.6(7)
1559629,270.6(7)
1559630,544.0(6)
1559631,270.6(7)
1559633,270.6(7)
1559634,544.0(6)
1559849,333
1559865,399
1559923,554.5(5)
1559924,536.5(5)
1560707,476.15
1560989,1818
1560990,1818
1561216,490
1561945,528
1562114,502.45
1562583,1173
1562731,.
1562732,.
1562733,.
1562735,.
1563562,1014
1563819,393.1
1563820,613
1563822,383
1563824,521
1563825,438
1563826,467
1563827,431
1563829,437
1563830,485
1563831,418
1563832,537
1563941,decomposition above 393 K
1564079,433
1564080,383
1564081,501
1564223,452.8(6)
1564224,452.8(6)
1564225,452.8(6)
1564226,452.8(6)
1564228,452.8(6)
1564229,452.8(6)
1564230,452.8(6)
1564231,452.8(6)
1564232,452.8(6)
1564243,536
1564317,438.15
1565037,296
1565093,526
1565094,526
1565095,526
1565096,526
1565185,272.0(10)
1565186,430
1565231,445
1565232,512
1565602,567.5(15)
1565603,415.0(10)
1565903,568.15
1565904,383.15
1565905,519.15
1566164,386.0(10)
1566165,400.0(10)
1566166,393
1566167,383
1566484,366
1566485,366
1566486,366
1566487,366
1566488,366
1566489,366
1566490,366
1566491,366
1566492,366
1566493,366
1566494,366
1566495,366
1566496,366
1566497,366
1566498,366
1566499,366
1566500,366
1566571,435
1566738,308
1566801,418
1566802,398
1566803,408
1566804,109
1566805,414
1567089,342.75
1567170,128
1567171,140
1567172,128
1567181,409
1567217,366
1567236,111.0(10)
1567671,421
1567750,347
1567752,347
1567841,410
1567842,441
1567843,436
1567844,448
1567846,490
1567847,507.0(10)
1567848,457
1567849,422
1567851,409.0(10)
1567852,458
1567853,422.0(10)
1567854,467.0(10)
1567855,541
1567856,510.0(10)
1567858,465
1567859,484
1567860,444
1568133,499
1568134,444
1568135,600
1568221,190
1568415,416.0(10)
1568416,417.0(10)
1568825,437
1569407,511.15
1569410,dehydration starting at 130 C
1569411,decomposition at about 410 C
1569459,158
1569480,122-123?
1569763,384
1569777,399
1569818,429
1570062,304
1570065,250
1570066,298
1570067,309
1570068,290
1571100,353
1571101,339
1571102,354
1571103,338
1571104,379
1571105,326
1571106,352
1571168,385
1571189,240
1571267,345
1571446,293
1571493,541
1571511,492.0(10)
1571514,392.0(10)
1571706,435
1571764,430
1572008,477
1572160,483.15
1573010,"DCM, PE"
1573209,315
1573320,476(2)
1573442,364
1573594,501.5(15)
1573728,226
1573762,394(2)
1573764,407.5(15)
1574037,401
1574038,435
1574288,461
2000001,443.15
2000004,405
2000007,419
2000008,387.15
2000010,355.5
2000011,396
2000052,459
2000054,487
2000072,379
2000073,523.15
2000074,543.15
2000093,389.15
2000104,400.15
2000125,573.15
2000533,"['478', '481']"
2000534,"['524', '529']"
2000642,440.2(3)
2000646,"['107', '108']"
2000647,"['135', '137']"
2000650,120
2000721,417.0(5)
2000723,401.0(10)
2001125,418.5(5)
2001179,391
2001180,366
2001187,.00000137
2001233,75.0(5)
2001235,.107E-105
2001236,.228E-227
2001237,375.1(10)
2001239,  423 (lit. 417-8) 
2001258,445.0(10)
2001259,482.0(10)
2001307,.163E-161
2001308,.171E-169
2001325,58
2001326,116
2001332,.396E-305
2001333,.514E-305
2001334,.445E-305
2001341,.139E-137
2001342,.99E-99
2001343,.173E-172
2001373,405.6(5)
2001411,429.5(5)
2001432,456.5(5)
2001545,373.0(5)
2001560,379.0(10)
2001641,409
2001714,454.5(5)
2001722,.395E-305
2001723,.448E-305
2001740,340.5(5)
2001811,162
2001829,189.5(5)
2001830,132(2)
2001923,396
2002110,365
2002111,384
2002919,377.1(10)
2002920,.175E-174
2002921,.178E-177
2002922,.8E-80
2002923,91
2002946,331
2002947,.411E-305
2002986,420(2)
2003024,214
2003033,339
2003133,378.0(10)
2003135,374.0(10)
2003136,368.5(15)
2003137,385
2003201,478
2003202,478
2003207,326.0(10)
2003241,.415E-305
2003253,387.1(10)
2003256,415(2)
2003257,412.6(5)
2003259,332.5(5)
2003275,454.5(15)
2003293,.358E-305
2003313,148.0
2003319,446.6(5)
2003321,408.15
2003325,non measured
2003338,457.15
2003341,258(3)
2003342,329.2(3)
2003343,493.5(5)
2003350,235
2003361,163
2003364,379.0(10)
2003379,439.15
2003383,474
2003490,.491E-305
2003491,412
2003509,416.15
2003521,.464E-305
2003522,.446E-305
2003586,403
2003587,451.15
2003588,506.15
2003592,449.5(5)
2003602,374.5(5)
2003613,210.0
2003649,396.15
2003660,187
2003661,208
2003663,447.5(5)
2003664,449.5(15)
2003669,445.5(5)
2003671,403.5(5)
2003675,364
2003719,423
2003722,433
2003744,487.5(5)
2003752,.98E-99
2003778,336.5(5)
2003779,375.5(5)
2003780,386.5(5)
2003782,381.0(5)
2003798,351.5(5)
2003815,345.0(5)
2003816,337.5(5)
2003817,312.0(10)
2003840,421.1(10)
2003850,188.2(7)
2003862,467.15
2003873,403.1(10)
2003883,423.15
2003904,512
2003905,531
2003925,371
2003936,400
2003941,448.15
2003953,373
2003965,491.6(5)
2003967,464
2003969,.226E-224
2003970,decomposed > 300
2003982,394.8
2003983,457.5
2003989,489.1(10)
2004007,1793
2004023,466.0(10)
2004031,409.5(5)
2004049,440
2004056,397
2004057,362
2004061,490.1(10)
2004071,.334E-305
2004072,469.15
2004080,403.5(5)
2004083,327.6(5)
2004093,438.15
2004098,376
2004107,394.1(10)
2004116,.226E-224
2004117,295.0(10)
2004128,448.0(10)
2004129,442.0(10)
2004147,.184E-183
2004183,59-61^o^C
2004185,253
2004218,decomposes before melting
2004219,435.65
2004228,366
2004266,.493E-305
2004270,559.0(10)
2004271,.13E-128
2004281,400
2004282,425
2004288,354.6(5)
2004293,399
2004298,325-325K
2004299,328.0(10)
2004300,343
2004304,174
2004319,510
2004353,302.85
2004360,181.5(5)
2004365,415
2004386,387.0(10)
2004393,.473E-305
2004398,437
2004399," At 424 K starts polyester-type condensation, and the solid changes to brown. Crystalline melting point of the oligomerized material is at 528 K."
2004400,428
2004406, 235\% C with decomposition
2004415,425
2004424,367
2004435,.37E-37
2004460,.314E-305
2004478,201.5(5)
2004487,.495E-305
2004489,.65E-64
2004499,477.5
2004504,>300 C (dried sample)
2004518,393.6(5)
2004526,162
2004527,.166E-166
2004528,187
2004535,409.5
2004545,476.1(10)
2004551,.277E-276
2004557,397.8(3)
2004558,401.5(5)
2004565,242.3
2004566,242.0
2004574,421.15
2004575,399.15
2004584,426
2004588,164.9(2)
2004640,370
2004648,423
2004670,365.5(15)
2004676,456.6(5)
2004706,408.0(10)
2004720,410.15
2004726,474.1(10)
2004727,513.15
2004751,383
2004752,465
2004768,508.6(5)
2004769,446.6(5)
2004770,331.5(5)
2004807,120-140  softening
2004837,.116E-114
2004891,.457E-305
2004894,49.5
2004922,513
2004928,decomposes before melting
2004935,484.6(5)
2004938,421.5(5)
2004947,471(2)
2004948,.146E-145
2004953,523
2004967,423.15
2004991,407
2004992,375
2005007,.102E-101
2005008,.61E-60
2005011,240.5(5)
2005021,372.6(15)
2005022,412.1(10)
2005023,348.6(5)
2005077,515.0(10)
2005084,373.55(10)
2005119,437.15
2005134,343.0
2005135,343.5
2005144,361
2005167,378.15
2005168,356.15
2005169,351.15
2005176,473.15
2005179,448
2005181,.326E-305
2005188,481
2005193,187
2005208,.366E-305
2005230,331.15
2005235,379
2005263,.191E-193
2005264,407
2005265,.367E-305
2005266,.326E-305
2005267,146-148^o^C
2005323,357.6(5)
2005344,400.1(10)
2005346,422.1(10)
2005352,467.1(10)
2005354,445
2005355,486
2005375,124
2005376,.131
2005378,242
2005380,448.6(5)
2005385,437.6(5)
2005408,353.15
2005411,over 580 K with decomposition
2005414,92
2005415,141
2005416,177
2005417,.23E-228
2005418,.208E-206
2005419,.208E-206
2005423,.116E-114
2005442,406
2005446,427.0(10)
2005447,425.0(10)
2005448,376
2005449,371.0(10)
2005451,.388E-305
2005452,398.0(7)
2005453,.421E-305
2005454,380.5(8)
2005479,365.0(10)
2005482,83.8-84.2iC
2005504,393
2005511,494.1(10)
2005532,.173E-171
2005536,385
2005554,360.0(10)
2005560,348.5(5)
2005572,383
2005578,389.15
2005599,154.6
2005613,494(2)
2005631,266
2005633,422
2005635,380.6(5)
2005636,369
2005637,.379E-305
2005638,.358E-305
2005639,.158E-157
2005640,357
2005641,356
2005644,513.15
2005647,.11E-108
2005656,411.6(5)
2005672,396
2005675,483
2005677,127
2005680,10.5
2005681,8.5
2005685,421.5(5)
2005694,.147E-144
2005697,389
2005713,.208E-208
2005729,271.8
2005730,521.15
2005734,376
2005738,405
2005740,160
2005741,466.5
2005749,419.5(5)
2005755,353
2005774,484.0(10)
2005781,392.1(10)
2005782,.437E-305
2005783,425.6(5)
2005785,.373E-305
2005789,427.6(5)
2005790,417.15
2005806,over 573K with decomposition
2005814,217.5(10)
2005819,371.15
2005824,370
2005825,352.5(5)
2005826,452.5(5)
2005832,90.5(5)
2005833,109.5(5)
2005835,341.8(18)
2005838,240
2005851,545.15
2005860,399
2005862,368(2)
2005865,149.5(5)
2005910,452
2005914,431(2)
2005917,404.5(5)
2005918,454.0(10)
2005925,.521E-305
2005926,.515E-305
2005927,.579E-305
2005944,115.15(15)
2005945,410
2005956,Decomposes before melting 
2005966,184.0(10)
2005974,518
2005976,394.1(10)
2006000,362.1(10)
2006008,373.1(10)
2006009,373.1(10)
2006011,431.1(10)
2006013,.000000124
2006014,194^o^C
2006020,445.0(3)
2006025,297.0(10)
2006028,.269E-267
2006034,396.0(10)
2006072,134.50(10)
2006077,394
2006078,411.0(10)
2006081,310.15
2006082,161.0(2)
2006088,431.6(5)
2006094,400.0(10)
2006099,438
2006109,448
2006134,370.0(10)
2006135,380.5(5)
2006136,396.5(5)
2006137,461
2006138,430.5(5)
2006139,428.8(8)
2006140,419.0(10)
2006141,424.5(15)
2006142,468.2(13)
2006162,.143E-141
2006171,128.0(5)
2006175,.466E-305
2006187,.159E-157
2006198,.2735E-271
2006199,385.15
2006226,580
2006243,378.5(5)
2006249,.355E-305
2006250,.445E-305
2006262,114
2006269,486.0(10)
2006277,329.5(15)
2006291,314
2006298,.439E-305
2006300,527
2006303,469
2006313,420.00(11)
2006332,522
2006338,409.1(10)
2006340,250
2006343,Decomposes before melting
2006348,163
2006351,97.5(5)
2006353,187
2006354,220
2006367,134.8(8)
2006372,357.1(10)
2006373,369.6(5)
2006377,660(10)
2006389,454
2006402,411
2006403,368
2006404,353
2006405,374
2006406,350
2006411,367(2)
2006412,.481E-305
2006417,222-225 (lit. 218-220\%C)
2006433,.411E-305
2006434,453
2006440,528.15
2006441,372.5(5)
2006444,503.6(5)
2006449,400.5(15)
2006458,518.1(10)
2006460,1223
2006465,488.15
2006466,487
2006470,.354E-305
2006506,401.5(5)
2006507,decomposition > 90_C
2006514,24
2006519,377.6(5)
2006535,317
2006543,433.15
2006547,451.6(5)
2006550,466
2006566,.223E-221
2006577,520.15
2006585,387
2006595,330.5(5)
2006605,378(2)
2006606,330(2)
2006608,449
2006609,335(5)
2006611,474
2006612,146
2006617,135.5(5)
2006619,482
2006622,422
2006624,344.5(6)
2006627,519(3)
2006628,464.0(10)
2006629,422.5(5)
2006634,513
2006644,434.1(10)
2006652,.378E-305
2006654,446.5(5)
2006660,166.80(10)
2006669,436
2006683,459
2006691,416
2006695,373.15
2006696,145-147\%C (decomp.)
2006697,354.1(10)
2006704,404
2006710,.124E-122
2006716,389
2006727,300
2006728,579.15
2006733,387.75(5)
2006734,.26E-259
2006735,.188E-187
2006742,391.1(10)
2006746,444.15
2006755,355.15
2006759,407.6(5)
2006760,362.6(5)
2006765,511.15
2006766,519.65
2006767,472.6(10)
2006773,1200
2006784,248.5
2006785,287
2006790,420.1(10)
2006803,384-385\%K
2006804,146.5(4)
2006809,.422E-305
2006810,386
2006811,340
2006819,280.4(11)
2006821,95
2006827,295
2006847,240(2)
2006849,299
2006850,.146E-145
2006853,.149E-147
2006854,97.5
2006856,77.9
2006857,74.9(5)
2006858,102
2006888,411.0(10)
2006889,324.5(5)
2006907,506.1(10)
2006932,460.4
2006933,122.0(10)
2006934,413.0(10)
2006937,467.5(5)
2006944,397
2006946,442
2006950,449
2006951,370
2006952,333.0(10)
2006953,395
2006958,226.0(10)
2006980,446.1(10)
2006982,220(6)
2006992,386
2006997,258
2007001,.28E-279
2007002,220
2007015,.88E-94
2007052,431(3)
2007067,481.15
2007069,300
2007070,423
2007075,538.15
2007076,526
2007077,526
2007082,346.5(5)
2007083,387.5(5)
2007094,456.1(10)
2007110,384
2007115,487
2007117,394.5(15)
2007122,190
2007125,.321E-305
2007152,12.0
2007155,304
2007177,363(4)
2007181,252
2007183,148.5
2007192,.44E-305
2007204,2.01
2007205,171.5(5)
2007212,579(2)
2007213,491.6(15)
2007214,501(2)
2007215,414.1(10)
2007218,.361E-305
2007228,.297E-297
2007236,.491E-305
2007239,155
2007246,383.15
2007247,373.15
2007253,318.6(5)
2007255,423
2007264,.435E-305
2007287,187.5(5)
2007297,361.1(10)
2007299,.105E-104
2007304,509.1(10)
2007307,405(2)
2007316,425(2)
2007317,433(2)
2007328,402.5(5)
2007332,426
2007334,487
2007341,408
2007351,388.6(5)
2007352,351.6(5)
2007357,67
2007358,402
2007379,366.5(5)
2007384,100
2007385,100
2007394,323.8(8)
2007421,126
2007440,378
2007445,363
2007446,353
2007456,388
2007458,167
2007459,.122E-121
2007460,.154E-152
2007461,.179E-177
2007462,145
2007464,204.5(5)
2007465,.209E-208
2007466,.362E-305
2007467,.334E-305
2007479,.333E-305
2007491,123
2007494,.498E-305
2007518,368
2007523,450.2(8)
2007527,470
2007537,358
2007539,450.1(10)
2007551,134.5(5)
2007552,142.0(10)
2007555,.93E-93
2007568,464.0(10)
2007570,420.0(10)
2007574,354
2007579,521.15
2007588,361
2007590,255.30(10)
2007591,211.50(10)
2007603,325
2007615,398
2007618,decomposes before melting
2007619,decomposes before melting
2007623,313
2007625,381.5(15)
2007634,401.0(10)
2007637,224
2007652,157
2007653,180
2007671,482
2007672,456.6(15)
2007712,421.6(5)
2007713,.437E-305
2007716,406
2007717,376.0(10)
2007721,451.0(5)
2007729,466
2007740,389.0(10)
2007751,294
2007771,.182
2007777,decomposes before melting
2007782,398
2007784,410.15
2007785,468.15
2007797,437.15
2007798,423
2007806,485
2007807,478.0(10)
2007808,403.0(10)
2007809,401
2007811,250(5)
2007816,401
2007827,103
2007853,477
2007873,228
2007878,.67E-66
2007879,.165E-164
2007903,399.5(5)
2007904,470.1(10)
2007906,.367E-305
2007907,440.0(10)
2007918,207
2007948,81.5
2007949,408.5(5)
2007954,493
2007956,486.5(15)
2007968,435
2007969,480
2007970,420
2007971,566.5(5)
2007994, Decomposes in two separate exothermic steps at 220 \%C and 275 \%C.
2007995,378
2007997,438
2007998,374.5(5)
2007999,389.5(5)
2008000,273.5(5)
2008011,98
2008012,93
2008035,417.5(5)
2008036,491.2(3)
2008037,438.5(5)
2008038,480.15
2008063,433.0(10)
2008073,179
2008082,448.15
2008083,466.15
2008086,223.6
2008087,444
2008093,433
2008105,310(2)
2008119,428.1(10)
2008121,.406E-305
2008128,371.15
2008131,349
2008135,161
2008138,524.15
2008139,558
2008143,402.5(5)
2008155,473.0(10)
2008156,413.0(10)
2008185,285.45
2008187,289.75
2008196,336.5(15)
2008208,339
2008209,423
2008210,361
2008211,373.15
2008216,.559E-305
2008217,.499E-305
2008220,267
2008221,.238E-237
2008230,.199E-197
2008250,462
2008251,346
2008252,483
2008267,414.15
2008282,664.
2008284,225
2008286,.299E-298
2008289,.107E-105
2008292,177.0(10)
2008293,448
2008303,404.5(5)
2008304,452.5(5)
2008311,447.0(10)
2008321,241
2008324,374.0(10)
2008333,425.15
2008337,.0000466
2008342,393
2008344,446
2008347,Decomposes above 420 K
2008348,423
2008349,381
2008384,323
2008394,538
2008395,393.5(5)
2008404,449
2008418,479
2008434,decomposes before melting
2008435,.103E-101
2008444,451.15
2008449,432.5(5)
2008450,337.5(5)
2008451,.423E-305
2008460,397
2008463,422.1(10)
2008466,.506E-305
2008468,452
2008470,decomposition > 500 K
2008471,495
2008496,403.8(4)
2008520,407
2008532,397.5(5)
2008533,475.15
2008535,516.15
2008544,376
2008552,360.15
2008586,465.0(10)
2008589,136
2008610,.265E-263
2008623,419
2008624,411
2008656,528
2008678,385
2008679,410
2008680,410
2008686,480
2008691,362
2008701,436
2008702,461
2008710,414.0(10)
2008723,185.3
2008729,337
2008732,476
2008756,465.5(10)
2008757,461(5)
2008760,.565E-305
2008766,.39E-305
2008775,462
2008776,437
2008780,264.0(10)
2008789,404
2008815,492.8(4)
2008816,435.9(3)
2008836,465
2008837,118.5
2008838,143.0
2008855,144.5(5)
2008863,476
2008881,decomposes before melting
2008890,.502E-305
2008891,511
2008909,397
2008926,409
2008930,.469E-305
2008939,203
2008960,decomposes 280-285\%C
2008961,364.6(5)
2008964,358.0(10)
2008965,374.0(10)
2009009,316
2009011,384.5(5)
2009012,449.35(5)
2009013,447.8(3)
2009014,464
2009019,554
2009022,.393E-305
2009023,.413E-305
2009025,467
2009052,135.0(5)
2009053,decomposes before melting
2009054,decomposes before melting
2009081,.59E-58
2009082,341
2009085,227.5(5)
2009102,583
2009114,400.5(5)
2009115,451
2009116,445
2009119,568
2009129,348
2009147,.46E-305
2009169,515.0(10)
2009170,330.0(10)
2009171,420.0(5)
2009172,.419E-305
2009175,387.6(5)
2009176,398.1(10)
2009206,decomposes 234-240\% C
2009207,268
2009211,306
2009216,409(3)
2009232,decomposes before melting
2009250,548.1(10)
2009253,404.0(10)
2009254,368.0(10)
2009257,340
2009258,311
2009267,no mesured
2009269,343.5
2009272,463
2009304,351
2009374,381.6(5)
2009384,362
2009390,396.5(5)
2009391,453
2009415,442.0(10)
2009418,500
2009431,532.75
2009437,453.5(5)
2009438,476.0(10)
2009463,469.5(5)
2009493,423
2009496,370.15
2009525,492.5(15)
2009526,424
2009559,403
2009597,483.0(10)
2009598,400.5(5)
2009599,435.5(5)
2009664,371.5
2009665,348
2009675,228.0(10)
2009712,352.0(10)
2009713,392.0(10)
2009718,502.65
2009719,332.0(10)
2009742,39.5(10)
2009758,449.5(5)
2009759,599
2009772,412
2009773,484
2009774,438
2009775,512
2009864,362
2009881,.425E-305
2009900,391
2009918,152
2009919,147.5
2009920,404.0(10)
2009922,367.0(10)
2009923,372
2009928,395.5(5)
2009945,356.1(10)
2009984,431.15
2009992,400
2009993,454.15
2010010,227
2010031,335.5(5)
2010032,212-214\%C(dec.)
2010041,384
2010045,516.6(5)
2010049,418
2010050,421
2010060,150.5
2010062,98
2010122,433
2010130,.388E-305
2010133,413.5
2010135,.448E-305
2010147,523.15
2010162,349.6(5)
2010175,407.5(5)
2010196,75.4
2010197,67.0
2010272,413.1(10)
2010338,344.6(5)
2010341,512.5(5)
2010344,.92E-91
2010352,327.5(5)
2010407,114
2010409,434.6(5)
2010410,451.6(5)
2010417,415.6(5)
2010424,130
2010443,.124E-122
2010459,478
2010460,478
2010471,128
2010476,390.0(10)
2010477,326.0(10)
2010497,349.6(15)
2010498,437.6(5)
2010503,370.5(15)
2010527,462.5(5)
2010539,483
2010558,353
2010559,351
2010563,581
2010567,375
2010582,176
2010584,448.5(5)
2010590,485
2010591,404.8(8)
2010592,263.0(10)
2010595,485
2010596,455
2010614,139.0(10)
2010625,612(10)
2010644,348(5)
2010647,571
2010660,483.15
2010673,482.0(10)
2010697,459
2010698,426
2010706,decomposes before melting
2010708,433
2010709,376
2010722,401.35
2010729,457
2010742,333
2010756,445.0(10)
2010759,230
2010774,575
2010775,405.0(10)
2010786,344(3)
2010810,449.6(5)
2010814,428.5(5)
2010815,413.5(5)
2010828,463
2010829,360
2010852,452
2010858,426
2010873,378.15
2010900,543.5(5)
2010912,467
2010913,437
2010918,414.5(5)
2010941,360.5(11)
2010949,350.0(10)
2010970,88.9
2010976,404.5(5)
2010982,361.5(5)
2010983,438.5(5)
2010991,336.0(10)
2011012,252
2011013,243
2011015,430
2011016,424
2011018,302.0(10)
2011035,381.0(10)
2011036,370.0(10)
2011037,552
2011044,397.15
2011047,328
2011052,186.0(10)
2011070,330.0(10)
2011076,520.5(15)
2011077,428
2011101,373.5(5)
2011132,205.0(10)
2011144,493
2011145,438
2011161,458
2011167,385.0(10)
2011189,141.0(10)
2011190,147.0(10)
2011191,138.0(10)
2011192,195.0(10)
2011193,175.0(10)
2011196,423
2011197,476
2011208,64.0(10)
2011212,457
2011218,385.15
2011226,459.5(5)
2011229,452
2011254,184.5(15)
2011268,361.5(5)
2011269,419.0(10)
2011282,477(4)
2011283,534(3)
2011302,509.5(5)
2011306,342
2011307,392
2011312,445.0(10)
2011313,474(2)
2011333,416
2011334,457
2011335,547
2011336,505
2011357,347.5(5)
2011363,218.0(10)
2011364,238.0(10)
2011365,272.0(10)
2011379,511
2011385,480.0(10)
2011387,478.0(10)
2011389,519.6(15)
2011396,325.4(3)
2011397,353.5(5)
2011398,444.5(15)
2011399,452
2011400,230
2011421,352
2011423,489
2011445,438.0(5)
2011454,411
2011459,410.1(10)
2011460,312.15
2011468,decomposes before melting
2011472,115
2011475,338
2011488,404.5(5)
2011495,412
2011516,446
2011517,392
2011520,407
2011523,416
2011524,416
2011525,338
2011526,338
2011531,184.0(10)
2011532,212.0(10)
2011533,229.5(5)
2011535,388.3(14)
2011537,337.1(10)
2011544,481
2011557,415.0(10)
2011558,387.5(5)
2011559,308(3)
2011560,429.0(10)
2011576,503
2011584,180
2011585,150
2011604,389.5(15)
2011605,538
2011606,456.5(15)
2011607,431.0(5)
2011617,541
2011620,357.0(10)
2011624,89--91\% C cf. Tolstikov et al. (1989) reported 79--81\% C
2011630,393.5(15)
2011637,420.0(10)
2011640,331
2011648,444.5(15)
2011650,412.0(10)
2011653,363
2011657,372.0(10)
2011658,175.0(10)
2011660,unstable above 700\%C
2011662,483
2011667,384
2011668,456
2011670,521.15
2011672,112
2011675,446
2011680,437
2011706,209-211 (methanol)
2011709,543
2011712,544.15
2011715,557
2011716,370
2011741,272.8(3)
2011742,197.5(5)
2011752,435
2011755,466.0(10)
2011759,270
2011790,396
2011797,420
2011798,383
2011802,470.5(5)
2011803,395.5(5)
2011804,460.5(15)
2011828,393
2011840,459(2)
2011845,353.2(3)
2011849,349.5(5)
2011869,480.5(5)
2011870,471.0(10)
2011879,522.15
2011880,260
2011881,544.15
2011885,substance decomposes befor melting
2011898,421.15
2011920,453
2011925,480
2011943,492
2011944,457
2011970,decomposes before melting
2011995,437.5(5)
2011996,448.5(5)
2011997,396.5(5)
2011998,454.8(8)
2011999,442.2(8)
2012002,513
2012013,490.5(5)
2012017,359.0(10)
2012018,524
2012024,412
2012038,447.0(10)
2012045,447(2)
2012067,.3865E-304
2012081,.389E-305
2012082,427
2012084,354.5(15)
2012085,357.0(10)
2012089,.348E-305
2012090,.371E-305
2012095,.393E-305
2012099,455
2012103,dehydrated
2012104,428.0(10)
2012105,425.0(10)
2012106,418.0(10)
2012107,.415E-305
2012119,381
2012120,384
2012123,478.5(5)
2012124,601.0(10)
2012128,129.5(5)
2012134,440
2012138,513
2012145,411
2012179,1373
2012186,504.0(10)
2012197,440.15
2012198,445.15
2012199,401
2012200,378
2012205,369
2012207,? K
2012218,dehydratated
2012219,419.5(5)
2012220,436.0(10)
2012221,406.2(3)
2012222,437.0(10)
2012223,468.5(5)
2012226,531
2012227,386.5(5)
2012228,426
2012245,378.0(10)
2012248,.93E-92
2012267,498.0(10)
2012268,474.5(15)
2012272,378
2012282,337
2012292,.335E-305
2012293,.42E-305
2012294,.406E-305
2012304,.383E-305
2012327,466
2012349,422
2012350,368
2012351,403.5(5)
2012355,450.0(10)
2012357,.114E-112
2012376,315
2012379,390.5(15)
2012380,384.0(10)
2012381,427.5(5)
2012384,453
2012393,dehydratated
2012396,417
2012397,466
2012423,425
2012427,532
2012433,464
2012434,435
2012437,400
2012439,352
2012440,decomposition
2012453,454.5(5)
2012459,443
2012461,401
2012462,455
2012464,495
2012466,491.5(10)
2012486,.311E-305
2012495,431
2012497,decomposition
2012499,313.0(10)
2012500,577
2012501,506
2012515,466
2012516,476
2012522,435
2012523,493
2012524,513
2012525,495
2012530,.382E-305
2012531,.381E-305
2012534,.436E-305
2012535,.478E-305
2012536,480
2012547,583
2012548,558
2012549,563
2012568,344
2012569,351
2012576,321.6(5)
2012577,401
2012602,431
2012604,386.0(10)
2012605,463
2012606,395.5(7)
2012649,442
2012650,525
2012651,.413E-305
2012668,579.0(10)
2012669,619.1(3)
2012670,469.0(7)
2012677,382.0(10)
2012696,398
2012697,400
2012699,408
2012703,486
2012704,536
2012705,507
2012706,487
2012714,.448E-305
2012718,493.0(10)
2012719,413
2012730,166.0(10)
2012731,479
2012746,140
2012753,.36E-305
2012754,416
2012757,.539E-305
2012758,165
2012759,142
2012761,430
2012768,dehydrated
2012774,602
2012807,543
2012810,494
2012816,515
2012818,346
2012827,396
2012828,.448E-305
2012841,465
2012844,311
2012848,.498E-305
2012850,.371E-305
2012851,.383E-305
2012852,.405E-305
2012853,.402E-305
2012861,.354E-305
2012862,.335E-305
2012863,.387E-305
2012866,432
2012867,419
2012871,368
2012873,dehydrated
2012879,410
2012880,363
2012891,176
2012894,453
2012897,439.0(10)
2012898,456.0(10)
2012899,413
2012911,433
2012937,305
2012939,decomp. > 473
2012964,403
2012970,533
2012972,200
2012975,.458E-305
2012981,486
2012982,421
2012983,376
2012993,186
2012994,421.15
2012995,427.15
2013002,.552E-305
2013015,204
2013017,.433E-305
2013021,329.5(15)
2013022,361.0(10)
2013023,362.0(10)
2013041,418
2013043,dehydratated
2013049,140.2
2013065,384
2013066,409
2013071,402
2013083,399
2013095,382
2013096,381
2013101,531
2013108,.421E-305
2013109,.431E-305
2013113,466.5(5)
2013123,139.0(10)
2013124,.103E-104
2013130,365
2013131,471
2013134,498
2013144,379
2013145,465
2013146,.481E-305
2013147,422
2013148,404
2013149,422
2013151,.415E-305
2013155,373
2013156,decomposition
2013159,358
2013162,566
2013164,470
2013169,545
2013170,.498E-305
2013172,470.5(5)
2013174,365
2013179,409
2013187,0
2013191,447.8(8)
2013193,509.0(10)
2013204,486
2013214,431
2013221,"decomposition, greater than 373K"
2013222,"decomposition, greater than 373K"
2013227,.341E-305
2013234,140
2013236,510
2013252,70
2013255,363.0(10)
2013263,384.5(5)
2013264,409.6(5)
2013265,396.1(10)
2013266,370.1(10)
2013267,461.1(10)
2013280,.565E-305
2013283,.388E-305
2013284,548
2013290,sublimation
2013291,sublimation
2013292,sublimation
2013293,423
2013294,476.0(10)
2013313,424
2013322,171.0(10)
2013323,109.0(10)
2013330,517(2)
2013331,462.0(10)
2013334,392.0(10)
2013335,426.0(10)
2013336,decomposition
2013338,.473E-305
2013339,422.5(5)
2013345,456.1(10)
2013347,508
2013354,348
2013375,310.0(10)
2013376,407.0(10)
2013409,393
2013410,467
2013412,410.5(5)
2013413,358
2013423,472
2013435,355
2013438,471.0(10)
2013447,412.6(5)
2013449,.365E-305
2013454,.1895E-188
2013462,432
2013472,133
2013473,470
2013474,513
2013475,535
2013476,387
2013477,449
2013490,481.9(8)
2013509,353
2013510,363
2013511,416
2013512,383
2013538,443
2013542,190
2013567,618
2013572,432.6
2013573,393.5
2013576,.239E-238
2013578,401
2013583,.392E-305
2013585,384
2013588,496.1(10)
2013589,416.0(10)
2013590,454.5(5)
2013591,422.5(5)
2013594,.3285E-305
2013595,333
2013596,340
2013602,.36E-305
2013607,476
2013612,347
2013622,417.5(15)
2013623,460.0(10)
2013624,343.0(10)
2013625,? K
2013626,? K
2013628,.413E-305
2013629,.415E-305
2013647,.432E-305
2013654,419
2013655,497
2013680,474
2013681,516
2013683,511
2013684,513
2013700,507
2013753,.188E-186
2013759,221
2013769,115
2013770,75
2013771,60
2013772,507
2013773,494
2013774,482
2013776,498.1(10)
2013780,336
2013783,.477E-305
2013784,.363E-305
2013789,328
2013805,340
2013817,416.0(5)
2013821,.355E-305
2013822,.353E-305
2013832,368.0(10)
2013833,366.5(5)
2013840,1373
2013852,469
2013853,483
2013859,550
2013866,453
2013868,501
2013869,399
2013870,499
2013899,400.0(10)
2013904,.448E-305
2013905,431.8(8)
2013912,449
2013928,418.5(15)
2013929,382.0(10)
2013938,decomposes at about 483 K to CuSCN
2013945,517
2013946,507
2013947,513
2013973,125
2013978,368
2013984,425.0(10)
2013985,480.0(10)
2013986,448
2013987,376
2013988,465.0(10)
2013989,505.0(10)
2013990,376
2013992,408
2014006,346
2014010,434
2014011,501
2014012,484
2014026,483
2014027,413
2014028,720
2014031,434
2014042,165
2014050,422
2014051,576
2014064,487
2014068,467
2014080,413.0(10)
2014082,195
2014110,378
2014111,.437E-305
2014118,433
2014123,204
2014124,214
2014125,116
2014134,.371E-305
2014135,129.5(5)
2014152,378.4(8)
2014176,321
2014177,323
2014179,413
2014180,533
2014181,loses the I~2~ molecule
2014184,483
2014222,473
2014223,512.5
2014227,501
2014229,353
2014255,358.5(5)
2014256,358.0(10)
2014278,502.5(8)
2014279,506.0(8)
2014280,506.1(13)
2014281,486.3(18)
2014288,454.65(5)
2014289,477.2(15)
2014300,516
2014312,463
2014313,463
2014333,114.5(5)
2014355,.359E-305
2014356,340.5(5)
2014357,467.0(10)
2014360,183.9(8)
2014361,152.6(5)
2014366,279.15
2014367,.423E-305
2014406,459(2)
2014407,467-470 with decomposition
2014417,431.0(10)
2014448,341
2014476,358
2014479,204
2014492,424
2014493,499
2014495,.364E-305
2014510,346
2014519,543.7(2)
2014528,.304E-302
2014529,513
2014572,.91E-91
2014573,344
2014575,76
2014626,512.5(8)
2014627,515.0(8)
2014644,519(2)
2014646,.418E-305
2014654,332.0(10)
2014655,443.0(10)
2014656,380.0(10)
2014657,409(1)
2014658,369(1)
2014662,360
2014663,385
2014665,428
2014669,.351E-305
2014670,.387E-305
2014679,269(2)
2014691,80.5(5)
2014692,169.0(10)
2014695,430
2014696,424
2014698,493
2014706,945.0
2014750,483.0(10)
2014751,464.5(5)
2014752,452.5(5)
2014767,416.0(2)
2014768,467.4(9)
2014777,445.0(10)
2014778,487
2014779,492
2014801,437
2014807,135
2014812,205
2014819,469
2014826,.438E-305
2014827,.437E-305
2014828,.441E-305
2014829,.445E-305
2014835,.443E-305
2014836,.431E-305
2014837,170
2014840,368
2014841,416
2014845,574
2014846,504
2014847,538 K (soften) 549 K (decomp.)
2014854,204
2014863,418
2014868,396(2)
2014873,388
2014882,399
2014883,414
2014884,389
2014885,414
2014892,.415E-305
2014912,345.0(10)
2014913,379.0(10)
2014927,49
2014928,397
2014933,441.6(5)
2014951,448.5(5)
2014952,426.5(5)
2014954,.341E-305
2014965,478
2014973,490.5(15)
2014974,438
2014975,395
2014979,291
2014980,291
2014983,488
2014984,422
2014994,400
2015011,481
2015014,412
2015019,70
2015020,70
2015077,152
2015091,.468E-305
2015092,487.6(12)
2015093,525.0(10)
2015094, greater than 555 K 
2015155,.369E-305
2015156,.403E-305
2015160,300
2015161,291
2015162,249
2015182,403.35(15)
2015205,454.8
2015221,492(2)
2015227,495
2015249,378
2015250,387.5(7)
2015263,420.0(10)
2015279,523
2015280,421
2015289,428
2015291,436.0(10)
2015292,374(1)
2015297,316
2015302,.536E-305
2015306,164.0(10)
2015307,140(2)
2015308,198.0(10)
2015316,.375E-305
2015319,.483E-305
2015320,.421E-305
2015322,.192E-190
2015332,190
2015333,190
2015335,407
2015336,405
2015339,500-503 (sublimes)
2015345,377
2015372,494.6(12)
2015373,523.0(6)
2015385,158
2015398,452
2015420,.357E-305
2015421,.333E-305
2015430,505.5(15)
2015433,decomposition
2015443,.558E-305
2015452,433
2015455,559
2015474,359
2015484,392
2015502,196.4
2015511,391.5
2015525,.361E-305
2015567,390
2015568,385
2015644,358.0
2015645,32
2015647,473
2015650,488.5(5)
2015651,467.5(5)
2015652,.43E-305
2015669,335
2015685,345(3)
2015702,398.1(5)
2015703,469.9(8)
2015707,452.5(15)
2015741,430
2015742,503
2015743,468
2015744,413
2015745,467
2015748,532
2015751,422.8
2015757,410
2015758,417
2015783,251(2)
2015784,.304E-303
2015802,469
2015803,452
2015811,509.6(5)
2015818,91.0(10)
2015841,389
2015860,414
2015861,414
2015866,496
2015884,234.0
2015887,.149E-148
2015888,.178E-177
2015889,.148E-147
2015903,442
2015905,446(2)
2015906,489(2)
2015940,382
2015953,188
2015964,476.15
2015982,408
2015998,483
2016005,433
2016006,457.5(5)
2016012,361(3)
2016043,380
2016044,427
2016045,439
2016046,429
2016060,461.5(8)
2016061,466(3)
2016110,442
2016111,441
2016124,410.0(10)
2016125,428.0(10)
2016136,393
2016154,511
2016155,512
2016158,420
2016193,493
2016214,.393E-305
2016242,401
2016243,363
2016251,356
2016252,457
2016262,593
2016271,383
2016304,313
2016312,190
2016313,200
2016314,260
2016343,.458E-305
2016344,.454E-305
2016382,397
2016383,407
2016384,431
2016429,444.0(10)
2016433,471
2016434,454
2016435,336.5
2016442,482
2016445,558
2016446,544
2016449,462.5(5)
2016470,454
2016484,499
2016485,471
2016486,455
2016494,523
2016495,503
2016496,441
2016497,.511E-305
2016498,393
2016504,290
2016526,439
2016527,437
2016537,399
2016544,462
2016545,488
2016548,109.9-110.6 (literature: 101-103)
2016549,154.5(6)
2016550,139.3(7)
2016551,168.3(8)
2016552,97.2(8)
2016609,336
2016610,343
2016611,432
2016612,462
2016613,403
2016622,.356E-305
2016623,444
2016627,434
2016637,373
2016641,583
2016647,443
2016648,396
2016649,458
2016670,534(2)
2016684,388
2016685,388
2016686,388
2016687,388
2016702,523
2016715,378
2016721,322
2016727,350
2016732,415
2016733,363
2016737,230
2016755,391
2016756,433
2016757,385
2016796,190
2016797,210
2016798,236
2016823,445
2016824,475
2016843,538
2016844,413
2016847,363.0(10)
2016848,404.0(10)
2016849,423
2016850,423
2016887," Kinetic phase transition (Drebushchak <i>et al.</i>, 2008)"
2016888,401
2016890,"['151', '153']"
2016902,438.0(10)
2016904,.142E-140
2016905,.148E-146
2016906,.115E-113
2016907,.163E-161
2016910,.169E-168
2016944,336
2016950,382.0(10)
2016952,520
2016953,530
2016982,466
2016984,355
2016985,365
2016986,415
2016997,498
2017005,337
2017043,343
2017069,485.9
2017070,486.3
2017086,417.67
2017087,417.67
2017088,417.67
2017089,417.67
2017098,605
2017119,411
2017140,242
2017202,366
2017203,402
2017204,437
2017205,400
2017227,581
2017228,583
2017240,345.87
2017299,442.0(10)
2017300,380
2017342,453
2017398,304
2017399,319
2017400,319
2017432,199
2017433,186
2017445,106
2017478,332.0(10)
2017488,393
2017494,461
2017495,429
2017496,429
2017499,565
2017500,576
2017501,483
2017553,386
2017593,573
2017619,419
2017674,356
2017691,458
2017702,467
2017705,142
2017709,353
2017710,443
2017711,457
2017712,405
2017720,170
2017723,336
2017724,381
2017725,420
2017726,574
2017779,460.65
2017780,452.65
2017781,417.15
2017790,300
2017826,231
2017887,452
2017888,475
2017889,475
2017890,525
2017891,474
2017892,505
2017894,458
2017906,429
2017907,452
2017972,274
2017974,361.0(10)
2017985,482
2017986,480
2017987,477
2017988,478
2017991,445
2017992,462
2018006,218
2018007,218
2018013,1072
2018014,463
2018015,436
2018018,464
2018019,459
2018044,387
2018158,467
2018161,531
2018175,474
2018206,379
2018207,342
2018208,386
2018209,372
2018210,370
2018237,466
2018306,419
2018386,555.3
2018422,364
2018423,346
2018457,414
2018458,495
2018481,350
2018498,495.0
2018519,317.68
2018520,321.34
2018521,335.39
2018529,423
2018530,432
2018557,448
2018573,451
2018583,467.5
2018585,413
2018588,375.0(10)
2018594,428
2018598,418
2018611,373.7(5)
2018612,373.7(5)
2018665,330
2018729,436
2018730,435
2018731,432
2018735,514
2018736,566
2018757,335.7
2018758,325.2
2018810,503
2018811,495
2018822,418
2018823,344
2018826,178
2018830,473
2018831,482
2018907,275
2018946,425.0(10)
2018947,486.0(10)
2018948,514.0(10)
2018975,362.6
2018976,406.0
2019006,386.0(10)
2019029,505
2019074,463
2019096,551
2019165,366
2019166,353
2019170,416.0(10)
2019171,371.0(10)
2019172,420.0(10)
2019173,418.0(10)
2019205,425
2019206,408
2019207,427
2019208,414
2019320,498.38
2019328,331
2019329,331
2019332,235
2019333,235
2019334,235
2019348,513
2019352,366
2019435,359
2019436,336
2019437,413
2019438,325
2019453,399
2019454,377
2019507,530
2019614,493
2019730,378
2019731,378
2019732,413
2019733,413
2019769,446.6
2019872,473
2019873,462
2019958,462.9
2020036,236
2020255,425
2020256,410
2020276,462
2020277,430
2020278,456
2020279,456
2020299,555
2020428,442
2020429,423
2020441,496
2020442,448
2020453,389
2020454,397
2020455,384
2020456,395
2020457,400
2020458,415
2020459,404
2020460,356
2020461,359
2020462,373
2020480,379
2020481,443
2020549,423(2)
2020550,423(2)
2020715,402
2020716,381
2020717,436
2020796,462.8(2)
2020824,398
2020825,443
2020826,453
2020830,486
2020831,498
2020840,388
2020841,388
2020843,433
2020899,275
2020923,1003
2020924,833
2021009,340.15
2021010,400.15
2021011,358.15
2021121,446.1
2021146,153
2021211,426
2021212,376
2021239,360
2021240,402
2021241,395
2021304,423(4)
2021305,423(4)
2021306,422.7(4)
2021307,422.7(4)
2021333,831
2021362,420.1(10)
2021363,425.1(10)
2021364,393.6(5)
2021365,404.1(10)
2021366,415.6(5)
2021516,786.4(8)
2021596,444
2021597,444
2021598,444
2021599,444
2021600,444
2021601,444
2021602,444
2021603,444
2021604,444
2021605,444
2021606,444
2021607,444
2021608,444
2021609,444
2021739,369
2021744,433
2021745,433
2021785,398
2021841,413
2021872,397.5(5)
2021878,phase transition
2021879,phase transition
2021880,phase transition
2021881,phase transition
2021882,phase transition
2021883,phase transition
2021929,470.4
2021947,372
2022003,399
2022004,404
2022412,466
2022529,403.35
2022808,417
2022956,465
2023035,388
2023072,553
2023076,427.45
2023213,419
2023256,389
2023295,386
2023323,469
2023416,546
2023417,460
2100014,176
2100015,176
2100139,410
2100166,190
2100236,555.6(5)
2100267,220
2100268,220
2100269,220
2100285,176
2100286,176
2100311,190
2100340,314.2
2100341,314.2
2100342,314.4
2100343,318.6
2100344,301.0(10)
2100345,215
2100346,215
2100347,215
2100385,384
2100386,384
2100387,384
2100390,346
2100391,346
2100392,346
2100431,319.15
2100432,394.15
2100433,429.15
2100459,241
2100479,406(3)
2100480,406(3)
2100481,420.15
2100482,420.15
2100520,463
2100521,463
2100522,463
2100562,245
2100609,0
2100610,0
2100662,259
2100663,259
2100664,284.29
2100665,284.29
2100666,284.29
2100667,284.29
2100668,284.29
2100669,284.29
2100670,284.29
2100671,284.29
2100672,284.29
2100673,284.29
2100676,221
2100677,279
2100678,279
2100691,305.5
2100692,312
2100693,311
2100694,318
2100695,311.5
2100696,315
2100697,308
2100698,308.5
2100700,305
2100707,60.0(10)
2100708,60.0(10)
2100709,60.0(10)
2100710,60.0(10)
2100711,60.0(10)
2100712,60.0(10)
2100713,60.0(10)
2100718,392
2101266,461.0
2101267,399.7
2101268,399.7
2101269,513.0
2101270,513.0
2101271,461.0
2101272,539.8
2101273,539.8
2101274,425.0
2101275,425.0
2101376,464.6(5)
2101531,513.6(15)
2101532,417.1(10)
2101533,364.1(10)
2101534,555.1(10)
2101553,346.1(5)
2101554,360.9(8)
2101555,445.9(8)
2101614,370
2101615,370
2101650,see text
2101706,361.8
2101707,394.2
2101708,425.8
2101845,1533
2101846,1923
2101875,375.0(10)
2101876,497
2101877,497
2101887,341
2101888,341
2101889,341
2101890,328.1
2101891,328.1
2101892,325
2101893,325
2101894,325
2101895,325
2101904,365.8
2101905,350.3
2101942,194
2101943,194
2101944,194
2101951,542
2101952,441.15
2101953,453.15
2102013,171.5(5)
2102014,171.5(5)
2102015,171.5(5)
2102016,171.5(5)
2102075,161.0(10)
2102076,201.0(10)
2102077,245.0(10)
2102078,236.5(15)
2102079,228.5(15)
2102093,42
2102094,242
2102095,242
2102132,444.0(10)
2102133,476.0(10)
2102134,472.0(10)
2102168,479
2102169,479
2102175,132.5(5)
2102176,205.5(5)
2102177,205.5(5)
2102178,95.5(5)
2102179,72.5(5)
2102180,72.5(5)
2102181,97
2102182,157
2102198,311
2102199,334
2102222,483
2102538,322.0(10)
2102541,407.6(5)
2102564,373
2102565,446
2102584,323.05
2102585,323.05
2102586,462.85
2102587,462.85
2102588,408.85
2102589,408.85
2102590,403.95
2102591,403.95
2102592,394.95
2102593,394.95
2102594,334.45
2102595,334.45
2102596,363.35
2102597,363.35
2102598,362.85
2102599,362.85
2102600,362.85
2102601,394.25
2102602,394.25
2102603,394.25
2102604,362.55
2102605,362.55
2102606,362.55
2102607,362.55
2102608,362.55
2102609,362.55
2102610,362.55
2102611,362.55
2102612,362.55
2102613,362.55
2102644,659
2102676,198
2102677,198
2102678,198
2102736,256.4
2102737,248.3
2102777,0
2102778,0
2102779,0
2102780,0
2102781,0
2102808,429.15
2102825,.2E-227
2102826,.158E-217
2102827,.53E-54
2102828,.72E-72
2102829,.78E-78
2102830,.79E-80
2102831,.129E-128
2102832,.144E-143
2102851,.413E-305
2102852,.37E-305
2102853,425
2102854,425
2102855,425
2102856,.37E-305
2102857,.376E-305
2102858,.376E-305
2102859,.376E-305
2102860,.376E-305
2102861,.38E-305
2102862,.38E-305
2102959,283
2102960,283
2102961,283
2102962,283
2102964,185
2102965,185
2102966,185
2102967,185
2103117,396.15
2103118,396.15
2103241,315.1(10)
2103242,315.1(10)
2103246,365.55K for guest release onset temp. and 463.15K for host melting
2103247,363.65K for guest release onset temp. and 463.15K for host melting 
2103249,361.15K for guest release onset temp. and 463.15K fro host melting
2103250,412.95K fro guest release onset temp. and 463.15K for host melting
2103251,346.55K fro guest release onset temp. and 463.15K for host melting
2103252,"359.35K, 392.75K and 403.35K for guests release onset temp. and 463.15K for host melting"
2103253,463.15K for host melting 
2103254,397.35K for guest release onset temp. and 463.15K for host melting
2103302,42.5(5)
2103303,42.5(5)
2103469,529
2103470,529
2103471,529
2103487,371
2103495,398.9(6)
2103496,346.6(4)
2103641,150
2103694,513.15
2103695,513.15
2103696,513.15
2103697,513.15
2103698,413.15
2103699,513.15
2103700,413.15
2103727, 160_C(dec) in air;  248_C under Ar.
2103728, 160_C(dec) in air;  248_C under Ar.
2103827,403
2103854,359
2103855,388
2103857,higher than 1523 K
2103886,375
2103887,375
2103888,375
2103889,375
2103890,375
2103891,375
2103892,375
2103893,375
2103894,375
2103895,375
2103896,375
2103897,375
2103898,375
2103899,375
2103900,375
2103901,375
2103902,375
2103903,381
2103904,381
2103905,381
2103919,1124.15
2103920,1124.15
2103922,143.0(10)
2103961,94.0(10)
2103998,395.1(10)
2103999,395.1(10)
2104000,395.1(10)
2104001,395.1(10)
2104002,395.1(10)
2104003,395.1(10)
2104004,395.1(10)
2104005,395.1(10)
2104006,395.1(10)
2104007,395.1(10)
2104057,336
2104058,329
2104059,340.5
2104060,336
2104061,342
2104062,339
2104063,320
2104064,327
2104065,342
2104066,316
2104067,327
2104068,341
2104069,319
2104070,332
2104071,337
2104081,473
2104113,320
2104114,285
2104116,290
2104155,108
2104156,123
2104172,484.0(10)
2104174,.283E-282
2104175,.283E-282
2104176,.283E-282
2104217,2[SC(NH2)2] [C5H6N]+ [I]-
2104221,298
2104222,298
2104247,302.5(5)
2104248,302.5(5)
2104249,313.5(15)
2104250,364
2104251,360
2104252,377
2104253,361
2104254,361
2104259,287.5
2104260,285.5
2104261,290.5
2104289,0
2104290,0
2104353,433
2104354,421(2)
2104355,431
2104356,483
2104532,287.5(5)
2104543,121.0(10)
2104547,171.0(10)
2104558,174
2104590,122.5(5)
2104619,148
2104620,463
2104623,Kinetic phase transition
2104624,401
2104625,Kinetic phase transition
2104626,Kinetic phase transition
2104627,Kinetic phase transition
2104628,Kinetic phase transition
2104630,324
2104631,339
2104632,349
2104682,406
2104690,174
2104779,411
2104780,411
2104800,325.5(5)
2104801,382.8(8)
2104802,385.0(5)
2104803,384.0(5)
2104804,481.0(10)
2104805,449.5(5)
2104908,phase transition
2104909,phase transition
2105074,461
2105075,460
2105076,408
2105077,421
2105078,423
2105079,424
2105080,363
2105082,393
2105083,350
2105084,358
2105093,501
2105094,501
2105095,501
2105096,501
2105097,501
2105098,501
2105099,501
2105100,501
2105101,501
2105102,501
2105103,501
2105318,476
2105319,490
2105320,phase transition
2105321,phase transition
2105322,phase transition
2105323,phase transition
2105324,phase transition
2105325,phase transition
2105465,363
2105466,363
2105528,442
2105533,446
2105534,517
2105535,446.0(10)
2105536,418.5(5)
2105537,446.7(7)
2105538,422.0(10)
2105540,184
2105541,114
2105542,125
2105560,558.0(10)
2105561,558.0(10)
2105562,558.0(10)
2105563,558.0(10)
2105564,558.0(10)
2105574,418.05
2105677,483.7
2105678,478.5
2105679,530.2
2105706,245
2105707,245
2105708,406(3)
2105709,406(3)
2105710,420.15
2105711,420.15
2105713,315.1(10)
2105714,315.1(10)
2105731,364
2105732,363
2105733,348
2105753,530.8
2105754,446.6
2105755,508.1
2105756,448.9
2105807,442
2105808,415
2105809,406
2105858,266
2105859,266
2105860,266
2105861,278
2105862,278
2105863,278
2105865,338
2105866,338
2105867,338
2105868,338
2105869,338
2105989,273
2105990,273
2107464,446(2)
2107465,446(2)
2107466,446(2)
2107467,446(2)
2107538,1323
2107539,1323
2107540,1323
2108030,451
2108031,453
2108032,363
2108033,413
2108034,415
2108036,441
2108037,505
2108158,315.5
2108159,315.5
2108160,315.5
2108161,315.5
2108162,315.5
2108163,315.5
2108164,315.5
2108165,315.5
2108166,315.5
2108167,315.5
2108168,315.5
2108169,315.5
2108170,315.5
2108171,315.5
2108172,315.5
2108173,315.5
2108174,315.5
2108175,315.5
2108176,315.5
2108177,315.5
2108178,315.5
2108179,315.5
2108180,315.5
2108181,315.5
2108182,315.5
2108183,315.5
2108184,315.5
2108185,315.5
2108186,315.5
2108288,320.7
2108289,320.7
2108290,327.7
2108291,327.7
2108382,477
2108400,744
2108401,741
2108568,423.42
2108650,198
2108651,211
2108680,455.6
2108681,455.6
2108907,393
2108963,484.8
2108964,484.8
2108965,496.0(10)
2108966,478.5(5)
2200003,295
2200017,440
2200022,330.8(8)
2200027,236
2200028,354.9(3)
2200029,376.0(10)
2200031,? K
2200032,430.5(5)
2200044,359.0(5)
2200046,452.15
2200047,189.5(5)
2200060,379.1(10)
2200071,491(2)
2200079,480.0(10)
2200080,433.0(10)
2200081,330.0(10)
2200082,485.5(15)
2200087,decomposes before melting
2200094,407.0(10)
2200095,383.0(10)
2200096,446.0(10)
2200098,127
2200102,357.0(10)
2200106,387.0(10)
2200116,361.0(10)
2200122,107.5(5)
2200131,470
2200132,169.0(10)
2200133,343
2200144,413.2(3)
2200149,394(7)
2200173,587
2200174,570
2200175,502
2200176,602
2200180,480
2200182,502
2200183,590
2200188,448.7
2200200,68.5(5)
2200205,399
2200211,182
2200234,268
2200236,437
2200252,460.5(5)
2200262,344
2200263,225(5)
2200266,433.1(4)
2200271,143.5(5)
2200281,481
2200289,381
2200295,304.4
2200299,387.5(5)
2200302,382.15
2200317,176
2200326,448.6
2200327,430
2200336,393
2200339,361.5(5)
2200340,194
2200341,366.2(3)
2200344,494.0(10)
2200358,501.6(5)
2200398,decomposes before melting
2200411,429.15
2200415,580.0(10)
2200433,504
2200434,477
2200447,465.0(10)
2200450,478
2200451,433
2200460,45
2200463,187.0(10)
2200473,352
2200478,430.2(3)
2200514,419.5(5)
2200515,361.0(10)
2200519,418.0(10)
2200526,405.0(10)
2200530,125.5(15)
2200537,434.5(5)
2200538,469(2)
2200543,310.5(5)
2200544,330.0(10)
2200554,473.0(10)
2200562,835.1(10)
2200569,539.0(10)
2200578,514(3)
2200580, crystals change color to orange  at ca 353 K and decompose to a black liquid at 497-501 K
2200598,254.9
2200599,206.3
2200601,166.5(15)
2200609,517
2200614,521
2200617,278
2200618,371
2200622,454
2200624,230
2200629,50
2200630,242
2200631,485
2200641,425
2200645,472.5(15)
2200646,180
2200648,221.0(10)
2200652,361
2200661,443.1(10)
2200662,447.1(10)
2200682,230
2200694,383
2200702,267
2200704,30
2200706,440.2(3)
2200717,570.0(10)
2200721,380.65
2200723,156
2200727,242.5
2200728,378.15
2200737,181.0(10)
2200740,313
2200744,456.5(5)
2200753,454.5(5)
2200754,447.0(10)
2200758,201.0(10)
2200761,380
2200766,347.1(10)
2200768,257.5(5)
2200789,459.0(10)
2200796,452
2200800,466.0(10)
2200801,384
2200803,487
2200807,328
2200813,1750
2200820,41
2200832,321.15
2200844,264
2200850,384.0(10)
2200851,165.0(10)
2200853,243
2200862,261
2200863,258
2200864,250
2200867,203.5(5)
2200877,406
2200881,415
2200892,451.5(5)
2200894,427.0(10)
2200904,490.5(5)
2200906,88.5(5)
2200907,130.5(5)
2200915,363.0(10)
2200919,397
2200920,343
2200921,524
2200925,417-419K with decomposition
2200931,538
2200933,424
2200951,343(2)
2200953,382.0(10)
2200972,404.0(10)
2200974,131.0(10)
2200977,387.0(10)
2200998,403.0(10)
2201004,356
2201006,376.5(5)
2201019,183
2201031,534.45(10)
2201034,427.5(5)
2201039,213
2201048,365.5(5)
2201049,354
2201058,472.1(10)
2201065,491
2201066,384.0(10)
2201069,308.6(15)
2201071,505.0(10)
2201072,357.5(5)
2201077,470
2201078,418
2201082,157.0(10)
2201085,462.0(10)
2201096,83.5(5)
2201097,439
2201099,390.6(5)
2201100,381.6(5)
2201102,69.5(15)
2201105,411
2201106,363
2201110,450.0(10)
2201115,340.0(10)
2201121,323
2201126,490.5(5)
2201131,decomposes before melting
2201132,decomposes before melting
2201134,491
2201136,514
2201154,472.0(10)
2201156,521
2201157,372.5
2201158,382.5(5)
2201167,382.0(10)
2201168,445.1(10)
2201176,450
2201177,383
2201181,350
2201183,331.8(3)
2201185,378.5(15)
2201193,484.1(10)
2201206,437.5(5)
2201209,408.0(10)
2201210,397
2201211,333
2201218,348
2201227,302
2201240,504.0(10)
2201249,248
2201278,471
2201298,decomposition at about 200\%C
2201302,decomposes at about 250\%C
2201308,353
2201324,408
2201329,265
2201332,458
2201333,358.0(10)
2201339,434.15
2201343,451.0(10)
2201344,160
2201348,445.5(5)
2201354,.203E-202
2201359,403.15
2201360,.239E-237
2201370,492(5)
2201376,412.0(10)
2201377,344.0(10)
2201385,222
2201391,494.5(9)
2201392,380.0(12)
2201414,350.0(10)
2201421,428
2201426,385
2201445,340.0(10)
2201450,430.0(10)
2201451,416.0(10)
2201466,465.0(10)
2201467,423.6(5)
2201470,433.6(5)
2201471,185--185\%C
2201489,499
2201511,432.0(10)
2201513,decomposes before melting
2201528,398
2201534,445
2201546,465.5
2201563,464
2201564,258
2201565,169.5(5)
2201568,428
2201569,492
2201590,480
2201593,373
2201598,391.0(10)
2201602,486.70
2201606,493.5(15)
2201608,160.1
2201613,.346E-305
2201614,310.5(5)
2201618,.329E-305
2201623,.462E-305
2201627,300
2201631,474.0(10)
2201645,359.0(10)
2201646,166.5(15)
2201647,377.2(18)
2201656,174
2201669,435
2201673,446.0(10)
2201674,.468E-305
2201675,494.0(10)
2201682,483
2201693,decomposition at about 188\%C
2201694,410.0(5)
2201700,.451E-305
2201701,51.0(10)
2201715,270
2201718,410.0(10)
2201719,262
2201721,465-471\%K (decomposed)
2201722,371
2201732,208.0(10)
2201743,453.0(10)
2201744,352.5(5)
2201748,"160 \%C soften, 176 \%C melt"
2201750,155
2201760,decomposes before melting
2201774,433
2201801,377
2201803,360
2201829,120.5(5)
2201832,.99E-98
2201834,335.15
2201838,.392E-305
2201841,123
2201843,382.5(10)
2201849,.498E-305
2201850,335.5(5)
2201856,414
2201868,460.0(10)
2201870,396.0(10)
2201871,484.0(10)
2201883,413.5(5)
2201888,429.0(10)
2201889,344.5(5)
2201890,463.5(5)
2201891,486.0(10)
2201896,351.0(10)
2201897,429.0(10)
2201898,512.0(10)
2201900,383
2201914,198
2201919,532.1(10)
2201924,503
2201925,458
2201935,391
2201936,433.0(10)
2201939,118.5(5)
2201940,.535E-305
2201943,466.0(10)
2201949,449
2201952,93
2201953,211.5
2201956,210
2201958,210
2201964,134
2201967,403
2201969,172
2201973,113
2201991,454
2201994,80.5(5)
2201998,.11E-109
2202001,above 538K
2202005,457
2202009,158.5(5)
2202013,melting point as described
2202018,145
2202021,120.0(10)
2202034,.361E-305
2202044,381
2202045,388
2202049,459
2202053,462.0(10)
2202055,418
2202058,434
2202063,382
2202080,450
2202089,415
2202096,.385E-305
2202107,.398E-305
2202110,decomposes above 473 K
2202112,467.8(8)
2202120,447.5(5)
2202133,444
2202134,322.9(4)
2202138,.72E-71
2202149,388.4(4)
2202150,411.0(4)
2202151,72.5(5)
2202156,105
2202158,.387E-305
2202185,463.5(5)
2202194,504(2)
2202207,439
2202220,459.6(5)
2202223,384
2202227,.535E-305
2202247,243
2202253,480
2202262,dec 522-527 K
2202263,482.0(10)
2202265,446
2202275,405
2202280,441
2202281,398
2202283,.527E-305
2202336,.173E-171
2202422,346.5(5)
2202434,435
2202439,436.0(10)
2202447,212
2202458,198.0(10)
2202463,367.5(5)
2202464,108
2202468,334.0(10)
2202469,363.5(5)
2202473,.415E-305
2202476,465.0(10)
2202477,533.0(10)
2202484,474.5(5)
2202485,386
2202493,492.0(10)
2202494,430.0(10)
2202495,433.0(10)
2202496,378.0(10)
2202497,359.0(10)
2202502,421
2202510,445.5(15)
2202517,480(3)
2202518,387.5(5)
2202519,377-376 K
2202520,471
2202521,.383E-305
2202523,407.5(5)
2202524,492.0(10)
2202525,311
2202528,431.0(10)
2202529,533.5(5)
2202531,483
2202545,.146E-146
2202550,458
2202554,473
2202555,465
2202556,401
2202565,428
2202573,397
2202584,.521E-305
2202589,.48E-305
2202598,436.1(10)
2202600,350
2202612,600
2202614,370
2202632,453
2202634,453.0(10)
2202635,74.0(10)
2202639,212
2202648,474.0(10)
2202662,517
2202665,403
2202672,.3745E-305
2202679,284
2202693,353.8(8)
2202695,.371E-305
2202696,.482E-305
2202698,.363E-305
2202713,410.4(3)
2202715,.495E-305
2202719,.468E-305
2202725,467.0(10)
2202726,512.5(5)
2202727,.443E-305
2202742,.415E-305
2202743,.454E-305
2202745,.395E-305
2202746,.42E-305
2202747,568
2202750,152
2202759,365
2202760,330
2202773,343.5(5)
2202774,374.0(10)
2202782,358.0(10)
2202786,393.5(5)
2202790,547.0(10)
2202791,457
2202793,480
2202794,.457E-305
2202795,364.0(10)
2202796,374.5(5)
2202797,398.0(10)
2202800,456.5(5)
2202801,441.5(5)
2202802,.502E-305
2202804,449.0(10)
2202805,433.5(5)
2202815,340.7(5)
2202821,.472E-305
2202823,452.5(5)
2202824,512
2202827,528.5(5)
2202829,444.0(10)
2202849,517
2202850,516
2202851,.24E-238
2202856,481
2202863,.543E-305
2202874,477
2202878,.276E-276
2202879,.356E-305
2202880,.524E-305
2202893,387
2202917,476.5(5)
2202927,427.0(10)
2202953,453
2202962,146-147 ^o^C
2202963,428.5(15)
2202965,533
2202966,391
2202975,.357E-305
2202980,465
2202982,.388E-305
2202986,517.0(10)
2202988,.427E-305
2202989,520.0(10)
2202991,517.0(10)
2202996,443(2)
2202998,.528E-305
2203003,.42E-305
2203004,483.5(5)
2203006,318
2203007,392
2203008,478.5(15)
2203023,330
2203027,442
2203029,413
2203046,455.5(5)
2203063,.342E-305
2203064,314.6(5)
2203070,.366E-305
2203072,.379E-305
2203092,.513E-305
2203097,438
2203102,475
2203104,394.0(10)
2203105,510
2203106,.397E-305
2203113,139.5(15)
2203125,458
2203132,324
2203133,514
2203154,344
2203160,372
2203161,388
2203163,518
2203168,537.5(5)
2203176,363
2203178,118
2203184,412
2203186,280
2203198,329.5(5)
2203199,328.5(5)
2203207,388.5(5)
2203213,413
2203214,215
2203216,497.0(10)
2203217,369.0(10)
2203228,466
2203232,.349E-305
2203241,564.0(10)
2203244,363
2203249,340
2203256,402.15
2203257,368
2203294,424.5(5)
2203297,504.8(15)
2203298,.241E-239
2203306,147
2203324,397
2203327,164
2203328,114
2203332,458.5(5)
2203334,542.5(5)
2203338,.182E-180
2203344,96
2203349,190
2203350,463
2203365,362
2203368,394.5(5)
2203383,379 (lit. 379)
2203408,474
2203409,443
2203413,343.5(5)
2203416,110.2(3)
2203418,453
2203422,431
2203425,456
2203428,200.5
2203431,396.5(5)
2203447,404
2203461,394.6(5)
2203462,481(3)
2203483,295(2)
2203484,368
2203485,.359E-305
2203486,.393E-305
2203493,454
2203500,91(1)
2203511,239
2203513,446
2203515,774.0
2203522,393.0(10)
2203523,409
2203527,425
2203530,182.8
2203572,441.25
2203575,403
2203585,420.5(5)
2203592,377
2203598,517
2203600,418.0(10)
2203614,493
2203621,403.5(5)
2203626,424.0(10)
2203630,.359E-305
2203638,410.32
2203641,.31E-305
2203642,427
2203643,383
2203651,396.5(5)
2203664,430
2203671,280
2203672,.397E-305
2203675,.356E-305
2203683,.208E-207
2203688,555
2203698,437.5(5)
2203715,502.1--503.3
2203725,465--466 K
2203727,405
2203734,388.5(5)
2203739,458
2203740,372
2203741,489
2203752,573
2203770,493
2203773,.451E-305
2203774,.245E-247
2203781,593
2203794,466
2203797,358.0(10)
2203806,418
2203817,534
2203818,.362E-305
2203830,179
2203832,.414E-305
2203841,363.5(5)
2203848,377
2203849,.122E-121
2203861,423.2(18)
2203864,588
2203870,.547E-305
2203877,423
2203878,499
2203880,311.5(5)
2203894,530
2203903,531
2203904,455.2(10)
2203905,387.7(5)
2203915,355.8
2203917,364.5(15)
2203918,474.5(15)
2203920,192
2203923,354.0(10)
2203929,454
2203930,498
2203937,436
2203942,493.0(10)
2203951,250
2203964,355
2203966,477
2203997,512
2204010,397
2204025,100(2)
2204035,355.0(10)
2204038,414.2(10)
2204040,.534E-305
2204042,403
2204047,158
2204049,400.0(10)
2204053,.437E-305
2204058,380.0(10)
2204063,584
2204069,308
2204074,.491E-305
2204075,434.0(10)
2204076,487.5(5)
2204092,389
2204098,399
2204101,345
2204105,281.88
2204112,469
2204113,472.65
2204156,.115E-113
2204172,455
2204177,531.5
2204182,433
2204183,429
2204201,426
2204208,234
2204215,536.0(10)
2204216,180
2204219,183
2204224,170
2204228,487.9(7)
2204245,.362E-305
2204247,.376E-305
2204248,394.0(10)
2204251,.452E-305
2204257,409
2204287,.367E-305
2204292,522.5(5)
2204295,172
2204315,518
2204334,236
2204350,463.0(10)
2204355,549.0(10)
2204361,390.0(10)
2204364,464.0(10)
2204368,.376E-305
2204371,351
2204373,506.5(5)
2204380,458.2(3)
2204381,411
2204382,541.5(5)
2204383,540
2204386, [Ag (C27 H26 P2)2] [Sn (C6 H5)3 (C2 F3 O4)2]0.5 [Sn (C6 H5)2 (C5 H9) (C2 F3 O4)2]0.5
2204389,243
2204390,224
2204408,468
2204409,464.5(5)
2204411,352
2204413,.428E-305
2204416,402
2204423,407
2204425,332
2204428,417.5
2204432,563
2204433,442
2204440,.524E-305
2204476,449
2204487,465
2204488,107
2204491,373
2204495,419
2204516,434.4(6)
2204528,376
2204529,368
2204537,.493E-305
2204544,443.0(10)
2204546,548
2204549,155.5(5)
2204552,537.5(5)
2204553,552.5(5)
2204554,503.5(5)
2204555,.593E-305
2204575,437
2204584,229.42
2204585,.533E-305
2204586,.389E-305
2204587,446
2204588,432.5(5)
2204589,420.65
2204599,449
2204603,330.2
2204605,463.0(10)
2204607,313.0(10)
2204627,571
2204637,547.5(5)
2204646,505.5(5)
2204647,442.5(5)
2204656,.232E-231
2204657,534
2204659,466.2(10)
2204663,374.5(5)
2204665,589
2204668,"[Ru2 Cl4 (C9 H12)2], 0.67C H2 Cl2"
2204675,484
2204682,208.2
2204686,.363E-305
2204687,412.5(15)
2204688,.403E-305
2204701,475
2204702,447
2204715,370
2204716,.408E-305
2204730,413.5(15)
2204745,377.5(5)
2204759,507.5(5)
2204760,446.0(10)
2204761,398.1(10)
2204763,502.0(10)
2204764,520.5(5)
2204781,.4505E-305
2204783,349
2204787,253.
2204795,.2E-198
2204798,501
2204799,404
2204800,403
2204806,408.0(10)
2204808,375
2204810,161
2204824,112-13\%
2204827,552.0(10)
2204829,414
2204844,432
2204861,507
2204862,.39E-305
2204868,337
2204880,[Cu2 (C N)2 (C13 H30 N4)]
2204882,372
2204886,367
2204897,.543E-305
2204905,368.5(5)
2204906,354.5(5)
2204920,351.5(5)
2204921,.36E-305
2204947,503.0(10)
2204948,490.0(10)
2204949,378
2204967,393
2204973,.505E-305
2204988,251.0(10)
2204996,164
2205005,598
2205022,397
2205025,.469E-305
2205031,.391E-305
2205058,358
2205059,465.5
2205062,476
2205077,.403E-305
2205080,.415E-305
2205083,373
2205100,.432E-305
2205109,341.5(5)
2205110,370
2205112,335
2205115,411
2205126,387.0(10)
2205141,525
2205148,376
2205150,327
2205152,402.5
2205156,462
2205166,406
2205169,282
2205177,.481E-305
2205179,.442E-305
2205187,473
2205191,361
2205200,190
2205206,459
2205209,372
2205214,227
2205215,272
2205217,528.5(12)
2205225,448.5
2205226,431
2205227,475
2205230,465
2205237,315.5(5)
2205241,.422E-305
2205249,426.0(10)
2205254,367.5(5)
2205256,396.5(5)
2205259,.442E-305
2205265,453
2205284,400.5
2205298,.456E-305
2205303,.411E-305
2205305,70
2205306,234
2205354,.447E-305
2205362,.433E-305
2205378,400(2)
2205383,471
2205395,68
2205397,.42E-305
2205399,434
2205443,553.5(5)
2205447,.372E-305
2205460,534
2205463,486.1(7)
2205465,466.0(10)
2205469,430
2205471,460
2205477,359
2205482,489.0(10)
2205484,498.5(5)
2205485,407
2205499,375
2205503,.491E-305
2205504,513
2205507,433
2205508,329.7
2205511,104
2205519,458
2205520,437
2205527,415
2205528,77
2205530,.377E-305
2205531,433
2205543,448
2205555,445.5(5)
2205564,448.5(5)
2205569,513.5(5)
2205577,.483E-305
2205578,.408E-305
2205586,452
2205587,76.5
2205588,102
2205591,.365E-305
2205597,398
2205619,.443E-305
2205628,443.2
2205639,485
2205648,426(1)
2205661,194
2205663,125
2205664,404
2205665,65
2205666,515.5(5)
2205673,365
2205675,437
2205681,.446E-305
2205694,438
2205696,460
2205707,226.5(5)
2205710,355.6
2205728,237
2205729,411
2205731,261
2205732,214
2205735,397.15
2205736,408
2205739,429
2205742,447K-449
2205747,423
2205748,548
2205749,393
2205750,348
2205755,404.1(6)
2205760,500
2205768,416.5(5)
2205775,.553E-305
2205782,236
2205789,514
2205795,525
2205806,.39E-305
2205811,.419E-305
2205813,471.5(15)
2205829,461
2205830,446
2205831,464
2205834,388
2205835,399
2205838,485.5(5)
2205840,351
2205841,525
2205843,317
2205861,397
2205879,432.7(9)
2205880,629
2205884,.36E-305
2205897,.518E-305
2205899,410.5
2205900,.463E-305
2205903,.5E-305
2205905,361
2205911,478.5(5)
2205912,576
2205930,375
2205936,346.0(10)
2205938,474(2)
2205939,373
2205964,348.5(5)
2205965,376
2205983,377
2205991,310.15
2205996,300\% not melting
2205999,.506E-305
2206002,474
2206005,349.0(10)
2206017,.401E-305
2206024,359
2206026,454
2206029,435
2206040,407
2206051,443
2206056,412
2206060,.474E-305
2206066,437
2206068,233
2206070,.47E-305
2206072,201
2206079,.411E-305
2206086,482.0(10)
2206098,.431E-305
2206099,417
2206111,431
2206122,348.5(5)
2206123,404.0(10)
2206147,98.9
2206148,99
2206155,531.5(5)
2206168,492
2206181,355.4
2206189,structure decomposes befor melting
2206200,422
2206201,293.5
2206206,464.0(10)
2206211,442.4(9)
2206212,492
2206213,171
2206222,408.5(5)
2206229,335
2206231,455
2206238,.571E-305
2206253,472.7(17)
2206254,560.0(10)
2206258,413
2206264,455
2206282,484
2206284,458
2206288,185
2206289,.421E-305
2206290,420.0(10)
2206291,.392E-305
2206296,412.7(4)
2206301,505.5(5)
2206314,.491E-305
2206322,528
2206327,489
2206328,387
2206332,.405E-305
2206336,398
2206340,406
2206341,429.0
2206343,402.5(5)
2206350,576
2206359,487.6(12)
2206372,366.5(5)
2206373,41
2206390,.513E-305
2206396,471.0(10)
2206405,373
2206410,186
2206417,250
2206425,464
2206426,481
2206446,452
2206452,499
2206457,.518E-305
2206461,51
2206464,454
2206468,418.1(9)
2206475,361.0(10)
2206476,446
2206477,442
2206480,.414E-305
2206481,161
2206483,422.0(10)
2206486,220
2206489,508
2206490,380.0(10)
2206513,455.2
2206517,407
2206518,346
2206530,482
2206536,322
2206539,462.5(5)
2206544,448
2206546,120
2206555,382
2206582,469
2206583,391.5(5)
2206584,461
2206587,375
2206591,414
2206599,412.5(5)
2206601,472
2206607,356
2206618,439
2206632,327
2206648,368.5(5)
2206651,447
2206657,489
2206658,.502E-305
2206662,539.5(5)
2206664,.571E-305
2206666,.419E-305
2206667,151.5(5)
2206669,360.0(10)
2206670,72
2206671,434
2206672,449
2206676,421
2206684,.393E-305
2206687,372
2206688,.363E-305
2206713,387.0(10)
2206715,568
2206724,380
2206726,.433E-305
2206734,.423E-305
2206763,512
2206783,98
2206785,510
2206790,181
2206799,.428E-305
2206802,343
2206811,.482E-305
2206812,450.0(10)
2206814,419.0(10)
2206820,162
2206835,500.0
2206844,454.0(10)
2206845,504
2206848,390.0(10)
2206850,382.5(5)
2206858,388
2206883,541
2206890,550
2206903,460.2
2206906,87.0(10)
2206907,90.0(10)
2206913,442.5(5)
2206914,549.5(15)
2206920,398.0(10)
2206931,.538E-305
2206937,415
2206938,473.0(10)
2206945,480
2206948,383
2206949,375
2206950,.436E-305
2206962,417
2206972,505
2206976,348
2206977,316
2206985,438
2206989,446.5
2207003,603.6(5)
2207023,.377E-305
2207030,333
2207037,.453E-305
2207038,387.0(10)
2207039,514.0(10)
2207045,533
2207055,150
2207062,354
2207070,321
2207079,431.0(10)
2207088,527.0(10)
2207092,.431E-305
2207093,.469E-305
2207095,409
2207096,359.0(10)
2207116,451.0(10)
2207119,407
2207130,408.7
2207166,404
2207169,390.41
2207173,418
2207175,200
2207179,.395E-305
2207183,563.5(5)
2207184,546.0(10)
2207186,.442E-305
2207188,.476E-305
2207190,.447E-305
2207192,.425E-305
2207194,.488E-305
2207197,.417E-305
2207199,463
2207209,399
2207213,463
2207216,.448E-305
2207232,431
2207248,477
2207254,457
2207256,160
2207258,399.4(5)
2207266,545
2207270,376
2207274,421.2
2207283,374.5(5)
2207286,475.0(10)
2207290,496
2207291,277
2207292,420
2207301,318
2207309,230
2207310,346
2207316,448.5(5)
2207317,.415E-305
2207318,.371E-305
2207321,356
2207330,133
2207334,425
2207338,506.0
2207357,157
2207358,425.2
2207364,374
2207368,.535E-305
2207386,341
2207390,164
2207393,410.0(10)
2207411,378
2207418,501.5(5)
2207419,442
2207425,420
2207426,470.2
2207427,424.5(5)
2207428,441.5(5)
2207429,368
2207438,484.5(5)
2207439,397.5(15)
2207440,490.0(10)
2207442,457.5(5)
2207444,451
2207446,518
2207463,368
2207474,550.5(5)
2207477,438.5(5)
2207481,490
2207500,490.0(10)
2207506,.395E-305
2207508,.447E-305
2207512,408
2207519,501
2207522,400
2207531,430
2207532,430
2207535,343
2207552,388
2207556,.354E-305
2207557,521
2207562,466
2207564,454
2207573,392.6(7)
2207576,423
2207579,412
2207582,434.0(10)
2207583,358
2207590,374.0(10)
2207598,.369E-305
2207605,373
2207607,.431E-305
2207610,84
2207615,170(4)
2207619,144.0(10)
2207636,.393E-305
2207637,494
2207653,160.0(10)
2207658,335
2207668,.342E-305
2207675,316
2207688,363
2207691,405.5(5)
2207698,457.0(10)
2207701,502
2207720,467.2
2207722,488
2207723,452
2207724,187.1(18)
2207726,358.5(5)
2207728,448.2
2207743,441
2207748,573
2207753,523
2207756,.445E-305
2207760,518
2207776,409
2207781,308
2207785,"479 K (soften), 491 K (melt)"
2207794,.43E-305
2207810,364.8(8)
2207812,411.5
2207821,462
2207824,.436E-305
2207826,122
2207829,394.1(3)
2207833,417
2207834,355
2207855,446
2207856,377.0(10)
2207857,409
2207858,361
2207864,448
2207866,480
2207869,492
2207878,370
2207879,511
2207880,398
2207881,511
2207882,393.1(7)
2207887,.449E-305
2207891,420
2207897,441(2)
2207902,343
2207904,460
2207927,.456E-305
2207928,395.1(6)
2207935,411
2207936,426(2)
2207937,458.5
2207938,390
2207939,443.0(10)
2207942,.497E-305
2207943,.45E-305
2207949,488.0(10)
2207968,383.0(10)
2207969,.386E-305
2207970,400.5(5)
2207983,.118E-117
2207985,192.8(3)
2207990,423.2
2207992,.386E-305
2207995,.513E-305
2207996,420
2208000,422(3)
2208003,489
2208004,483
2208005,280
2208010,464(3)
2208011,546.0(10)
2208013,.419E-305
2208015,428
2208021,125
2208022,356(1)
2208023,553
2208026,433
2208027,477.0(10)
2208030,500
2208034,405
2208046,456
2208057,90
2208058,236.217
2208065,184.994
2208066,499
2208080,363.0(10)
2208081,315.0(10)
2208088,361
2208091,448.6(4)
2208094,457
2208102,498.9(3)
2208103,528
2208104,453.4(12)
2208105,407
2208106,52
2208115,464(3)
2208123,.408E-305
2208146,363
2208159,396
2208168,.418E-305
2208181,.25E-248
2208198,413.5(5)
2208199,561.5(5)
2208203,446.0(10)
2208205,413.0(10)
2208213,343
2208217,410.0(10)
2208221,164 \% with decomposition
2208226,425
2208227,437
2208229,563
2208238,447.5
2208241,.144E-143
2208242,468
2208244,.51E-305
2208250,403
2208252,.465E-305
2208253,.386E-305
2208267,383.0(10)
2208275,.429E-305
2208283,468
2208292,.526E-305
2208295,500.6
2208296,358
2208299,526.0(10)
2208301,562.0(10)
2208304,.524E-305
2208311,372
2208317,502.0(10)
2208338,.453E-305
2208378,399
2208380,196
2208390,.505E-305
2208400,456.0(10)
2208402,.556E-305
2208405,495
2208408,170
2208418,393
2208424,472
2208426,362
2208427,406
2208436,391.0(10)
2208438,322.0(10)
2208453,240
2208458,.483E-305
2208459,377
2208464,198
2208474,.43E-42
2208476,412
2208477,468.5(5)
2208485,390
2208496,299.5(5)
2208498,417.0(10)
2208506,573
2208507,441
2208512,113.0(10)
2208513,127
2208515,419
2208519,530.0(10)
2208529,566
2208539,425
2208541,130.8
2208549,418
2208551,.455E-305
2208554,573
2208558,113.0(10)
2208565,127
2208584,427
2208585,82
2208586,120
2208592,362
2208595,456.1(15)
2208608,202
2208610,439
2208623,590.15(2)
2208634,485
2208635,549
2208638,382.2
2208641,.457E-305
2208643,4E2(4)
2208644,.227E-225
2208649,.445E-305
2208652,458
2208674,4E2(4)
2208676,459.4
2208682,445.6(5)
2208692,412
2208717,72
2208718,452
2208725,.338E-305
2208738,383
2208754,451
2208758,.393E-305
2208765,.488E-305
2208769,476
2208773,401
2208787,343
2208788,395
2208789,428.5(5)
2208795,.415E-305
2208802,304.6(10)
2208814,473
2208815,.419E-305
2208819,527.5
2208821,294
2208826,.535E-305
2208832,419.0(10)
2208846,447.5(5)
2208847,353
2208852,.429E-305
2208861,464
2208875,370
2208877,407
2208880,410
2208882,513
2208897,180
2208899,441.2
2208901,519
2208909,472.2
2208920,502
2208921,463
2208922,.15E-150
2208940,349
2208967,.453E-305
2208974,.268E-266
2208990,465
2208995,397
2209001,429.0(10)
2209008,.454E-305
2209014,210
2209035,402.5
2209037,474
2209041,.472E-305
2209045,494
2209048,441
2209062,389(1)
2209074,498
2209079,473
2209080,472.0(10)
2209089,108
2209090,396
2209091,387.7
2209100,376
2209113,352
2209120,162
2209121,.37E-305
2209123,184
2209125,.438E-305
2209129,374.2
2209136,437
2209144,.462E-305
2209160,139
2209161,406
2209164,.329E-305
2209165,398
2209178,503
2209189,564
2209210,481.0(10)
2209218,407
2209222,463
2209238,390
2209239,424
2209242,512
2209244,458
2209249,230
2209253,415
2209255,533
2209265,488
2209271,.377E-305
2209282,471
2209283,.463E-305
2209286,415
2209300,481
2209303,479
2209306,481
2209307,439.0(10)
2209313,446
2209330,378
2209331,433
2209334,453
2209343,387.2
2209354,456
2209359,.145E-144
2209365,528
2209370,.461E-305
2209374,341
2209388,391.5(5)
2209392,433
2209396,456
2209405,.515E-305
2209406,319
2209408,358
2209416,456
2209420,342
2209425,446
2209436,395.0(10)
2209438,323.45
2209441,470.5(5)
2209442,479
2209446,439
2209462,484
2209481,516
2209489,.507E-305
2209492,380
2209497,527
2209505,511
2209507,440
2209515,389.3
2209523,438
2209530,374
2209542,327.15
2209544,460.15(2)
2209545,386(2)
2209552,389(2)
2209567,474
2209570,216
2209576,.424E-305
2209586,416
2209592,366
2209594,464
2209604,.463E-305
2209605,.42E-305
2209613,473
2209617,417
2209620,430.4
2209629,362
2209630,385
2209632,328
2209634,385.5(10)
2209635,420
2209638,165.0(10)
2209642,.126E-125
2209644,371
2209645,502.3
2209652,325
2209657,.452E-305
2209662,.539E-305
2209673,428
2209678,418
2209690,157
2209691,387
2209728,418.2
2209732,120.0
2209736,492.2
2209737,389.2
2209741,433.2
2209743,490.5(12)
2209745,508
2209747,.452E-305
2209752,.403E-305
2209754,395
2209756,527.0(10)
2209761,.479E-305
2209764,398
2209777,350.0
2209778,493
2209780,459(2)
2209786,394
2209807,.425E-305
2209815,436
2209816,420
2209833,325.3(4)
2209835,432
2209840,511
2209844,464
2209845,632
2209852,547
2209856,418.0(5)
2209863,466.5(3)
2209864,422
2209877,413.0(10)
2209883,401
2209891,503.18
2209896,448.0(10)
2209902,469
2209906,471.5(15)
2209911,457
2209912,315
2209913,468
2209914,.421E-305
2209917,106
2209923,357
2209926,438
2209928,.411E-305
2209939,486
2209942,.387E-305
2209946,78
2209952,362
2209953,438
2209957,514.0(10)
2209958,.454E-305
2209967,.405E-305
2209974,473
2209986,453
2209987,453
2209992,416
2209993,616
2209997,72
2209998,346
2210004,72
2210013,216
2210017,155(1)
2210023,.431E-305
2210029,408.5(5)
2210031,431.5
2210034,433.0(10)
2210035,365.0(10)
2210041,473.5(5)
2210052,441
2210053,534
2210067,416
2210071,423
2210076,.375E-305
2210078,.3935E-305
2210104,384.1(10)
2210106,.438E-305
2210111,426
2210120,491(2)
2210121,351
2210123,.332E-305
2210128,345
2210141,438
2210143,147
2210162,.508E-305
2210167,392.0(10)
2210172,573
2210180,383
2210184,446
2210210,396.9(4)
2210215,.459E-305
2210216,424
2210219,359
2210226,565
2210230,.473E-305
2210232,573
2210234,168
2210248,349.65
2210250,415.5(5)
2210256,472.2
2210264,428
2210276,.452E-305
2210283,438.73
2210288,442.0(10)
2210290,498.33
2210303,376.6
2210307,499
2210326,404.5(5)
2210332,.52E-305
2210352,445
2210353,409.0(10)
2210354,.528E-305
2210357,.513E-305
2210358,455
2210363,418
2210373,407
2210388,.451E-305
2210391,340
2210395,479.0(10)
2210397,450.5(5)
2210410,90
2210420,131
2210422,238
2210429,531.5(5)
2210433,406.9(3)
2210444,.551E-305
2210446,442.0(10)
2210447,514.0(10)
2210448,.397E-305
2210450,405.5(5)
2210451,417.0(10)
2210453,523
2210460,.373E-305
2210468,428
2210469,471
2210470,421
2210471,493
2210491,216
2210493,465
2210498,357
2210502,.483E-305
2210524,.412E-305
2210525,310.7
2210528,.478E-305
2210537,.434E-305
2210538,384.5(5)
2210546,.45E-305
2210564,403.2
2210570,494.0(10)
2210583,453
2210586,371
2210587,.395E-305
2210589,.388E-305
2210595,391
2210598,417
2210604,471.0(10)
2210616,505.5(5)
2210618,243
2210619,432.5(5)
2210630,411
2210632,495
2210638,481
2210659,514.5(5)
2210683,365.7
2210695,553
2210704,.401E-305
2210711,573.45(5)
2210738,.583E-305
2210778,484
2210790,526
2210791,442.5(5)
2210811,.415E-305
2210814,506
2210831,418.5(5)
2210840,417.0(10)
2210846,415.2
2210847,437
2210852,.465E-305
2210864,436
2210867,.401E-305
2210870,564
2210872,640
2210873,.379E-305
2210878,505
2210881,353
2210882,371.5(5)
2210891,.412E-305
2210893,118
2210897,168
2210904,493.5(15)
2210912,397
2210914,346.0(10)
2210917,448
2210918,345.5(5)
2210920,.473E-305
2210924,589
2210942,519.5(5)
2210954,453
2210961,487
2210963,365
2210973,412
2210985,444.7
2210986,468
2210992,375.0(10)
2210993,.432E-305
2210994,373
2210997,443.9(13)
2211005,425
2211006,377
2211007,483
2211017,376
2211026,465
2211041,90.6(4)
2211042,551
2211048,471
2211054,141.5
2211055,434
2211056,463.29
2211057,313.9
2211064,502.0(10)
2211065,74
2211069,283
2211081,.383E-305
2211094,168
2211096,.144E-142
2211097,268
2211102,465.4(3)
2211106,367
2211112,.447E-305
2211115,407.5(5)
2211121,402.8(19)
2211134,427.65
2211141,.401E-305
2211152,.475E-305
2211154,384
2211156,.38E-305
2211161,459
2211162,361.0(10)
2211163,592.1(8)
2211168,115.5
2211171,538
2211176,514(2)
2211196,496
2211198,94
2211204,138
2211214,502
2211215,477
2211235,.435E-305
2211243,409.7
2211254,417
2211262,495
2211270,433
2211275,526
2211282,498
2211283,385.2
2211304,485.0(10)
2211309,354
2211324,152
2211329,188
2211359,513
2211360,425
2211373,542.0(10)
2211379,422
2211389,404
2211392,490.5(5)
2211394,533.3(6)
2211399,.428E-305
2211400,367
2211403,358
2211431,382-38
2211434,192.0(10)
2211440,.513E-305
2211441,571(2)
2211444,481
2211453,362
2211461,181
2211466,360
2211487,399(2)
2211492,507.0(10)
2211494,.532E-305
2211500,598
2211516,.412E-305
2211560,411.8
2211569,.446E-305
2211578,158
2211601,345
2211603,454.3(2)
2211614,.536E-305
2211623,.374E-305
2211629,.5E-305
2211631,.442E-305
2211635,428.0(10)
2211644,368.1(12)
2211647,458.0(10)
2211659,.393E-305
2211662,.513E-305
2211664,497
2211671,488K-490
2211681,392.5(5)
2211682,.479E-305
2211696,372
2211699,518
2211700,350
2211705,392
2211710,458
2211712,474.0(10)
2211716,365
2211718,421
2211721,422.0(10)
2211731,532
2211733,414
2211742,524.5(5)
2211752,398
2211766,.524E-305
2211773,648.5(5)
2211785,495.5(5)
2211786,146
2211788,446
2211800,472.6(2)
2211807,185
2211808,401
2211809,465
2211816,422
2211828,442.5(5)
2211832,353
2211833,.387E-305
2211844,453
2211846,.452E-305
2211849,416
2211853,432.0(10)
2211868,427
2211871,454
2211923,188
2211935,164
2211936,412
2211945,409.0(10)
2211947,.447E-305
2211962,352
2211969,125
2211970,123.5
2211971,472.0(10)
2211978,.379E-305
2211982,458.5(5)
2211983,396.5(5)
2211984,442.0(10)
2211999,466
2212003,389
2212016,.425E-305
2212063,217.0(10)
2212065,.52E-305
2212098,398.5(5)
2212107,564.0(10)
2212119,428
2212124,580
2212129,318
2212130,488.5(5)
2212137,513
2212145,556
2212149,475
2212153,496.0(10)
2212158,352.9
2212165,337.5(5)
2212182,440.5(5)
2212184,403.5(5)
2212198,386
2212203,394
2212207,418
2212208,424
2212216,.448E-305
2212219,441
2212222,470
2212223,.515E-305
2212226,.545E-305
2212228,532.0(10)
2212231,382(2)
2212234,62(2)
2212245,427(2)
2212249,349
2212250,442
2212264,354
2212278,215
2212281,268
2212286,470.5(5)
2212317,427
2212318,492.5
2212336,528
2212353,205
2212359,533
2212371,443.5(5)
2212373,539.0(10)
2212383,398.8(5)
2212386,539.8
2212387,520.2
2212404,373
2212412,368(2)
2212413,356(2)
2212420,409.5(5)
2212422,494.0(10)
2212425,371
2212428,218
2212435,348
2212439,569
2212440,210
2212449,.376E-305
2212450,.448E-305
2212452,393
2212454,.4E-305
2212475,493.5(15)
2212485,86.5
2212487,128.5
2212489,75.3
2212504,168.2
2212512,375.5(5)
2212513,367.5(5)
2212516,486
2212530,398
2212535,464
2212550,316
2212562,404.7(7)
2212572,422.0(10)
2212573,391.5(5)
2212585,390.4(9)
2212586,375
2212602,378K-379
2212620,426
2212622,454
2212628,.426E-305
2212632,326
2212651,.173E-171
2212675,482
2212696,321
2212705,445.9
2212709,401
2212714,403
2212721,378
2212733,535
2212736,548.0(10)
2212737,374.0(10)
2212741,513.5(5)
2212744,326.0(10)
2212750,119.3
2212758,.393E-305
2212771,418
2212785,179
2212787,.51E-50
2212809,473
2212810,381
2212811,.513E-305
2212812,476.0(10)
2212813,.489E-305
2212820,.536E-305
2212823,529.0(10)
2212842,364.0(10)
2212850,394
2212856,420
2212860,506
2212869,.436E-305
2212870,136.9
2212873,540
2212885,438
2212897,.354E-305
2212898,decomp > 559
2212904,354.0(10)
2212908,329
2212913,395.0(10)
2212915,385
2212919,375
2212920,.446E-305
2212925,.521E-305
2212926,400(2)
2212927,81(2)
2212929,92
2212946,375
2212950,374.15
2212954,688.5(5)
2212956,537.0(10)
2212958,472
2212964,422
2213002,374.5
2213006,.514E-305
2213024,.511E-305
2213025,503.5(5)
2213027,387.5(5)
2213028,467.5(5)
2213036,393
2213050,539.5
2213057,224
2213063,511
2213064,.32E-305
2213067,503
2213076,367
2213082,437.0(10)
2213086,382
2213089,447
2213092,335
2213100,318
2213101,394.0(10)
2213104,528
2213108,387
2213109,382
2213120,524.7
2213130,466.2
2213142,.513E-305
2213143,411
2213149,512.0(10)
2213166,429
2213171,401
2213178,416
2213195,.36E-305
2213200,366
2213208,561.5(5)
2213212,382.0(10)
2213218,479.0(10)
2213263,490
2213272,353.0(10)
2213278,362.97(2)
2213292,406
2213294,503
2213295,442
2213308,410.5(5)
2213310,59.2
2213314,468.6(8)
2213317,373
2213318,518
2213321,403
2213331,.486E-305
2213339,145.0(10)
2213344,442
2213357,469
2213375,126.0
2213376,.534E-305
2213381,.353E-305
2213384,470
2213392,232.5(5)
2213399,408
2213401,342
2213403,508
2213410,402.49
2213434,389
2213441,.513E-305
2213442,233
2213443,471
2213446,483
2213457,442
2213469,353
2213470,394.1
2213489,383
2213490,312
2213493,513.0(10)
2213497,321
2213513,178
2213524,527.5(5)
2213536,122
2213549,.453E-305
2213556,339
2213559,473.0(10)
2213573,533.0(10)
2213577,434.5(5)
2213604,433.1
2213605,442.0(10)
2213614,410
2213617,456.5(5)
2213618,418
2213644,449
2213645,209.5(5)
2213650,427
2213651,456
2213652,461
2213662,470
2213689,505
2213690,403
2213701,.94E-94
2213710,172
2213713,463
2213724,484.0(10)
2213726,567
2213727,482
2213737,394.0(10)
2213742,336
2213748,380
2213764,431.0(10)
2213771,442.0(10)
2213783,394.5(5)
2213786,421
2213788,440
2213823,196
2213825,333
2213826,401
2213832,244(2)
2213837,464.0(10)
2213839,477(2)
2213840,398.0(10)
2213841,391.0(10)
2213842,450.0(10)
2213866,333(2)
2213877,512
2213884,.496E-305
2213892,438.5
2213899,.387E-305
2213900,475
2213935,353
2213939,475
2213952,435(2)
2213955,449
2213958,306
2213964,391.5(5)
2213966,411.5(5)
2213972,124
2213974,505
2213996,441.0(10)
2214003,390
2214007,173
2214009,528
2214014,465
2214041,432
2214042,94
2214051,.391E-305
2214053,.44E-305
2214057,.437E-305
2214067,361.0(10)
2214069,313.8(3)
2214097,507
2214107,.476E-305
2214129,473
2214138,.103E-103
2214148,449
2214167,85
2214174,399.0(10)
2214175,427.0(10)
2214194,415.7
2214201,451
2214206,.428E-305
2214208,.478E-305
2214216,.438E-305
2214217,.376E-305
2214222,428.0(10)
2214228,392
2214251,425(2)
2214252,454
2214253,413
2214263,383
2214304,183.8
2214305,188.0
2214319,333
2214361,.243E-241
2214379,521
2214381,.154E-153
2214392,.497E-305
2214397,488.5(5)
2214405,447
2214428,221.3
2214438,396.5
2214443,419.0(10)
2214446,383(2)
2214449,470
2214452,.369E-305
2214456,432.0(10)
2214463,.391E-305
2214474,455
2214483,428
2214496,.481E-305
2214506,378.0(10)
2214518,663
2214522,495
2214525,416.0(10)
2214527,470.0(10)
2214534,.156E-155
2214548,443
2214560,455
2214570,.46E-305
2214573,424
2214599,485
2214603,370
2214609,509
2214610,486
2214614,457
2214631,362.0(10)
2214632,.413E-305
2214651,423
2214655,356
2214657,386.5(5)
2214658,395.0(10)
2214660,428
2214672,365
2214685,.464E-305
2214702,414.8
2214716,.305E-305
2214717,.395E-305
2214726,515
2214729,211
2214730,324
2214733,437.0(10)
2214735,464.0(10)
2214738,439.0(10)
2214744,412
2214755,396
2214766,405.0(10)
2214776,374
2214780,??
2214795,472.0(10)
2214798,483
2214799,436
2214819,498
2214821,485
2214822,.428E-305
2214838,432.5(5)
2214855,.404E-305
2214864,443
2214868,411.5(5)
2214893,444.0(10)
2214896,378.0(10)
2214897,348
2214899,.395E-305
2214900,341.0(10)
2214902,409.0(10)
2214906,453.0(10)
2214912,462(1)
2214914,508
2214915,.465E-305
2214917,443.5(5)
2214923,426.5(5)
2214924,428
2214942,450
2214946,501
2214969,378.5(5)
2214976,382
2214983,.459E-305
2214989,84.5(15)
2214992,182
2215037,389
2215056,468.5(5)
2215068,417
2215093,397
2215099,407
2215125,.449E-305
2215160,365
2215164,536.5(5)
2215168,504.0(10)
2215173,560.5(5)
2215182,479.0(10)
2215224,482
2215240,.4905E-305
2215252,376
2215254,407
2215301,453
2215302,.491E-305
2215307,486.5(5)
2215308,524.0(10)
2215309,484
2215313,389
2215320,392
2215337,383
2215339,339
2215342,549
2215353,484
2215359,.398E-305
2215364,458
2215367,134
2215375,350
2215381,221(2)
2215390,96
2215394,343
2215398,393
2215410,485.0(10)
2215417,.542E-305
2215419,540.0(10)
2215422,406.5(5)
2215427,574.0(10)
2215434,471
2215463,328
2215483,420
2215491,.44E-305
2215498,470
2215503,422.0(10)
2215519,.518E-305
2215531,394.5(5)
2215532,.372E-305
2215535,.235E-233
2215536,.372E-305
2215541,559.5(5)
2215542,465
2215547,534.5(5)
2215559,439.0(10)
2215565,489.5(5)
2215573,379
2215578,388
2215585,405
2215591,439.0(10)
2215597,352
2215609,342
2215624,473
2215627,96.0
2215650,440.0
2215653,470.6(5)
2215663,.487E-305
2215665,432.0(10)
2215669,474.0(10)
2215674,422
2215692,.452E-305
2215693,482.5(5)
2215695,513.0(10)
2215718,472.2
2215719,512
2215736,362
2215737,370
2215744,315
2215754,493
2215767,471
2215771,375.15
2215788,340
2215795,114
2215811,.91E-91
2215824,501.9(3)
2215826,173
2215827,509
2215833,440.5
2215837,497
2215854,400
2215855,398
2215856,462
2215869,429
2215897,395
2215902,368
2215914,542.0(10)
2215917,413
2215973,553
2215975,421
2215976,.278E-278
2215977,445
2215978,.555E-305
2215988,553.0(10)
2216002,480
2216008,56
2216014,.392E-305
2216027,374.5
2216029,396.5(5)
2216042,.167E-166
2216044,483
2216050,410
2216057,.451E-305
2216060,185.7(2)
2216101,593
2216113,387.5(5)
2216127,200
2216137,670.44
2216145,352
2216159,437
2216167,430
2216175,439.0(10)
2216176,148
2216179,364.0(10)
2216186,521.5
2216193,337
2216197,156
2216200,352.0(10)
2216210,543.0
2216212,221.3
2216228,484(5)
2216234,462
2216247,403
2216250,426
2216251,411
2216261,368
2216264,.22E-222
2216266,396.0(10)
2216273,223.0(10)
2216294,220
2216301,453
2216313,558
2216334,392
2216337,261(2)
2216338,462.1(10)
2216344,492
2216346,397
2216357,514.0(10)
2216367,433.0(10)
2216376,472.0(10)
2216389,441.0(10)
2216400,.362E-305
2216408,484.0(10)
2216423,431
2216424,413
2216425,504.0(10)
2216431,463
2216445,533
2216450,393 
2216452,121
2216458,368
2216460,440
2216470,.338E-305
2216495,417.5
2216504,340
2216505,401
2216524,555
2216527,355.5
2216545,475(2)
2216546,461.0(10)
2216551,422
2216552,480
2216553,375(2)
2216558,.453E-305
2216559,488
2216561,398.0(10)
2216562,432.0(10)
2216563,465.0(10)
2216565,339.0(10)
2216566,401.0(10)
2216568,411(2)
2216571,443
2216573,495
2216574,511.5(5)
2216577,445
2216587,459.0(10)
2216591,548
2216601,446.0(10)
2216614,240
2216621,407
2216627,404.0(10)
2216650,390
2216652,.401E-305
2216654,421
2216655,410
2216697,427.5(5)
2216698,536.5(5)
2216725,433(2)
2216728,339
2216731,371
2216734,452
2216738,435
2216740,176.5
2216743,397.1(10)
2216747,353
2216758,444.0(10)
2216775,190
2216777,416.1(5)
2216812,.513E-305
2216815,448.6(5)
2216824,457
2216829,55
2216830,505.0(10)
2216834,122
2216836,.427E-305
2216838,124
2216839,330.5(15)
2216842,374.0(10)
2216843,392.0(10)
2216845,269.0(10)
2216850,415.5(5)
2216852,399
2216878,534.4
2216881,367
2216899,426
2216902,419
2216918,330(2)
2216933,188
2216943,420
2216956,374
2216960,562
2216963,397
2216967,465.0(10)
2216968,346
2216969,364
2216972,.343E-305
2216985,418
2216991,458.0(10)
2216992,435
2217027,286
2217029,363
2217030,221.3
2217053,566
2217056,500
2217057,356
2217065,350
2217067,.494E-305
2217071,162
2217073,.407E-305
2217074,.477E-305
2217076,.449E-305
2217104,407
2217108,307
2217113,366
2217123,.454E-305
2217124,307
2217125,321
2217126,491.0(10)
2217144,over 523
2217158,510
2217164,418
2217186,394.9
2217189,348
2217194,210
2217199,392.5(5)
2217202,467.0(10)
2217204,.385E-305
2217236,385.5(5)
2217252,345(2)
2217253,459
2217258,528
2217262,361
2217264,.476E-305
2217265,320
2217266,.159E-157
2217269,498.1(10)
2217274,495.5(5)
2217279,148
2217280,507
2217282,382.5(5)
2217309,482.0(10)
2217315,493.5(5)
2217322,527
2217326,479
2217328,438.1(10)
2217340,410.0(10)
2217349,428
2217351,330
2217355,361.8
2217358,318.6(5)
2217360,469.0(10)
2217366,.428E-305
2217370,439
2217374,415.5(5)
2217388,423.2
2217422,333
2217491,534.0(10)
2217502,406
2217510,382
2217512,.145E-143
2217527,425.0(10)
2217546,.444E-305
2217547,401
2217548,484
2217550,395
2217551,350
2217595,128
2217602,467
2217605,471
2217611,670
2217612,411
2217620,192.0(10)
2217627,424.75
2217628,518 (with decomposition)
2217631,.461E-305
2217632,374
2217633,332.5(5)
2217635,.436E-305
2217639,519
2217644,458
2217659,178
2217677,447
2217679,443
2217692,506.0(10)
2217693,501.0(10)
2217694,357.0(10)
2217698,404.2
2217720,.386E-305
2217722,393
2217725,477
2217726,437
2217734,481
2217737,.45E-305
2217755,460
2217757,.332E-305
2217762,504.0(10)
2217770,464.0(10)
2217773,425.0(2)
2217784,362
2217787,360
2217796,428
2217801,332.5(5)
2217806,.467E-305
2217816,509
2217817,485.5(5)
2217822,.354E-305
2217827,.403E-305
2217832,415.5
2217833,436.0(10)
2217834,546.0(10)
2217837,527
2217843,443
2217848,323.5
2217853,453
2217863,541.15
2217867,481
2217886,338
2217901,457(2)
2217906,.49E-305
2217907,486
2217908,.431E-305
2217911,497
2217924,.319E-305
2217932,.469E-305
2217936,497
2217938,364
2217946,313
2217948,163
2217949,496.0(10)
2217967,455
2217971,437
2217973,457.5(5)
2217990,128
2218005,482.4(9)
2218022,536
2218024,402.5
2218025,565.5(5)
2218028,385
2218112,364.0(10)
2218141,391(2)
2218155,453
2218221,493(2)
2218245,410
2218273,145
2218275,360.7
2218277,416
2218279,411
2218280,376
2218287,385
2218321,760
2218383,418
2218389,361
2218393,392.4
2218425,457
2218431,372.8
2218458,477
2218476,402
2218486,358
2218531,359
2218538,446
2218539,454
2218552,343
2218557,489
2218565,478
2218566,315
2218570,358
2218585,179
2218617,460
2218629,425.5
2218643,494
2218699,216.2
2218739,412
2218758,490
2218761,435.0(10)
2218781,442
2218805,498
2218807,498 
2218842,471
2218843,460
2218844,396.0(10)
2218846,437
2218864,371
2218888,338.8(7)
2218889,400
2218904,404.5
2218939,423
2218957,400
2218988,409
2218995,431
2218996,472
2219002,456
2219019,421
2219036,448
2219039,435
2219040,402
2219050,423
2219053,475
2219054,447
2219063,506
2219068,358
2219122,416
2219130,458
2219170,475.0(10)
2219176,357
2219196,457
2219197,407
2219199,449(5)
2219205,476
2219271,409
2219273,454
2219277,456
2219282,372.6(15)
2219329,444
2219332,460
2219342,488
2219350,515.5(5)
2219357,415
2219364,489
2219378,547
2219428,397(2)
2219444,471
2219459,425.0(10)
2219465,420
2219474,473
2219475,436
2219513,388
2219525,461
2219527,420
2219569,521
2219575,384.0(10)
2219578,465
2219584,480
2219599,371
2219614,401(1)
2219617,319(2)
2219626,450
2219635,492.5(5)
2219668,429(2)
2219672,463
2219680,426.7(8)
2219693,350(1)
2219697,327
2219701,385
2219723,430.5(15)
2219742,320
2219767,473
2219801,388
2219802,367
2219841,401
2219864,483
2219868,373
2219869,421
2219886,454.0(10)
2219888,401(1)
2219890,404(1)
2219891,419(1)
2219892,414(1)
2219894,411(1)
2219903,315.15
2219910,517
2219929,398.0(10)
2219948,462
2219993,381.0(10)
2220025,369.5
2220027,493
2220055,478
2220065,441
2220074,518
2220079,553
2220094,464.5
2220156,562
2220163,493
2220175,492(1)
2220184,402.0(10)
2220210,421.0(10)
2220219,417
2220221,363
2220225,451
2220229,447.0(10)
2220230,404.0(10)
2220233,308.0(10)
2220241,513
2220253,439
2220254,403
2220267,418
2220273,469(1)
2220287,431
2220291,405
2220317,331
2220320,511
2220321,414
2220327,453.5(5)
2220337,390
2220350,396
2220372,350
2220374,312
2220376,555.5
2220387,344.0(10)
2220398,415
2220412,399
2220442,493
2220443,460
2220465,398
2220481,388
2220486,360
2220491,497
2220505,474.5
2220533,360
2220563,408
2220576,413
2220577,388
2220579,443
2220617,193
2220629,383
2220630,352
2220633,622
2220638,401
2220640,418
2220644,253
2220647,403
2220652,404
2220656,473
2220660,421
2220661,389
2220662,434
2220669,441
2220679,554.6
2220684,296
2220689,405
2220701,454
2220717,435
2220720,439
2220733,473
2220739,431
2220784,492.5(3)
2220789,329
2220810,421.15
2220822,384
2220830,444.0(10)
2220831,374(1)
2220884,148
2220893,428
2220903,474
2220905,431.0(10)
2220906,407.0(10)
2220928,438
2220935,317
2220953,414.0
2220969,383
2220977,415
2221048,335
2221062,342
2221066,400
2221082,440
2221088,529.5
2221089,558
2221095,332(1)
2221096,392(2)
2221099,504.8
2221111,456
2221113,285.5
2221117,443
2221121,511
2221124,351
2221154,403.0(10)
2221159,449
2221161,360
2221200,367
2221206,387
2221210,451.5
2221211,460
2221219,393.0(10)
2221235,382
2221239,392
2221251,379
2221266,519
2221282,383
2221328,475.5
2221336,337(2)
2221337,379(2)
2221338,341.5
2221347,400
2221351,327
2221394,337
2221405,417
2221412,431
2221449,516
2221475,560
2221477,391.5
2221503,355
2221505,532
2221527,423
2221543,412.5
2221546,506.0(10)
2221575,490
2221578,542
2221588,543
2221593,433
2221652,59365
2221663,362
2221667,493
2221687,391
2221690,431(2)
2221709,541
2221711,377
2221718,403
2221724,479
2221737,319
2221753,455
2221756,145
2221776,470
2221804,480
2221823,433
2221833,365
2221857,445
2221875,501
2221888,476
2221899,515
2221901,436
2221911,191
2221919,400
2221924,333
2221928,332
2221931,455
2221941,363
2221947,384.0(10)
2221996,364
2221999,408
2222000,360
2222002,343
2222013,416
2222019,454.5(5)
2222043,429
2222047,413
2222065,550
2222077,360
2222100,398
2222117,445
2222121,448.0(10)
2222138,378
2222165,508
2222199,340
2222207,474
2222223,484
2222227,330
2222235,430
2222238,337
2222242,589.0(10)
2222243,430
2222252,333
2222291,432
2222336,466
2222337,354.0(10)
2222338,563
2222371,455
2222376,475
2222414,523
2222425,428(2)
2222434,497
2222448,decomposition
2222451,537
2222460,505
2222486,369
2222492,345
2222494,400(2)
2222495,498
2222504,343
2222513,393
2222516,368
2222518,472(2)
2222522,486(2)
2222561,412
2222562,443
2222602,451
2222668,463
2222669,431
2222681,448
2222694,351
2222754,528
2222756,454
2222765,514
2222771,428
2222852,330
2222854,495
2222856,529
2222868,320
2222918,462
2222926,445
2222945,391(3)
2222957,492
2222962,398
2222977,192
2222983,389
2223034,367
2223037,426.5(5)
2223053,443
2223092,469
2223095,142
2223098,214
2223102,350
2223107,426
2223122,343
2223124,449
2223169,484
2223173,513
2223179,367
2223186,330
2223224,441
2223269,404
2223303,373
2223352,513
2223367,465
2223376,399
2223392,446
2223422,388
2223429,497
2223439,389
2223463,723
2223466,438
2223468,398
2223506,310
2223515,533.15
2223535,434
2223539,475
2223553,331
2223555,384
2223556,389.0(10)
2223606,381
2223608,427
2223626,338.2
2223638,162
2223678,318
2223681,433
2223690,500
2223718,383
2223795,506
2223831,443.0(10)
2223857,513
2223873,498
2223883,382.0(10)
2223905,376
2223920,400
2223939,388
2223951,516
2223956,398
2223984,415(2)
2223985,318
2223988,329
2224019,500.15
2224025,461
2224028,327
2224057,477
2224058,463
2224061,440
2224065,300
2224105,431(2)
2224107,384
2224114,432
2224118,388.0(10)
2224175,405
2224180,455
2224187,406
2224202,443.0(10)
2224245,417
2224246,417
2224292,420
2224340,500
2224352,509
2224380,247
2224414,533
2224468,498
2224487,342
2224488,469.5
2224490,368
2224491,484.5
2224496,478
2224539,433
2224545,369(2)
2224553,251
2224607,416
2224609,408.2
2224611,371
2224630,463
2224641,473
2224643,441.0(10)
2224644,409
2224681,462
2224705,470
2224743,529
2224769,533
2224790,560
2224794,367
2224835,515
2224839,310
2224842,380
2224844,407
2224845,412
2224875,408
2224886,483
2224887,198
2224889,372
2224923,398
2224942,469
2224966,454
2224968,355
2224995,444
2224996,442(2)
2225001,542
2225010,469
2225021,535
2225023,482(2)
2225033,523
2225096,393
2225127,377
2225139,409
2225164,473
2225175,344.25
2225178,508
2225217,413
2225241,440
2225245,326.3(2)
2225247,501.9
2225291,391
2225307,482
2225309,489
2225312,381.7
2225316,458
2225317,446
2225318,488
2225325,478
2225413,448(3)
2225415,421
2225432,369.0
2225441,373.0(10)
2225449,423(2)
2225450,474.5
2225482,490
2225486,374
2225487,491
2225494,375
2225509,364.0(10)
2225563,408
2225619,180.7(10)
2225635,406
2225649,506
2225652,547
2225673,429.5
2225696,438
2225710,448
2225744,531
2225760,389
2225791,449
2225814,513
2225825,474
2225846,380
2225878,387
2225908,443
2225909,360
2225914,360
2225919,516
2225929,412
2225940,413
2225990,385.14
2226005,475
2226032,416
2226035,385
2226039,335.0(10)
2226043,457
2226046,388
2226084,446
2226088,168
2226091,417
2226094,385
2226099,413
2226118,408
2226121,368
2226153,460
2226174,428
2226201,363.75
2226202,445
2226204,200
2226207,530
2226237,342
2226263,449
2226264,452
2226268,348
2226288,445
2226293,409
2226313,451
2226318,383.2
2226331,368
2226351,418
2226356,353
2226357,405
2226359,540(2)
2226364,424
2226367,353
2226385,573
2226410,470
2226413,1486
2226424,321
2226425,476
2226431,398(2)
2226442,503
2226457,513
2226496,353
2226530,328
2226543,418
2226568,370(2)
2226569,368
2226577,438
2226580,486
2226581,400
2226612,427(2)
2226616,423
2226637,411
2226645,423
2226662,514(2)
2226665,391
2226670,400
2226684,326
2226712,453
2226720,487
2226724,385
2226727,395
2226738,477
2226774,361
2226800,145.0(10)
2226803,514
2226804,443
2226806,408
2226819,454
2226832,365
2226843,458
2226845,407.8
2226848,383
2226849,545
2226875,339
2226878,382
2226995,455(3)
2227050,414
2227055,583
2227056,401
2227064,465
2227096,505
2227097,359
2227101,443
2227138,398
2227142,385
2227145,396
2227146,397
2227163,454
2227164,408
2227169,364.2
2227170,412
2227176,327.0(10)
2227188,343
2227232,565
2227269,386
2227302,486
2227307,488
2227344,527
2227355,428
2227372,459
2227390,406
2227395,427
2227402,355
2227424,573
2227430,573
2227467,414
2227496,430
2227572,520
2227588,523.5
2227609,415
2227611,346
2227613,490
2227708,399.0(10)
2227711,395
2227720,371
2227724,513
2227728,443
2227729,401
2227736,257
2227738,441
2227740,380
2227832,435
2227847,425
2227849,379.4
2227877,427
2227938,499
2227943,363.5
2227944,388
2227996,345
2228010,454
2228027,375
2228032,355
2228037,509
2228045,434
2228090,465
2228091,425(2)
2228149,368
2228154,446.6
2228155,401
2228165,312
2228167,381
2228169,490
2228171,422
2228173,415
2228176,432
2228197,358.1
2228209,442
2228210,368
2228212,404(2)
2228213,372
2228214,416
2228215,416
2228219,367
2228222,501
2228227,192.11
2228245,403
2228252,361
2228274,208
2228287,511
2228301,356
2228302,531
2228315,409.5
2228333,353
2228377,485
2228396,407(8)
2228409,487
2228439,401(2)
2228448,189
2228456,452
2228470,435
2228495,409
2228507,480
2228514,345
2228518,411
2228522,444
2228529,357
2228534,364
2228552,505
2228625,471
2228626,322
2228645,458
2228646,393
2228647,339
2228658,426
2228659,124
2228665,463
2228672,578
2228682,315
2228714,462(2)
2228742,365
2228744,559
2228745,567
2228749,523
2228758,409
2228762,438.15
2228763,558
2228767,479
2228798,415
2228805,494.0(10)
2228813,477
2228825,154.0(10)
2228830,511
2228854,553
2228891,352
2228897,422.15
2228901,1200
2228922,444
2228925,461
2228934,420
2228949,423
2228970,361.45
2228987,383
2229037,1503
2229041,408
2229050,381
2229076,469
2229119,438
2229136,492
2229139,428
2229198,363
2229199,393
2229319,414
2229320,350
2229352,395.0(10)
2229358,347
2229415,467
2229431,429
2229462,413
2229464,547
2229484,498
2229502,448
2229512,383.0(10)
2229527,385.0(10)
2229540,373
2229543,335
2229576,440
2229594,487
2229600,412
2229603,438
2229604,392
2229608,384
2229637,523
2229646,447.0(10)
2229675,503
2229681,377
2229687,579
2229725,498.450
2229729,418
2229758,455
2229813,393
2229828,522
2229833,336.0(10)
2229856,416
2229875,358
2229885,429
2229897,485.65
2229904,428
2229908,395
2229909,520
2229923,574
2229963,387(2)
2229979,493.15
2230020,377
2230023,419
2230060,383
2230062,409
2230063,352
2230087,362
2230109,497
2230141,315.68
2230144,367.85
2230146,328
2230148,523
2230183,491
2230215,543
2230224,452
2230235,507
2230250,351
2230254,484
2230262,362
2230266,476
2230285,445
2230286,507
2230287,414(2)
2230294,538
2230319,472
2230327,420
2230352,423
2230353,338
2230364,448
2230365,471
2230380,371
2230398,445
2230415,326
2230423,385.0(10)
2230468,381
2230521,419
2230571,392
2230574,464
2230583,547
2230646,409.15
2230648,385
2230669,493
2230705,405(6)
2230720,551
2230721,456
2230733,346
2230750,438.0(10)
2230757,315
2230783,483
2230791,353
2230807,544.15
2230811,422
2230815,397
2230858,471(2)
2230864,421
2230875,397
2230883,356
2230892,527.15
2230908,438.0(10)
2230942,352
2230954,435
2230960,454(3)
2230961,385
2230985,389
2230997,413
2231016,443
2231049,489
2231059,410
2231077,373
2231079,422
2231083,393
2231086,371.0(10)
2231106,498
2231144,567
2231177,476
2231216,469
2231227,428
2231228,356
2231263,444(2)
2231269,418
2231278,368
2231307,143
2231350,396
2231352,397(2)
2231380,423
2231397,506
2231401,363
2231424,415
2231444,428
2231455,383
2231492,564
2231581,376.2
2231615,373
2231660,417
2231663,342
2231690,419
2231700,445
2231711,385.0(10)
2231728,509
2231762,442
2231767,360
2231776,398.40(10)
2231781,485
2231783,483(2)
2231792,412
2231797,463
2231806,369
2231813,1023
2231815,494
2231850,350
2231907,504
2231911,386.0(10)
2231964,397
2231973,420
2231978,407
2231986,353
2231997,383.15
2232008,374
2232036,500
2232060,189
2232097,417
2232130,502
2232150,424
2232174,400
2232185,495
2232199,362.15
2232252,447(2)
2232265,356.0(3)
2232312,464
2232324,431.0(10)
2232371,465.0
2232382,486
2232417,443
2232418,358
2232420,462
2232423,357(2)
2232458,479
2232472,365
2232473,385.0(10)
2232481,483
2232502,453
2232505,392
2232523,627
2232526,460
2232533,549
2232545,513
2232546,523
2232547,538
2232548,395(2)
2232557,464
2232621,465
2232660,489
2232665,458
2232676,369(2)
2232677,341
2232690,426
2232697,527
2232731,421
2232761,458
2232826,485
2232833,407.0(10)
2232857,420
2232867,358
2232872,476
2232882,372
2232894,315
2232914,453
2232947,423
2232972,387
2233041,326
2233057,397
2233060,400
2233078,483
2233080,447
2233084,430
2233129,369
2233140,464
2233152,413
2233184,387
2233189,378
2233198,520.5
2233204,490
2233206,386
2233253,419
2233259,454
2233262,401
2233291,510
2233298,478
2233318,425
2233339,400
2233343,410
2233350,417
2233360,357.0(10)
2233362,494
2233366,401
2233445,502
2233449,362
2233450,473
2233458,427
2233462,365
2233493,420
2233516,472
2233545,474
2233587,518
2233675,467
2233708,457.9
2233711,395
2233715,438
2233723,338
2233724,423
2233808,512
2233812,438
2233813,573
2233856,470
2233859,397
2233870,411
2233884,438.0(10)
2233943,396.0(10)
2233944,462
2233954,410
2233956,345.3
2233971,389
2233989,375
2234018,438
2234019,322.0(10)
2234029,210
2234055,354.0(10)
2234073,366.1
2234085,488
2234094,443
2234095,413
2234116,410
2234123,449
2234131,518
2234139,429
2234166,405.0(10)
2234178,404
2234186,320.5
2234202,432
2234206,473
2234265,178
2234304,483
2234344,485
2234367,403
2234376,393
2234379,383
2234390,411
2234430,428
2234435,322.0(10)
2234477,344
2234488,347.0(10)
2234491,501
2234509,398.80(10)
2234560,404.16
2234587,388
2234601,483
2234624,414
2234656,435
2234792,427
2234817,452
2234822,517
2234837,623
2234870,464
2234880,420
2234892,396
2234901,394
2234919,366.5
2234936,411
2234945,455
2234948,456
2234967,481
2234972,437
2235000,364
2235004,482
2235005,193
2235016,421
2235017,475
2235040,355
2235079,473.15
2235087,374
2235127,441
2235134,426
2235153,416
2235158,445
2235166,402
2235181,350
2235185,508.15
2235190,441
2235267,389
2235281,1007
2235291,443
2235293,409
2235334,379.0(10)
2235350,389
2235385,427
2235422,497.0(10)
2235424,351
2235425,543
2235432,567(9)
2235434,475
2235532,458
2235534,426
2235548,439
2235564,471(2)
2235569,481
2235650,425.0(10)
2235704,453
2235727,329
2235735,502
2235736,403
2235770,429
2235777,438
2235791,402
2235793,460
2235806,590
2235807,432
2235808,219
2235921,393
2236018,256
2236045,495(2)
2236049,514
2236067,403(2)
2236072,432
2236074,450
2236075,463
2236080,118
2236112,141
2236133,454
2236157,494
2236198,351
2236199,439
2236201,342.7
2236209,390
2236216,341.0(10)
2236222,375
2236223,457.2
2236228,377
2236229,415
2236239,409
2236277,435
2236299,455
2236314,496.0(10)
2236320,326.7
2236325,450
2236347,562.15
2236366,491
2236369,346.5
2236370,427
2236387,424
2236404,409.7
2236405,443
2236424,417.0(10)
2236426,422.5
2236431,523
2236446,426
2236468,379
2236470,472
2236475,403
2236479,392
2236486,481.5(5)
2236488,503
2236527,175
2236530,396
2236580,430
2236582,385
2236661,369
2236667,423
2236673,498
2236710,509
2236711,486
2236755,383
2236773,433
2236785,417
2236787,513
2236796,431(2)
2236811,441
2236815,422
2236816,569
2236827,399
2236830,446
2236848,504
2236850,475
2236855,393
2236882,100
2236888,371
2236889,377
2236893,403
2236901,453
2236905,211
2236907,380
2236926,408
2236942,386
2236943,465
2236944,397
2236946,413
2236950,467.5
2236952,538
2236963,435.0(10)
2236964,434
2236972,408
2236976,507
2236991,383
2237023,350
2237030,468(2)
2237086,423
2237088,463
2237090,361.5
2237111,458
2237112,347
2237115,373
2237139,499
2237146,353.6
2237147,399
2237155,341
2237156,348
2237175,420
2237196,594
2237199,423
2237202,404
2237238,456
2237259,467(2)
2237264,546
2237267,438
2237273,520
2237282,530
2237303,425
2237308,518
2237314,494.0(10)
2237315,455
2237317,481
2237322,514
2237326,402
2237330,541
2237341,446
2237344,370.13
2237348,419
2237381,143.5(5)
2237384,442.5
2237395,455
2237397,457
2237398,580
2237413,131.5(5)
2237415,512
2237439,502
2237472,340.05
2237478,438
2237486,454
2237492,570.17
2237494,385.4
2237530,422
2237538,444
2237556,378
2237558,416
2237562,406
2237585,460
2237587,378(2)
2237589,395
2237619,389.0(10)
2237662,485
2237664,433.0(10)
2237685,500(2)
2237699,520
2237705,418
2237723,413
2237739,560
2237742,387
2237743,517.0(10)
2237754,399
2237757,483
2237766,435
2237783,452
2237791,443
2237815,407(2)
2237821,358
2237824,391
2237829,435
2237843,360.15(4)
2237847,367
2237871,393
2237878,422.0(10)
2237881,408.0(10)
2237890,351
2237896,463
2237897,443
2237921,402
2237925,414
2237927,379
2237954,339
2237980,390
2237981,490
2237989,460.2
2237996,341
2238022,490
2238053,423
2238079,571
2238093,359
2238098,338
2238109,358
2238115,420
2238120,398
2238153,446
2238161,337
2238163,464.0(10)
2238164,425
2238165,518
2238169,445
2238172,449.65
2238176,483
2238214,480
2238220,448(2)
2238227,383
2238228,438
2238230,423(2)
2238231,531
2238248,393
2238251,501
2238258,446
2238287,419(2)
2238298,502
2238304,335
2238308,415
2238311,405
2238328,382
2238335,446
2238344,433
2238348,441.2
2238350,391
2238363,372.0(10)
2238364,443
2238372,550
2238377,422
2238381,434
2238388,550
2238412,475.0(10)
2238426,423
2238439,146
2238473,467
2238476,408
2238488,441
2238491,380
2238529,0
2238534,403
2238535,423
2238594,190
2238601,396.15
2238608,115
2238622,388.0(10)
2238623,370
2238627,405
2238637,342
2238671,473
2238695,492(2)
2238697,352
2238722,436
2238724,357
2238729,453
2238734,393
2238735,395
2238736,366
2238749,323
2238752,341
2238755,446
2238769,481.15
2238771,447
2238786,401
2238788,429
2238789,485
2238805,435.0(10)
2238832,401
2238838,408
2238851,416
2238900,470
2238917,430
2238921,317
2238933,365
2238935,457.0(10)
2238939,995
2238942,492
2238955,463.15
2238959,321
2238980,393
2238981,459
2238987,395
2238991,399
2239018,452
2239034,369
2239048,492
2239050,322.0(10)
2239051,445
2239063,406(2)
2239076,445
2239082,447
2239085,380
2239094,398.0(10)
2239126,473
2239150,533
2239166,392
2239172,456
2239175,350
2239234,423
2239254,396.0(10)
2239272,363
2239279,344.8
2239284,528
2239286,376
2239291,448
2239335,340
2239339,381
2239361,493
2239380,471
2239384,457.0(10)
2239389,423.0(10)
2239390,423
2239414,523
2239417,420
2239418,400
2239458,383
2239485,417
2239489,404
2239504,530
2239505,397.0(10)
2239515,388
2239518,361
2239524,492.15
2239527,453
2239536,373
2239537,505.0(10)
2239541,407.5
2239552,522
2239567,382
2239573,423
2239579,363
2239580,127.0
2239581,396.0(10)
2239592,475
2239646,428
2239656,434
2239664,530
2239690,491(2)
2239726,358.5
2239736,405.0(10)
2239737,538
2239755,383
2239775,433
2239791,467.0(10)
2239806,403
2239815,425
2239816,399.3
2239829,402
2239878,393
2239902,358
2239915,397
2239916,463
2239917,351
2239921,394
2239947,374
2239967,493
2239993,425
2240011,451
2240049,422.6
2240060,411
2240089,418
2240100,473
2240108,503
2240120,347(2)
2240127,402
2240128,413
2240162,485
2240164,395.0(10)
2240184,473
2240186,515.0(10)
2240208,392
2240209,404
2240214,494
2240215,454.0(10)
2240234,259
2240236,554
2240246,447
2240253,437
2240255,495
2240270,443
2240301,451(2)
2240303,414
2240306,280
2240316,459.2
2240364,375
2240367,468
2240377,503
2240378,563
2240386,395
2240410,381
2240457,445
2240509,514
2240549,407
2240553,355
2240564,509.2
2240565,489.2
2240566,512.2
2240574,459
2240585,431.0(10)
2240591,588(2)
2240594,465
2240612,465.2
2240613,385
2240618,350
2240626,435
2240628,594
2240648,508
2240655,961
2240656,969
2240684,483
2240691,523
2240707,462.3
2240726,386
2240741,373(2)
2240767,413
2240790,383
2240801,428.0(10)
2240807,455
2240842,435
2240849,413 K (expl.)
2240857,353
2240858,373
2240864,353
2240919,451
2240922,393(2)
2240951,458
2240952,380
2240953,415
2240966,463
2240969,394(2)
2240972,420
2240975,390
2240991,398
2241024,399.0(10)
2241030,403
2241031,425
2241032,434
2241047,491
2241082,426
2241117,354
2241124,468
2241125,360.2
2241165,310
2241180,380
2241194,471
2241217,342
2241218,370
2241227,470.0(10)
2241241,595
2241245,443.0(10)
2241256,350
2241266,384
2241267,444
2241286,412
2241287,418
2241288,487
2241293,388
2241297,411
2241303,270
2241304,390
2241311,413
2241313,417.0(10)
2241315,448.0(10)
2241318,407
2241321,342
2241343,443
2241356,357.8
2241384,371
2241385,409
2241399,390
2241406,515
2241457,393
2241504,413
2241505,348
2241559,437
2241560,405
2241561,420
2241562,434
2241594,498
2241597,353
2241598,433
2241628,406
2241629,428
2241630,456
2241686,377
2241687,369
2241688,393
2241704,496
2241734,544
2241778,469
2241784,538
2241876,406
2241880,351
2241914,310
2241935,408
2241936,478
2241937,346
2241938,386
2241943,651
2241985,478
2241995,501
2242103,424.5
2242124,531
2242197,431
2242198,445
2242199,462
2242223,464(2)
2242295,438
2242323,517
2242324,467
2242339,493
2242386,410
2242387,391
2242431,399
2242549,413.0(10)
2242556,486.9
2242603,383
2242604,471
2242621,334
2242622,334
2242628,240.1
2242710,387.3
2242711,401.4
2242733,371.22
2242734,364.13
2242776,322
2242777,341
2242778,321
2242779,319
2242795,451
2242796,445
2242860,393.5
2242921,603
2242976,375
2243062,352.0(10)
2243110,520
2243111,514
2243152,159.7
2243205,166
2243206,220
2243207,210
2243248,373
2243449,420
2243476,395
2243642,502.0(10)
2243660,475(2)
2243661,439(2)
2243745,367
2243871,553(2)
2243872,528(3)
2243909,560(2)
2243910,589(2)
2243916,257
2243917,238
2243998,460
2244002,554.25
2244050,328
2244070,411
2244127,483
2244150,356
2244160,445
2244161,513(2)
2300100,232
2300112,2521
2300113,2521
2300114,2521
2300115,2521
2300116,2521
2300128,1200
2300129,1200
2300130,1200
2300131,1200
2300260,218
2300261,218
2300373,210
2300457,1761
2300458,1761
2300459,1761
2300460,1750
2300461,1761
2300483,456
2300678,366
2300729,392
2310003,235
2310004,235
2310005,235
2311116,387
2311122,402
2311143,509
2311146,573
2311174,442
2311187,327(2)
2311207,353
2311248,393
2311320,355
2311321,359.5
2311343,425
2311403,783.39
2311428,458(2)
2311434,513
2311438,144
2311441,145
2311515,517
2311534,434
2311535,401
2311583,447
2311622,150
2311848,663
2311862,454
2311991,419.4(2)
2311992,419.4(2)
2312002,446
2312064,476.15
2312391,497
2312485,408
2312522,289
2312627,234
2312628,234
2312629,234
2312630,234
2312631,234
2312632,234
2312633,234
2312634,234
2312635,234
2312636,234
2312637,234
2312638,234
2312639,234
2312640,234
2312641,234
2312642,234
2312643,234
2312644,234
2312645,234
2312646,234
2312647,234
2312648,234
2312659,460
2312660,512
2312661,492
2312666,454(2)
2312788,368
2312789,382
3000009,503
3500016,483
3500017,206
3500068,439
4000102,See paper
4000145,113
4000146,132
4000147,80.0(10)
4000148,105
4000332,103
4000333,74
4000348,246.0(10)
4000352,358
4000353,386
4000354,417
4000355,388
4000471,151
4000472,401.9
4000482,480.15
4000483,480.15
4000497,water loss at 320\%C
4000541,870
4000542,870
4000543,870
4000554,192.5
4000555,289
4000664,200
4000665,163
4000666,134
4000681,215.2(3)
4000759,298
4000953,1234.1
4000954,1234.1
4000965,189
4000966,131
4000967,178
4001182,1913
4001183,1913
4001184,1913
4001185,1913
4001186,1913
4001187,1913
4001188,1913
4001189,1913
4001190,1913
4001191,1913
4001192,1913
4001193,1913
4001194,1913
4001195,1913
4001196,1913
4001197,1913
4001198,1913
4001199,1913
4001200,1913
4001201,1913
4001202,1913
4001203,1913
4001204,1913
4001205,1913
4001206,1913
4001208,1913
4001392,199
4001402,1103
4001541,171.0(10)
4001581,136
4001659,450.6(15)
4001661,323
4001774,"754 K, peritectical decomposition"
4001775,"754 K, peritectical decomposition"
4001850,380.4(3)
4001851,400.9(5)
4001852,477.0(4)
4001853,473.2(6)
4001854,"891 K, peritectic decomposition"
4001855,"891 K, peritectic decomposition"
4001908,N//A
4001909,N//A
4001910,N//A
4001911,N//A
4001912,N//A
4001913,N//A
4001914,N//A
4001915,N//A
4001916,N//A
4001917,N//A
4001918,N//A
4001919,N//A
4002003,439.2(5)
4002004,400.2(5)
4002005,393.7(5)
4002016,511(2)
4002017,469.1(10)
4002018,450.6(15)
4002019,470.1(10)
4002020,493.1(10)
4002828,755
4002956,435.15
4003664,502
4020006,423.5(5)
4020031,63
4020081,360.3
4020086,68.0
4020087,78.5
4020091,210
4020105,433.15
4020117,386.5(5)
4020118,386
4020119,387.0(10)
4020120,353.5(5)
4020176,214.5(5)
4020198,510.6(5)
4020208,442.1(10)
4020223,346.0(10)
4020307,65
4020333,466
4020334,453.5
4020419,127
4020462,54.6(3)
4020463,98.0(5)
4020464,46.2(3)
4020465,71.8(5)
4020466,393.5(5)
4020467,345.5(5)
4020468,430.5(5)
4020572,124.0(10)
4020578,240
4020630,178.0(5)
4020631,186.2(8)
4020632,149.0(10)
4020633,172(2)
4020634,180.0(10)
4020636,134.0(10)
4020673,360.0(10)
4020733,124.0(10)
4020745,454.15
4020751,200.0(10)
4020752,256.0(10)
4020753,284.0(10)
4020759,58
4020760,88
4020770,305.0(10)
4020776,205.0(10)
4020812,162
4020845,429.0(10)
4020846,471
4020875,389(1)
4020907,394.15
4020908,394.15
4020909,342.6(5)
4020910,419.0(10)
4020911,493.0(10)
4020912,532.0(10)
4020913,419.0(10)
4020914,455.5(5)
4020982,139.8(3)
4021046,350.15
4021066,434.0(10)
4021067,434.0(10)
4021090,319.6(5)
4021091,370.50(15)
4021101,282
4021119,422.15
4021120,359.15
4021121,359.15
4021122,347.15
4021123,385.15
4021124,378.15
4021134,336.1(10)
4021202,434.6(5)
4021203,602(2)
4021248,80.5(5)
4021250,80.5(5)
4021253,153.5(5)
4021320,343
4021339,30
4021340,134
4021353,523
4021410,72(3)
4021411,149.0(10)
4021412,189.5(5)
4021413,219.0(10)
4021417,449
4021425,348.1(10)
4021483,437.5(5)
4021489,344.0(10)
4021491,347
4021492,336
4021493,357
4021494,328
4021495,327
4021496,336
4021497,317
4021498,318
4021499,318
4021547,107
4021548,66
4021620,425
4021653,386.6(15)
4021654,263.5(5)
4021655,277.5(5)
4021656,179.5(5)
4021657,220.5(5)
4021660,370.0(10)
4021661,502.5(5)
4021723,87
4021739,564(2)
4021742,516.6(5)
4021743,488.6(5)
4021750,145.5
4021765,540.1(10)
4021766,517.6(5)
4021827,513
4021828,519
4021829,493
4021871,120
4021873,134
4021941,375
4021953,450
4021969,417
4021975,163.3(3)
4022026,460
4022027,390
4022038,215-25deg.C
4022044,439.6(15)
4022045,358.6(15)
4022049,390.4(3)
4022050,388.6(15)
4022055,523
4022171,440.65
4022172,426.15
4022173,430.15
4022174,437.15
4022212,441.1(10)
4022213,441.1(10)
4022214,439.7(4)
4022252,359
4022266,408.15
4022267,417.15
4022346,187.0
4022377,126.0(10)
4022378,377.15
4022408,438.7(2)
4022411,557.2(4)
4022412,567.30(10)
4022414,328.6(5)
4022415,178
4022416,178.5(5)
4022417,233.5(5)
4022442,227.0(10)
4022443,128.0(10)
4022444,249.0(10)
4022445,213.0(10)
4022446,280.5(15)
4022447,227.0(10)
4022448,128.0(10)
4022449,249.0(10)
4022450,213.0(10)
4022451,280.5(15)
4022452,168.5(5)
4022477,111.0(10)
4022484,473.15
4022487,536
4022503,391.6(5)
4022504,411.6(5)
4022505,404.6(5)
4022506,375.6(5)
4022508,190
4022509,184
4022535,432.5-424
4022553,64
4022554,82
4022555,63
4022565,422.1(10)
4022566,441.1(10)
4022580,102
4022609,142
4022610,141
4022611,122
4022630,488.6(5)
4022631,352.6(5)
4022675,405
4022676,385
4022701,513(1)
4022722,215.5(5)
4022729,341
4022737,349
4022748,132
4022749,129
4022750,196
4022755,238(1)
4022756,208(1)
4022757,200(1)
4022779,530.1(10)
4022780,517.15
4022781,415.15
4022782,435.15
4022783,429.15
4022784,405.15
4022785,439.15
4022786,429.15
4022787,431.15
4022788,395.15
4022789,445.15
4022790,408.15
4022791,415.15
4022805,368(2)
4022806,400(2)
4022807,388(2)
4022836,358.8(6)
4022951,145
4022955,429.1(10)
4023124,481
4023125,472
4023126,374.5(5)
4023127,373
4023194,413
4023195,438
4023196,174
4023217,401.15
4023218,343.15
4023249,382
4023318,121.5(5)
4023329,450.1(6)
4023330,444.3(4)
4023331,439.2(3)
4023332,403.6(14)
4023333,431.4(12)
4023344,127
4023345,153
4023408,397.5(5)
4023441,423
4023594,434.0(10)
4023711,400.0(10)
4023755,397
4023756,432
4023820,107.2
4023898,117.5(15)
4023952,467
4023953,469
4023954,522
4024004,385.5(5)
4024005,347(5)
4024006,388.5(5)
4024010,380.15
4024011,445.15
4024012,439.15
4024013,434.15
4024014,439.15
4024015,429.15
4024016,471.15
4024017,456.15
4024018,467.15
4024019,445.15
4024020,376.15
4024021,425.15
4024051,154.5(5)
4024052,157.5(5)
4024087,382
4024089,56
4024090,115
4024327,424
4024352,481
4024410,367(2)
4024516,154.5(5)
4024549,397(1)
4024566,390
4024659,201.2(1)
4024662,504.4
4024665,673.15
4024673,130.0(10)
4024756,623
4024775,288.5(5)
4024795,419.1(10)
4024847,213.5(5)
4025021,120
4025022,128
4025059,254
4025133,412
4025162,186
4025166,637
4025167,555
4025168,558
4025191,435.5(5)
4025192,432.0(10)
4025301,123.0(10)
4025302,177.5(15)
4025368,547.1(10)
4025369,461.6(5)
4025443,384
4025444,390
4025445,400
4025446,368
4025525,343
4025556,80.8
4025557,95.2
4025558,47.7
4025566,431.15
4025567,184
4025568,221
4025569,153
4025570,204
4025571,195
4025572,208
4025574,452
4025575,478
4025587,365.15
4025588,367.15
4025589,425.15
4025590,421.15
4025591,415.15
4025596,511.5(5)
4025597,366.6(5)
4025598,31-31 Celsius
4025616,343.6(5)
4025617,422.6(5)
4025619,378.1(10)
4025751,121.0(10)
4025773,382
4025791,143\/D144
4025792,217
4025793,238\/D239
4025865,435.1(10)
4025866,440.1(10)
4025879,275(1)
4025952,460
4025992,116
4025993,140(2)
4026044,352(1)
4026046,363(2)
4026047,358(1)
4026048,353(1)
4026049,336(1)
4026050,364(1)
4026051,374(1)
4026263,227(1)
4026398,158(1)
4026456,399
4026457,429
4026484,150
4026485,391
4026533,385
4026543,440.1(10)
4026574,343(1)
4026647,476.5(5)
4026648,489.8(4)
4026649,495.7(5)
4026650,476.4(6)
4026708,487.2(4)
4026710,426.8(4)
4026750,472.1
4026751,360.6
4026754,352
4026760,202.7
4026761,409(1)
4026762,376(1)
4026763,370(1)
4026771,461(1)
4026772,472.5(5)
4026773,493(1)
4026864,411
4026865,366(3)
4026866,525(3)
4026907,553
4026924,508(1)
4027002,459
4027043,419(1)
4027044,442(1)
4027144,416.3
4027145,466.2
4027211,439
4027212,455
4027218,387(1)
4027219,401(1)
4027220,398(1)
4027272,573
4027273,573
4027301,470(1)
4027410,475
4027514,442.6
4027515,407
4027516,449
4027676,398(1)
4027751,421.0(5)
4027759,333
4027760,367
4027850,150(2)
4027859,471
4027860,490
4027861,464
4027862,492
4028065,468(1)
4028126,392(2)
4028219,492
4028220,499
4028221,499
4028255,432
4028295,386
4028296,489
4028297,433
4028408,419
4028483,442
4028627,348
4028736,404
4028737,398
4028861,448
4028862,450
4028863,496
4028864,385(1)
4028865,419(1)
4028866,418(1)
4028867,429(1)
4028868,462(1)
4028869,434(1)
4028870,486(1)
4028895,417
4028904,378.5(15)
4028906,316.0(10)
4028907,462.0(10)
4028908,349.0(10)
4028916,480(2)
4028920,536.1(10)
4028921,400.6(15)
4028922,422.6(15)
4028955,234.5(15)
4029013,428
4029060,402.0(10)
4029066,106
4029067,122
4029068,132
4029069,192
4029070,175
4029071,145
4029072,158
4029073,116
4029204,164.5(5)
4029313,139.5(5)
4029384,178.0(10)
4029385,101.0(10)
4029386,179.0(10)
4029387,125.0(10)
4029388,239.5(5)
4029389,133(3)
4029390,178.0(10)
4029391,193.5(5)
4029392,242(2)
4029393,135.0(10)
4029394,151.5(15)
4029395,242.5(5)
4029396,136.5(15)
4029397,176.5(15)
4029398,120(2)
4029399,209.5(5)
4029400,124(3)
4029401,179.0(10)
4029402,164.5(5)
4029403,141.0(10)
4029404,140(2)
4029405,176(2)
4029406,108(2)
4029407,222.0(10)
4029408,132.0(10)
4029409,104(2)
4029410,203.0(10)
4029411,195.0(10)
4029412,119.0(10)
4029413,239.5(5)
4029414,171.0(10)
4029415,136(3)
4029416,182.0(10)
4029417,233(2)
4029555,236.0(10)
4029561,72
4029562,94
4029695,57.2(8)
4029746,185
4029764,467
4029857,416.8(3)
4029969,420
4030096,364.6(15)
4030097,71.0(10)
4030299,485
4030322,496
4030325,449.6(15)
4030336,528
4030550,89.0(10)
4030551,132.5(5)
4030552,80.5(5)
4030553,121.5(5)
4030560,633
4030561,633
4030562,493
4030580,424.2(5)
4030818,485.5(5)
4030959,241
4030960,189
4031020,471
4031022,513
4031023,469
4031025,168
4031026,93
4031100,478.0(10)
4031148,421
4031149,421
4031150,421
4031151,421
4031155,388
4031344,381
4031533,373.8(6)
4031534,409.8(11)
4031747,460
4031913,482
4031922,432
4031931,515
4031932,458
4032038,438
4032039,475
4032040,505
4032070,401.0(10)
4032071,481.0(10)
4032073,505.6
4032139,403
4032140,393
4032156,205
4032157,501
4032201,373.5
4032232,300
4032233,230
4032432,469
4032433,404
4032481,601
4032566,265.0(10)
4032567,252.0(10)
4032568,189.0(10)
4032569,251.0(10)
4032570,307.0(10)
4032571,133.0(10)
4032572,183.0(10)
4032573,211.0(10)
4032600,443.4(5)
4032602,413
4032667,300
4032682,155.0(10)
4033048,141
4033049,118
4033262,152
4033305,82.4
4033306,82.5
4033593,182.0(10)
4033616,434
4033617,433
4033618,415
4033799,120
4034060,341.0(10)
4034061,217.0(10)
4034075,482
4034076,420
4034103,441
4034104,406
4034105,444
4034200,376
4034284,622
4034542,418
4034636,203.0(10)
4034637,196.0(10)
4034682,132.5(5)
4034731,176.0(10)
4034732,145.0(10)
4034733,174.0(10)
4034734,159.0(10)
4034735,146.0(10)
4034736,152.0(10)
4034806,334
4034807,353
4034834,253
4034968,379.6
4034969,404.9
4034977,352.2(8)
4034980,523.15
4034987,453.15
4034988,Decomp
4034989,502.15
4034990,486.15
4034991,517.15
4035164,467
4035209,523
4035212,623
4035240,412
4035292,399
4035320,324
4035502,203.5(5)
4035504,411
4035505,395
4035506,364
4035636,343.1(10)
4035869,468.15
4036151,488
4036162,420.1(10)
4036211,375.1
4036212,345.15
4036280,460.6(5)
4036281,409.6(5)
4036304,401
4036305,376
4036307,348
4036308,386
4036309,374
4036310,369
4036475,420
4036476,312
4036492,386.6(5)
4036494,135
4036513,403.1(10)
4036551,above 230
4036552,above 230
4036553,above 230
4036554,Above 230
4036646,362
4036647,361
4036678,469.6(5)
4036679,unk
4036680,unk
4036681,unk
4036826,430.5(5)
4036827,447.0(10)
4036828,475.5(5)
4036829,490.5(5)
4036830,504.5(5)
4036831,477.5(5)
4036832,381.0(10)
4036833,501.5(5)
4036834,476.5(5)
4036835,467.0(10)
4036836,390.0(10)
4036837,426.0(10)
4036838,421.5(5)
4036839,497.0(10)
4036840,471.0(10)
4036841,512.0(10)
4036842,488
4036843,458.0(10)
4036844,450.0(10)
4036845,379.0(10)
4036846,491.5(5)
4036847,494.5(5)
4036848,516.0(10)
4036849,467.0(10)
4036850,464.0(10)
4036851,445.5(5)
4036977,75.5(5)
4037004,398.1(10)
4037005,416.1(10)
4037006,465.6(5)
4037007,430.1(10)
4037045,344.1(10)
4037046,352.1(10)
4037047,392.1(10)
4037048,376.1(10)
4037050,355
4037054,189
4037105,72.0(10)
4037188,394
4037189,385
4037190,356
4037191,382
4037192,359
4037206,459.5(5)
4037229,342
4037237,183
4037271,481.15
4037355,475.0(10)
4037356,495.5(5)
4037357,454.0(10)
4037358,453.0(10)
4037359,461.0(10)
4037360,520.0(10)
4037361,450.0(10)
4037362,474.0(10)
4037363,450.0(10)
4037364,515.0(10)
4037365,534.5(5)
4037366,517.0(10)
4037367,380.0(10)
4037368,477.0(10)
4037369,489.0(10)
4037370,413.0(10)
4037371,475.0(10)
4037372,466.5(5)
4037373,486.0(10)
4037374,450.0(10)
4037375,394.0(10)
4037376,441.0(10)
4037394,537
4037395,505
4037438,370
4037439,405
4037584,361.5 degC - 363.6 degC
4037606,187
4037616,333
4037633,132.0(10)
4038038,349.2(5)
4038343,394
4038344,336
4038870,486
4038872,453
4038873,453
4038931,593
4038932,568
4038933,562(1)
4038934,393.7(15)
4038935,601
4060030,413
4060577,535.4(3)
4060578,484.4(3)
4060805,494(1)
4060806,509(1)
4060807,497(1)
4060808,510(1)
4060922,124.5(5)
4060923,241.0(10)
4060924,241.0(10)
4060925,97.5(5)
4060926,217.5(15)
4061189,284.0(10)
4061210,380
4061211,548
4061369,72 - 74C to red melt
4061385,185.1
4061386,241.2
4061451,240
4061507,93.5(5)
4061513,523.5(5)
4061514,513.0(10)
4061940,395.9(3)
4061942,405.6(10)
4062131,397(1)
4062132,406(1)
4062294,323
4062315,97.0(10)
4062565,435.6(5)
4062566,[put melting point here]
4062685,451.15
4062706,392.1(10)
4062707,366.6(5)
4062708,362.6(5)
4062817,87.5(5)
4063077,428
4063160,416.6(15)
4063161,521.1(10)
4063162,403.1(10)
4063193,impossible to measure
4063195,99.0(10)
4063196,99.0(10)
4063197,112.5(5)
4063198,126.5(5)
4063398,468
4064570,485
4064571,405
4064572,425
4064671,455
4064679,418
4064885,210-230 C (dec)
4064886,473(2)
4064887,552.1(10)
4064888,494.1(10)
4064950,384(1)
4064986,491.2(3)
4065922,454
4065923,430
4066347,188
4066541, No special details
4066704,156
4067482,371
4067483,371
4067484,377
4067485,383
4067486,371
4067660,457
4067661,423
4067662,476
4067663,488
4067664,493
4067665,457
4067666,453
4067667,493
4068539,59.5(5)
4068549,479.5(15)
4068551,484.0(10)
4068554,521.5(5)
4068706,512
4068707,477
4068764,413
4068765,393
4069021,180
4069023,126
4069024,117
4069250,316.6(5)
4069713,413.15
4070263,401
4070264,469
4070265,89.0(10)
4070266,175(2)
4070267,189.5(15)
4070268,213.5(5)
4070269,123.5(5)
4070270,114.0(10)
4070271,173.5(15)
4070272,97.5(15)
4070273,156.0(10)
4070274,66.5(15)
4070275,93.5(5)
4070540,500
4070541,452
4070751,176
4070752,197
4070753,197
4070754,190
4070755,210
4071061,429
4071062,375
4071063,487
4071064,404
4071264,82&#x00B0;C
4071265,126&#x00B0;C
4071266,139&#x00B0;C
4071341,528
4071492,>360&#x00B0;
4071494,>360&#x00B0;
4071628,435
4071629,421
4071630,246
4071879,451
4072271,-179.55
4072394,0
4072488,457
4072489,424
4072604,406 K decomp. without melting
4072605,358
4072617,346
4072618,474
4072619,404
4072620,383
4072621,409
4072622,523
4072623,482
4072667,552.15
4072668,561.15
4072669,558.15
4072714,466
4072715,407
4072716,366
4072717,454
4072762,209
4072778,460.6(15)
4072779,479.6(15)
4072898,382.1(10)
4072899,370.1(10)
4072978,166.5(5)
4072979,196.5(5)
4072980,152.0(10)
4072981,435.6(5)
4073057,452(1)
4073058,423(3)
4073087,200+
4073088,234
4073133,344
4073134,395
4073491,339
4073522,"423, dec > 433"
4073527,173
4073592,468
4073593,190
4073594,492
4073685,463
4073775,144
4073776,155
4074063,459
4074065,463
4074085,118
4074291,396
4074336,537(8)
4074448,502
4074450,500
4074623,133-135 &#x00B0;C
4074624,133-135 &#x00B0;C
4074625,168-169 &#x00B0;C
4074626,168-169 &#x00B0;C
4074627,176-177 &#x00B0;C
4074879,124.5(5)
4074880,241.0(10)
4074881,241.0(10)
4074882,97.5(5)
4074883,217.5(15)
4074957,227
4075116,404
4075117,359
4075118,387
4075119,433
4075220,71.5(15)
4075645,190
4075647,275.0(10)
4075681,374
4075682,381
4075758,293
4075801,91.0(10)
4075802,145-7
4075803,92-3
4075811,407
4075812,362
4075813,326
4075814,283
4075834,198.2(3)
4075904,438(5)
4075942,97.0(10)
4075943,127.5(5)
4076278,_C (dec.)
4076811,366.15
4076822,153-155 &#x00F8;C
4076924,484(1)
4076925,456(1)
4076926,496(3)
4077031,291.0(10)
4077032,297.5(5)
4077033,252.0(10)
4077034,471.5(15)
4077035,462(2)
4077141,543
4077348,517-519 K with decomposition
4077350,469-470 K (decom)
4077355,430(4)
4077513,108.5(5)
4077566,182_C (decay)
4077567,187_C (decay)
4077568,180_C (decay)
4077657,396
4077658,396
4077819,300.15
4077820,313.15
4077821,319.15
4078104,377
4078105,367
4078106,371
4078199,240&#x00A1;&#x00E3;C(dec.)
4078335,351.15
4078353,121=F8C
4078371,405.15
4078372,428.15
4079207,413
4079208,436
4079209,443
4079210,408
4079211,366
4079426,242
4079427,570
4080298,330-334&#x00A1;&#x00E3;C
4080299,336-340&#x00A1;&#x00E3;C
4080300,338-342&#x00A1;&#x00E3;C
4080301,Dec temp. 258&#x00A1;&#x00E3;C
4080302,Dec temp. 256&#x00A1;&#x00E3;C
4080815,396
4080816,409
4080817,383
4080818,419
4080819,402
4080820,404
4080901,371.5(5)
4081208,428.5(5)
4081247,321
4081248,296
4081250,347
4081251,406
4081252,383
4081253,498
4081254,393
4081480,396
4081481,405
4081482,485
4081483,400
4081634,191.15
4082266,245
4082267,165
4082268,179
4082907,125
4083397,182.5(5)
4083399,160.0(10)
4083400,167.5(5)
4083488,461.6(15)
4083489,421.6(5)
4083490,> 250 (dec.) degrees C
4083491,433.1(10)
4083492,444.6(15)
4083901,443
4083902,403
4085681,.
4085944,133(2)
4085945,113.5(15)
4085946,224.0(10)
4085947,305
4086637,438.5(5)
4086638,378.5(5)
4086639,452.5(5)
4086640,452.5(5)
4086641,378.5(5)
4086642,433.0(10)
4086705,423.4
4086706,492.1
4086707,481.4
4086708,471.9
4086709,436.9
4087414,415
4087415,433
4087458,324
4087968,168.0(10)
4087969,106.5(10)
4087970,143.5(10)
4087971,268(2)
4088061,464
4088062,441
4088063,453
4088064,472
4088289,360
4088290,403
4088291,437
4088292,568
4088293,551
4088294,539
4088863,437
4088864,442
4089105,530
4089106,598
4089285,220
4089286,220
4089366,?;
4089429,"desolvation 150C, mp host 190-191C"
4100026,368
4100235,235-7 C
4100368,106
4100374,611.1(5)
4100422,542.1(10)
4100555,85.5(15)
4100556,155.5(15)
4100579,228.5(15)
4100580,233.5(15)
4100598,476.0(10)
4100667,393
4100668,373
4100669,389
4100876,250
4100877,250
4100879,541
4101087,160\% C (dec. violently)
4101088,581.6(4)
4101089,567.6(6)
4101090,458
4101091,431.05
4101490,165.0(10)
4101491,160.5(5)
4101554,346.0(4)
4101555,346.0(4)
4101556,346.0(4)
4101581,184.0(10)
4101721,111
4101735,171.0(10)
4101737,95
4101771,250
4102506,569
4102507,505
4102508,545
4102511,459
4102666,365
4102667,352
4102668,352
4102775,??
4102861,448(2)
4102862,448(2)
4102863,450(2)
4103037,181
4103038,258
4103624,416(2)
4103625,419(2)
4103626,419(2)
4103921,553(2)
4103943,863
4103997,94
4103998,209
4103999,209
4104007,450.15
4104009,398.15
4104021,317
4104577,420
4104578,94
4104863,353
4105034,525(3)
4105041,194.15
4105212,438
4105329,761
4105360,347
4105361,361
4105544,392(2)
4105545,428(1)
4105546,402(2)
4105547,403(2)
4106126,398.9
4106127,411.1
4106128,384.9
4106129,418.5
4106798,362.3(2)
4106822,405(1)
4106972,589(1)
4106973,390(1)
4107149,353(1)
4107150,305(1)
4107167,453(1)
4107194,423(2)
4107595,134
4107616,428
4107620,364(1)
4107621,428
4107622,459(1)
4107623,441
4107624,373
4107630,501(1)
4107833,543(1)
4107838,398(1)
4107839,398(1)
4107840,398(1)
4107841,398(1)
4107842,398(1)
4107843,400(1)
4107844,400(1)
4107845,400(1)
4107846,400(1)
4107940,224
4107941,175
4108134,425(1)
4108135,422(1)
4108136,422(1)
4108137,531(1)
4108147,433(1)
4108149,430(1)
4108150,442(1)
4108338,394(1)
4108454,335(1)
4108912,454(1)
4108914,449(1)
4109140,574
4109142,563
4109143,589
4109145,581
4109165,468
4109166,494
4109168,531
4109297,366
4109316,401
4109317,375
4109448,554.3
4109449,567.3
4109525,376
4109575,468(2)
4109576,492(1)
4109783,361
4109784,401
4109785,430
4109804,1273
4109822,573
4109833,573
4109834,573
4109856,560
4109857,496
4109971,383
4109972,361
4110043,228
4110044,228
4110045,228
4110046,228
4110047,228
4110048,228
4110049,228
4110095,393
4110188,559
4110253,637
4110254,660
4110255,660
4110369,380
4110421,494
4110422,381
4110425,462
4110435,481(1)
4110520,509.9
4110521,453.6
4110601,450
4110605,486(1)
4110612,388(1)
4110613,347(1)
4110614,324(1)
4110615,375(1)
4110616,355(1)
4110617,458(1)
4110618,395(1)
4110626,433
4110897,456
4110929,485(1)
4110963,326
4110989,487(1)
4111109,548
4111145,317
4111146,329
4111147,432
4111258,364
4111259,396
4111260,336
4111261,416
4111474,438(1)
4111485,543
4111486,579(1)
4111487,579(1)
4111488,573
4111489,573
4111516,537(1)
4111567,447(1)
4111636,540
4111637,571
4111638,534
4111776,167.5(5)
4111793,435(1)
4111823,435.0(5)
4111831,384
4111832,424
4111833,409
4111834,431
4111835,362.4
4111836,402.5
4111837,433.3
4111838,410.70
4111839,434
4111840,448.4
4111841,451
4111842,477
4111876,513
4111894,474
4111895,517
4111923,429
4111924,365
4111925,367
4111926,386
4111928,447
4111929,428
4111930,394
4111931,429
4111932,426
4111994,346
4111995,348
4112019,251
4112194,452(2)
4112309,435
4112339,398
4112340,398
4112341,398
4112342,398
4112343,398
4112344,341
4112345,341
4112346,341
4112347,341
4112348,341
4112349,341
4112350,341
4112368,342(1)
4112496,427(1)
4112581,311
4112830,376(1)
4112831,471(1)
4112833,382(1)
4112847,384(1)
4113067,405
4113068,437
4113069,407
4113315,536(4)
4113342,378
4113343,408
4113467,488
4113468,458
4113514,553
4113515,344
4113516,491
4113517,503
4113570,364
4113571,396
4113603,322(1)
4113604,352(1)
4113605,480(1)
4113606,366(1)
4113607,362(1)
4113608,455(1)
4113691,445(1)
4113721,633(1)
4113735,433
4113827,372(1)
4113878,497(2)
4113879,454(2)
4113880,358(1)
4113881,379(1)
4114063,415(1)
4114064,405(1)
4114126,377(2)
4114138,583
4114306,629
4114307,547
4114308,520
4114326,462(1)
4114376,390
4114378,437
4114385,455(3)
4114386,421
4114387,421
4114388,496
4114389,415
4114390,459
4114391,380
4114392,421
4114393,485
4114394,480
4114395,387(1)
4114396,390(1)
4114397,547(2)
4114398,429(1)
4114431,464.5
4114464,470(1)
4114465,470(1)
4114516,304
4114517,450
4114518,567
4114519,569
4114520,517
4114550,424
4114551,459
4114552,458
4114646,441(1)
4114647,454(1)
4114817,405(1)
4114967,375(1)
4114968,476
4114969,470
4115007,400(1)
4115018,419(1)
4115101,351
4115102,375(1)
4115103,363(1)
4115104,374
4115137,366(1)
4115138,386(1)
4115162,301(2)
4115163,301(2)
4115164,413(2)
4115190,471(2)
4115215,498(2)
4115225,434(1)
4115234,579(1)
4115381,418(1)
4115382,438(1)
4115383,418(1)
4115394,282(1)
4115422,468(1)
4115460,432(1)
4115480,521
4115550,453
4115565,414
4115753,398
4115754,398
4115755,398
4115756,398
4115757,433
4115758,433
4115759,433
4115838,596
4115979,469(1)
4115980,469(1)
4115981,476(2)
4115982,506(2)
4115983,452(2)
4115987,656
4115989,546
4116003,415(1)
4116011,468
4116012,412
4116014,433
4116020,424(1)
4116054,411(1)
4116055,419(1)
4116105,504(1)
4116125,489
4116126,503
4116127,472
4116131,322
4116132,385
4116133,423
4116135,545(1)
4116139,462.5
4116140,408.6
4116141,461
4116142,372
4116143,426
4116144,379
4116145,417
4116146,379.5
4116147,407.5
4116148,462.5
4116149,408.6
4116150,461
4116151,372
4116152,426
4116153,379
4116154,379
4116155,417
4116156,379.5
4116338,506(1)
4116339,438(1)
4116340,450(1)
4116394,391(1)
4116395,393(1)
4116520,404
4116521,404
4116522,404
4116523,404
4116524,404
4116525,404
4116526,404
4116527,404
4116536,473
4116610,547(1)
4116677,550
4116703,589
4116720,471
4116721,437(1)
4116741,499(1)
4116766,463
4116791,216
4116819,231
4116820,239
4116821,260
4116822,267.5
4116823,277
4116824,231
4116825,225
4116838,425(2)
4116968,249
4116978,399(1)
4117003,516(1)
4117061,483(1)
4117094,242
4117100,196
4117115,535(1)
4117153,289
4117175,185
4117176,191
4117191,211
4117211,374(1)
4117212,427(1)
4117213,408
4117214,412(1)
4117216,366(1)
4117553,444(1)
4117857,481
4118078,393.85
4118080,397.35
4118081,397.09
4118082,398.1
4118083,402.8
4118449,475(1)
4118540,1041
4118541,1041
4118542,993
4118956,467
4118957,412
4119080,197
4119309,463
4119310,544
4119859,439(1)
4119860,468(1)
4120189,385
4120201,475.2
4120236,561(1)
4120464,359(2)
4120495,242.5(5)
4120907,423(1)
4120908,423(1)
4120909,423(1)
4121616,187(3)
4121617,240(2)
4121884,117.5(5)
4122092,426
4122093,368
4122211,439.1(10)
4122431,330.6(5)
4122593,502.1(10)
4123156,128
4123224,115.5(15)
4123225,99.0(10)
4123226,128
4123274,930
4123275,930
4123276,930
4123590,C21 H22 N4 O7
4124616,see supporting information
4124617,please see SI
4125534,"120 \%C, sublimed"
4126072,310
4126669,437.5
4126670,434.3
4128217,519(2)
4128218,500(2)
4129283,412.5(5)
4129405,84-86&#x00B0;C (hexane)
4130458,483.2(4)
4130459,470.4(4)
4130460,449.20(15)
4130462,543.6(5)
4133124,600
4133125,500
4133126,600
4133128,500
4133910,840
4133911,840
4134114,142.0(10)
4134116,144.0(10)
4134160,663 K (onset)
4134161,679 K (onset)
4134162,694 K (onset)
4134163,705 K (onset)
4300064,316(1)
4300065,315(1)
4300150,337
4300226,366
4300227,410
4300228,400
4300229,343
4300230,366(2)
4300231,366(2)
4300528,608.15
4300529,593.15
4300530,593.15
4300531,598.15
4300556,not measuerd
4301451,148.8
4301453,194.8
4301454,135
4301455,108
4301456,124
4301457,169
4301563,192
4301564,141
4301565,166
4301613,211(1)
4301614,169.5(15)
4301646,432.15
4301647,415.15
4302546,290
4302547,280
4302548,275
4302549,272
4302550,285
4302551,285
4302552,292
4302868,171
4302890,379
4302891,379
4302892,449
4302893,449
4303542,397
4303544,408
4303545,341
4304118,373
4304119,383
4304120,292
4304548,404
4304549,323
4304586,143.5(15)
4304876,456.5(15)
4304877,456.5(15)
4304928,326-332 deg.C (dec.)
4304929,198-200 deg.C (dec.)
4304930,178-214 deg.C (dec.)
4304932,225-290 deg.C (dec.)
4304933,289-293 deg.C (dec.)
4304935,198-201 deg.C (dec.)
4304936,206-207 deg.C (dec.)
4305448,oxidizes upon heating on air up to 100 C
4305449,oxidizes upon heating on air up to 100 C
4305450,oxidizes upon heating on air up to 100 C
4305451,oxidizes upon heating on air up to 100 C
4305474,513
4305475,339
4306006,149
4306007,101
4306008,88.5
4306009,152
4306010,141
4306011,160
4306314,260
4306316,260
4306351,210
4306352,155
4306353,183
4306354,100
4306355,102
4306356,105
4306357,110
4306723,474
4307000,444
4307490,443
4307491,393
4307492,485
4307493,507
4308055,140
4308056,110
4308321,304
4308322,318
4308816,525
4308817,525
4308818,538
4308819,538
4308820,538
4308821,454
4308822,468
4308823,426
4308824,436
4308848,428
4308849,461
4308850,555
4308851,535
4308852,463
4308853,488
4309349,399
4309350,120
4309352,505.5(15)
4309353,479.0(10)
4309354,456.5(15)
4309355,489.0(10)
4309356,418.5(15)
4309483,1207.0
4309484,945.0
4309485,1175.0
4309576,168.8(8)
4309578,165.167
4309580,105.0(10)
4309583,109.5(5)
4309953,281
4310025,573
4310035,C34 H56 N4 O3 Ti
4310130,80-120deg.C (dec.)
4310131,80-165deg.C (dec.)
4310452,200(docomp.)
4310453,183
4310467,450
4310468,565
4310495,413
4310496,395
4310497,461
4310498,461
4310671,563
4310917,334(1)
4310918,373(1)
4310919,311(1)
4310920,351(1)
4311223,483
4311499,68(1)
4311568,216
4311569,262
4311570,258
4311571,243
4311572,240
4311573,232
4311575,264
4311576,229
4311577,229
4311578,243
4311579,164
4311580,244
4311597,395.6(5)
4311770,484
4311795,419
4311862,277.6
4311863,249.0
4311964,174
4311965,172.5
4311966,202
4312215,623.15
4312216,564.6(15)
4312277,394(2)
4312278,409.5(15)
4312279,501(2)
4312280,515.5(15)
4312373,147(1)
4312454,400(2)
4312530,157(3)
4312755,593
4312877,Na[Dy(DOTA)(H~2~O)]^.^NaOH^.^7H~2~O
4313467,decomposition
4313468,decomposition
4313469,decomposition
4313682,decompsition
4313757,499
4313758,327.0(10)
4313917,Decomposes
4313989,352.1(10)
4313990,352.1(10)
4313991,352.1(10)
4314348,Decomposes above 200 degree celsius
4314385,505
4314386,484
4314387,485
4314388,488
4314389,493
4314593,190-195 deg.C (dec.)
4315306,665
4316135,347.6
4316139,287
4316140,240
4316141,261
4316524,332
4316525,274
4316711,339(3)
4316712,336(3)
4316715,471
4316904,decomposes upon heating to 188 C
4316905,dec. at ~160 o C
4316906,decomposes > 120 C
4316983,401.
4316984,401.
4316986,170
4316987,170
4317526,257
4317668,168
4317669,168
4317683,-452.7
4317930,245
4317931,240
4317932,296
4317933,293
4317956,425
4317957,415
4318091,-452.7
4318285,456
4318286,403
4318287,442
4318288,431
4318289,423
4318290,436
4318291,458
4318438,330.6(5)
4318454,346
4318540,172.0
4318566,decomposition
4318818,575
4318826,Co2(C42H42N12)(BF4)4(H2O)
4318954,decomposes before melting
4319010, ? 
4319011, ? 
4319012, ? 
4319013, ? 
4319014, ? 
4319015, ? 
4319224,425.15
4319225,425.15
4319226,348.15
4319227,407.15
4319239,251.15
4319357,514.1(10)
4319358,511(2)
4319456,decomposes
4319493,451(2)
4319495,612
4319496,583
4319497,618
4319498,581
4319499,429
4319616,195
4319617,221
4319618,217
4319619,238
4319620,128
4319621,207
4319622,250
4319647,365.6(5)
4319654,decomposes before melting
4319655,decomposes before melting
4319656,decomposes before melting
4319657,decomposes before melting
4319658,decomposes before melting
4319706,247.0(10)
4319766,225
4320009,249
4320010,220
4320011,184
4320012,185
4320013,120
4320021,522
4320025,521
4320051,-452.7
4320093,233.15
4320281,407.35
4320435,483
4320476,90
4320477,168
4320478,124
4320479,240
4320480,170
4320543,149
4320581,200
4320582,172
4320655,181(1)
4320658,311(1)
4321084,165
4321181,149
4321182,70
4321183,174
4321605,113
4321821,583
4321851,191
4321852,221
4321997,463
4322095,311(2)
4322096,432(2)
4322097,472(2)
4322181,65
4322206,483
4322207,533
4322208,509
4322209,563
4322656,352(4)
4322657,362(3)
4322784,162
4322801,176
4322810,134
4322852,470(4)
4322913,506(2)
4323022,493
4323091,322(2)
4323111,467
4323112,272
4323344,121
4323358,396
4323359,392
4323387,465
4323400,159
4323401,157
4323425,232
4323435,530(3)
4323438,214
4323449,148
4323450,140
4323452,240
4323453,155
4323491,394.15
4323595,160
4323694,263
4323695,198
4323696,261
4323697,151
4323698,175
4323721,423(3)
4323748,437(2)
4323841,322
4323855,498
4323856,533
4324053,477
4324783,398
4324784,396
4324785,419
4324786,438
4324787,346
4324788,375
4324789,573
4324790,479
4324803,80
4325140,293(2)
4325141,292(2)
4325142,289(2)
4325218,378(1)
4325222,390(3)
4325224,381(1)
4325226,381(1)
4325227,397.0(5)
4325230,400(1)
4325244,315
4325245,314
4325246,353
4325830,429
4326186,472
4326187,458
4326188,478
4326213,234
4327471,457(1)
4327472,523
4327473,377(2)
4327474,380(1)
4327475,482(1)
4327591,471
4327592,458
4327593,557
4327595,475
4327627,437(1)
4327628,507(1)
4327682,430
4328601,451
4328602,550
4328604,468
4328967,1373
4328968,1373
4328969,1373
4329016,349
4329336,330
4329337,397
4329636,447(2)
4329637,449(2)
4329802,791
4329803,828
4331466,decomposes before melting
4331493,394
4331495,370
4331558,464.0
4331752,406
4331753,467
4331754,383
4331755,391
4331756,435
4332130,174
4332132,206
4332259,973.15
4332275,157.5(5)
4332276,159.5(5)
4332277,134.0(10)
4332278,130.5(5)
4332279,169.5(5)
4332280,134.0(10)
4332281,130.5(5)
4332290,174.5(5)
4332291,168.5(5)
4332293,185.5(5)
4332294,195.5(5)
4332310,198
4333077,493(3)
4333079,dec. >150 \%C
4333080,295-297 \%C (dec.) 
4333404,378.5(15)
4333405,423(2)
4333813,467
4333814,533
4333815,467
4333816,525
4333817,516
4334282,398
4334283,440
4334284,425
4334285,418
4334286,428
4334950,1376
4335243,630
4335244,630
4335946,350
4335947,450
4337397,504
4337399,509
4337867,416.5(5)
4337868,385.5(5)
4337869,496.0(10)
4337945,716
4338160,559
4339195,212
4339259,195
4339572,440
4339846,3
4340018,0
4340277,363.15
4340278,107
4341163,439
4341187,0
4341429,440
4341968,125&#x00B0;C (decomp.)
4342212,decomposes at ~136 C
4343096,596
4343443,467.6
4343444,583.6
4344909,365
4344910,456
4344911,458
4345662,85.5(5)
4345663,82
4345665,79
4345666,518
4345770,"C50 H42 Gd2 Mn4 N10 O26, 2(N O3)"
4346447,594
4348193,351
4348195,356
4348197,343
4348420,Not
4348680,412
4348949,419
4348950,443
4348951,466
4349385,...3
4349606,C12 H Cl3 Cu32 Ge24 N12 Ni6 S72
4349751,360(2)
4349752,633(2)
4350106,391
4350107,457
4350113,92.5(5)
4350254,150
4350380,300 &#x00B0;C
4350382,296&#x00B0;C
4350383,176&#x00B0;C
4350385,171&#x00B0;C
4350386,216&#x00B0;C
4350387,218&#x00B0;C
4350428,176&#x0096;235 deg.C (dec.)
4350429,326&#x0096;332 deg.C (dec.)
4350430,349(9)
4350675,471
4350676,451
4350677,519
4350678,505
4350679,560
4350680,587
4350720,unknown (decomposes before melting)
4500158,504
4500178,454.7
4500179,465.8
4500215,591.2
4500216,591.2
4500218,443.2
4500219,443.2
4500467,432.3
4500468,411.5
4500650,decomposition
4500717,395.1
4500718,93.4
4500815,493.67
4500816,473.75
4500817,464.5
4500818,442.65
4500819,472
4500820,463.17
4500821,458.42
4500822,436.66
4500823,453.036
4500824,448.08
4500825,472.17
4500898,441
4500899,415
4500901,409
4500902,390
4500903,519
4501158,171.0(10)
4501567,>260&#x00B0;C
4501700,474
4501701,474
4501702,279
4501703,279
4501704,279
4501809,1663.2
4502052,389.6(15)
4502105,72.5(15)
4502106,109.5(15)
4502107,151.0(10)
4502108,90.5(15)
4502109,114.0(10)
4502110,128.0(10)
4502111,105.0(10)
4502155,369.0
4502156,343.4
4502157,381.5
4502158,374.0
4502159,373.4
4502160,424.6
4502161,381.96
4502162,356.7
4502163,380.4
4502164,391.92
4502165,389.4
4502166,346.91
4502167,318.4
4502168,390.8
4502169,448.4
4502170,424.9
4502171,412.5
4502386,438
4502445,139.5(15)
4502446,144
4502447,140
4502448,153
4503063,174
4503067,175.37
4503068,161
4503126,170
4503127,170
4503129,77
4503137,208.0(10)
4503138,219.0(10)
4503588,474.5(15)
4503589,502(2)
4503590,478.0(10)
4503591,468.5(15)
4503753,70
4503815,178 &#x00BA;C
4503816,194-198 &#x00BA;C
4503817,90-94 &#x00BA;C
4503818,160-164 &#x00BA;C
4503819,178 - 182 &#x00BA;C
4503820,115-118 &#x00BA;C
4503821,180-184 &#x00BA;C
4503822,176-179 &#x00BA;C
4503823,100-104 &#x00BA;C
4503824,139-142 &#x00BA;C
4503825,184-187 &#x00BA;C
4503826,184-186 &#x00BA;C
4503827,180-184 &#x00BA;C
4503914,324
4503915,324
4503923,C16 H28 N12 Ni4 O8
4503924,C12 H28 N12 Co4 O8
4503990,410
4504013,200
4504014,197
4504015,162
4504031,451
4504032,410
4504033,414
4504034,378
4504035,359
4504036,417
4504037,407
4504038,402
4504039,422
4504040,426
4504477,decomposes above 220 degrees C
4504478,decomposes above 220 degrees C
4504479,decomposes above 220 degrees C
4504480,decomposes above 220 degrees C
4504506,169
4504507,120
4504508,150
4504509,117
4504510,94
4504567,476.1(10)
4504651,458
4504652,435
4504653,433
4504675,260
4504676,262
4504677,280
4504800,499
4504801,499
4504802,499
4504803,499
4504804,407
4504805,452
4504806,552
4504807,443
4504808,527
4504845,83.25
4504883,439.0(10)
4504907,152.5(5)
4504908,472.5(15)
4504909,567
4504910,413.5(5)
4504911,447.5(5)
4504912,523
4504913,663
4504914,424.5(5)
4504915,494.5(5)
4504916,420.0(10)
4504955,251
4504962,246
4504975,349.9(8)
4504976,349.1(10)
4504977,448.6(5)
4505046,224.0(10)
4505047,231.0(10)
4505048,214(2)
4505049,493.1(10)
4505071,408
4505074,399
4505087,468
4505088,595
4505090,494
4505092,504
4505177,199.0(10)
4505178,171.0(10)
4505179,132.5(5)
4505180,160.5(5)
4505181,350
4505250,440.0(10)
4505251,427.5(15)
4505252,460.5(5)
4505253,453
4505254,412
4505255,531
4505269,360
4505270,378
4505271,358
4505272,421
4505286,474(5)
4505342,505.15
4505388,495
4505389,483
4505390,498
4505391,455
4505392,465
4505393,488
4505394,513
4505397,493
4505398,433
4505399,486
4505400,202
4505401,142
4505442,469.6(15)
4505444,462.6(15)
4505655,429.0(10)
4505656,429.0(10)
4505657,384.0(10)
4505658,455.0(10)
4505659,415.0(10)
4505660,452.5(15)
4505661,428.5(15)
4505662,392.0(10)
4505663,448.5(15)
4505708,545.6(5)
4505717,470
4505718,483
4505719,496
4505720,518 
4505741,333.62
4505742,331.0(10)
4505743,314.0(10)
4505744,330.83
4505753,128
4505802,505
4505803,472
4505804,475
4505821,493
4505822,479
4506141,605
4506146,400.7(5)
4506171,270-272 C decomp.
4506172,decomposes upon heating to 110C
4506189,472
4506190,483
4506192,414.0(10)
4506193,329(2)
4506233,412
4506234,449.4
4506235,401
4506236,448.4
4506237,482.2
4506372,1223
4506555,442
4506590,198 C?
4506609,396
4506733,480
4506734,459
4506735,460
4506736,443
4506737,416
4506738,412
4506739,403
4506740,472
4506741,324
4506776,???:???
4506790,(U O2 2+).  (C14 N2 O4 H8 2-)
4506920,235
4506951,154
4506956,95.0(10)
4507180,417
4507181,415
4507182,409
4507183,410
4507184,decay without melting above 463 K
4507185,416
4507186,417
4507218,405
4507232,443
4507233,443
4507234,443
4507462,371
4507474,573
4507475,517
4507491,134(2)
4507492,193.5(15)
4507504,382
4507505,380
4507506,385
4507678,481
4507679,363
4507680,458
4507681,463
4507682,362
4507683,471
4507684,482
4507685,358
4507686,373
4507687,463
4507688,453
4507689,463
4507690,473
4507696,50
4507697,50
4507751,458.5(15)
4507752,460.5(15)
4507753,448.5(15)
4507755,444(2)
4507756,462.5(15)
4507757,495.5(15)
4507936,322
4507937,322
4507973,82.5(5)
4507974,137.0(10)
4507975,123.5(5)
4507976,129.5(5)
4507978,56.5(5)
4507979,144.5(5)
4508258,408.9
4508259,410.7
4508324,121
4508325,121
4508326,121
4508464,430
4508465,408
4508466,465
4508467,436
4508468,416
4508469,458
4508470,418
4508471,433
4508664,150
4508665,201
4508719,414
4508811,205
4508864,508
4508907,411.5(5)
4508908,343.0(10)
4508919,326
4509056,394.0(10)
4509057,380.0(10)
4509058,386.5(15)
4509059,422.5(15)
4509060,369.0(10)
4509061,379(2)
4509062,390.0(10)
4509063,370.0(10)
4509064,367.5(15)
4509065,347(2)
4509172,396
4509562,Zn~7~(AmTAZ)~8~(CO~3~)~2~(OH)~2~.2(EtOH)
4509678,271
4509679,250
4509680,279
4509681,232
4509885,383
4510092,117
4510294,310
4510482,409
4510483,484
4510484,483
4510485,422
4510486,479
4510487,395
4510528,427.6(5)
4510529,398.15
4510530,453.15
4510531,399.0(10)
4510532,400(3)
4510536,387.0(10)
4510592,479
4510593,439
4510594,466
4510595,484
4510596,448
4510654,71.3
4510655,37.6
4510745,567
4510755,473
4510756,424
4510757,444
4510758,428
4510759,445
4510954,262-264\%C (dec)
4511229,244
4511230,199
4511231,196
4511232,192
4511233,194
4511234,244
4511305,453
4511306,502
4511307,432
4511308,502
4511309,432
4511310,437
4511311,475
4511312,432
4511313,432
4511314,475
4511315,432
4511444,235.5(5)
4511531,458
4511685,397
4511687,475
4511724,256.0(10)
4511730,469.6(5)
4511731,463.6(5)
4511732,463.6(5)
4511958,566
4511959,561
4511964,decompostion
4511965,decompostion
4512021,418
4512023,426
4512024,388
4512025,439
4512026,179.0(10)
4512171,371
4512172,371
4512173,371
4512174,371
4512175,371
4512176,371
4512321,399
4512322,399
4512653,556
4512740,349
4512741,349
4512742,349
4512743,349
4512744,349
4512745,349
4512746,349
4512747,349
4512748,349
4512749,349
4512750,349
4512751,349
4512752,349
4512753,349
4512754,349
4512813,475
4512814,475
4512903,443
4513042,448.1
4513054,460
4513055,126
4513057,472.3(5)
4513058,456(3)
4513069,427
4513070,414
4513071,407
4513072,423
4513267,448.0(10)
4513268,447.0(10)
4513269,459.0(10)
4513270,451.0(10)
4513271,461.0(10)
4513272,473.0(10)
4513273,491.5(15)
4513481,1092
4513558,149.0(10)
4513640,130.9
4513641,104.52
4513643,402
4513644,127
4513697,447
4513698,431
4513699,239.3
4513829,220.65
4513830,220.65
4513831,220.65
4513832,220.65
4513833,220.65
4513834,220.65
4513835,220.65
4513836,220.65
4513896,208
4513897,242
4513898,101
4513996,439
4514560,583.5(10)
4514561,583.5(10)
4514562,579.6(9)
4514899,416
4514930,153
4515152,369
4515153,369
4515672,137 &#x00B0;C
4515926,497
4516167,390
4516168,386
4516244,402
4516246,470
4516342,293.15
4516343,293.15
4516344,293.15
4516345,293.15
4516346,293.15
4516347,293.15
4516348,293.15
4516349,293.15
4516350,293.15
4516351,293.15
4516352,293.15
4516353,293.15
4516354,293.15
4516355,293.15
4516356,293.15
4516357,293.15
4516358,293.15
4516359,293.15
4516360,293.15
4516361,293.15
4516362,293.15
4516363,293.15
4516513,403
4516568,325
4516569,325
4516570,325
4516571,325
4516572,325
4516573,325
4516574,325
4516575,325
4516576,325
4516577,325
4516578,325
4516729,349
4516796,173
4516828,486
4517003,334
4517046,402
4517047,402
4517048,409
4517049,388
4517060,490
4517985,350
4518569,418
4518836,523
4518839,523
4519397,408
5000052,493.15
5000161,473.45
5000252,404.15
5000271,512.15
5000380,393
5000381,673.15
5000383,619.15
5000385,463
5000386,458
5000387,478.15
5000390,356.15
5910075,452
7000226,decomposition over 230
7000268,589
7000269,599
7000270,585
7000271,585
7000384,396
7000385,418
7000386,430
7000387,442
7000388,446
7000389,415
7000390,455
7000827,431.0(10)
7000829,426-430 (dec. 443)
7000830,398
7000831,398
7001455,359
7001456,448
7001457,457
7001460,336
7001461,288
7001502,165.0(10)
7001749,0
7002144,decomp.
7002374,275
7002955,414
7003193,410
7003194,205
7003195,205
7003230,448
7003269,0
7003354,432.7(5)
7003447,396.6(5)
7003453,89.5(5)
7003454,329.6(5)
7003871,394.1(10)
7003872,437(2)
7004128,115
7004129,106
7004130,113
7004131,124
7004132,113
7004133,117
7004134,190
7004139,Not meaaured
7004154,445.15
7004155,459.15
7004156,459.15
7004157,513.15
7004158,445.15
7004279,580(3)
7004280,566 (dec. 573)
7004641,379
7004642,399
7004757,457.5
7004810,603
7004880,197
7005256,189.5(5)
7005257,197.0(10)
7005615,453.15
7005616,383.15
7006179,451
7006181,503
7006386,108
7006387,130
7006419,77.0(10)
7006420,313.5(15)
7006521,227
7006522,199
7006523,280
7007241,441(2)
7007242,430.0(10)
7007243,430.5(15)
7007244,429.5(15)
7007245,410(3)
7007271,396
7007272,385
7007274,355
7007275,594
7007276,566
7007277,396
7007278,387
7007280,396
7007706,1373(2)
7007896,397.15
7007897,372.15
7008211,decompose on heating
7008498,155.5(15)
7008499,178.5(15)
7008500,154.0(10)
7008639,C20H36Eu2NiO22
7009258,high
7009259,high
7009260,high
7009459,343.15
7009500,476(1)
7009509,12.2(3)
7009735,-452.7
7009938,187.5(5)
7010484,decomposes before melting
7010496,533
7010497,533
7010541,220
7010543,155
7010966,476
7010967,485
7010968,527
7011263,-452.7
7011265,-452.7
7011656,190
7011678,186
7011679,117.5(5)
7011692,186.0(10)
7011707,74
7011742,141 &#x0096; 143C
7011995,DSC onset temperature = 257.2oC
7011996,DSC onset temperature = 249.2oC
7011997,DSC onset temperature = 180.1oC
7011998,DSC onset temperature = 230.7oC
7011999,DSC onset temperature = 227.3oC
7012026,224.0(10)
7012031,224.0(10)
7012064, ? 
7012065, ? 
7012104,135-138 C dec.
7012105,204-206 0C dec.
7012106,200-202 0C dec.
7012107,155- 159 0C dec.
7012312,377.6(5)
7012313,352.9(3)
7012314,410.6(5)
7012315,402.15
7012538,251 - 254 0C
7012539,481(2)
7012581,283
7012590,decomposes
7012591,decomposes
7012716, ?
7012733,decomposes before melting
7012734,decomposes before melting
7012735,decomposes before melting
7012777,506(2)
7012888,313
7012889,405
7013222,219(2)
7013242,(Cd((H3NCH2)2P(O)OH)2(H2O)2Cl2)Cl2
7013585,166.8(8)
7013587,121.5(15)
7014203,C69 H54 N21 Ru3 S3 (ClO4)3.H2O.
7014939,397
7015174,59-60 ^o^C
7015175,46-48 ^o^C
7015176,94-100 ^o^C'(decompose)
7015177,128-132 ^o^C
7015178,100-106 ^o^C
7015179,126-128 ^o^C
7015182,127-132 ^o^C
7015349,443
7015350,406
7016059,335.5
7016119,405
7016120,429
7016121,414
7016524,329
7017101,393
7017580,455
7017581,561
7018301,352.9
7018302,351.1
7018303,347.5
7018304,347.2
7018305,347.0
7018306,352.9
7018307,351.1
7018308,347.5
7018309,347.2
7018310,347.0
7018311,352.9
7018312,351.1
7018313,347.5
7018314,347.2
7018315,347.0
7019557,465(2)
7019559,449(2)
7019560,409(4)
7019617,315
7019699,276(2)
7019704,100
7019766,424.0(10)
7019767,403
7019768,380.0(10)
7019833,502(3)
7019834,518.5(15)
7019835,547.5(15)
7019836,466.5(15)
7019837,514(2)
7019838,490.5(15)
7020778,369
7020779,405
7020780,373
7020781,307
7020782,477
7021446,126\% - 130 \%C
7021518,241
7021565,244.0(10)
7021582,406(1)
7021779,436(2)
7021780,442(2)
7021781,165
7021782,194
7021783,173
7021784,213
7021785,237
7022432,262
7022541,351(2)
7022542,160C (dec. 220C)
7022627,491
7022630,482
7022868,xxx:xxx
7022869,xxx:xxx
7022870,xxx:xxx
7022871,xxx:xxx
7022872,xxx:xxx
7022874,xxx:xxx
7022875,xxx:xxx
7022877,xxx:xxx
7022878,xxx:xxx
7022879,xxx:xxx
7022880,xxx:xxx
7022881,xxx:xxx
7022882,xxx:xxx
7023441,decomposes upon heating
7023685,376
7023816,decomposes: 173 C beginning
7024212,163
7024349,449
7024350,decomposes upon heating to 146 C
7024351,decomposes upon heating to 110 C
7024352,decomposes upon heating to 147 C
7024353,decomposes on air at r.t.
7024495,149
7024518,138.9
7024520,43
7024659,810
7024660,810
7024661,1103
7024986,231
7024987,231
7025551,360
7025865,404
7026192,"C39 H49 Cl Ir N P2, C7 H8"
7026696,416
7026699,374
7026701,413
7026703,538
7026705,501
7026706,448
7026852,438
7026853,423
7026854,479
7026855,495
7026856,438
7026857,483
7026858,577
7027039,353.15
7027040,309.15
7027041,340.15
7027117,438.5(15)
7027118,412.0(10)
7027124,448.0(10)
7027125,427.5(5)
7027126,532.5(15)
7027256,368.15
7027309,416(2)
7027347,156-8
7027348,195-7
7027349,219.0(10)
7027391,340.15
7027408,232
7027445,Decomposed above 280 degree celcius
7027446,decomposed above 280 degree celsius  
7027499,292
7027500,254.15
7027501,7
7027796,70 - 71_C(dec)
7027797,79 - 80_C (dec)
7027798,68 - 69_C (dec)
7027799,53 - 54_C (dec)
7027961,441.0(10)
7027962,443.0(10)
7027963,decomp. above 393 K
7028061,215-220 \%C decomp.
7028062,180-190 \%C decomp.
7028063,240-245 \%C decomp.
7028064,170-172 \% C decomp.
7028067,385.15
7028143,258.15
7029053,566
7029119,377
7029120,381
7029121,367
7029385,423
7029386,401
7029387,439
7030088,463
7030416,162
7030417,128
7030864,486
7030891,"900 K, peritectic decomposition"
7030892,"795 K, peritectic decomposition"
7031205,88
7031277,411
7031278,431
7031279,435
7031280,400
7031281,362
7031282,444
7031283,403
7031354,338
7031355,308
7031356,302
7031357,293
7031399,401.6(15)
7031866,122.0(10)
7031868,135.5(15)
7031870,164.5(15)
7032236,490
7033003,2673.15
7033163,503 (dec. 573)
7033296,471
7033351,543
7033352,542
7033353,608
7033354,484
7033355,402
7033531,259.0(10)
7033532,221.0(10)
7033533,237.5(5)
7033534,259.0(10)
7033535,242.0(10)
7033620,575(2)
7033621,546.5(5)
7033622,493.5(5)
7033623,553
7033624,513.5(5)
7033625,537.5(5)
7033626,568.0(10)
7033627,562.5(5)
7033628,553
7033630,552.5(5)
7034551,117.6
7034552,223
7034591,431.6
7035770,800
7035771,800
7036161,415.0(10)
7036229,449
7036313,1188
7036314,1196
7036315,1198
7036368,203
7036369,168
7036380,109.65
7036454,389.5(5)
7036455,412.0(10)
7036456,553
7036457,513.0(10)
7036752,406
7036753,453
7036754,428
7036755,423
7036756,443
7037261,402
7037262,411
7037593,178-184??C
7037594,152(2)
7037599,136-140??C
7037686,969
7037954,320
7038257,463
7038258,418
7038259,488
7039469,454.5(15)
7039470,444.0(10)
7039471,442.0(10)
7039472,467.0(10)
7039474,472.0(10)
7039641,386.2(10)
7039642,388.7(5)
7039643,428.6(5)
7039644,423.9(8)
7039646,449.0(7)
7039648,479.4(5)
7039649,448.7(5)
7039750,487.1
7039959,503
7039960,494
7039961,476
7039962,437
7040220,516.0(10)
7040989,163.5(15)
7041177,269
7041969,547
7041970,411
7041972,431
7041973,453
7042604,340
7042609,381.6(5)
7042611,381.6(5)
7042626,425
7042627,490
7042629,435
7042631,450
7042908,397
7042909,451
7042910,433
7042998,458
7043130,461
7043153,440.15
7043154,427(4)
7043155,409.9(7)
7043254,400
7043913,406
7043953,461
7043954,461
7043955,510
7043956,444
7043957,390
7043958,472
7044010,200
7044012,473
7044034,369.8
7044485,decomposition above 160\%C
7044498,425.15
7044499,433
7044500,482
7044501,431
7044871,488.5(5)
7044872,539(4)
7044874,581(2)
7044875,552(2)
7044992,424.0(10)
7044993,404.5(5)
7044995,405(2)
7044996,408.5(5)
7045032,480.0(10)
7045107,477.5(15)
7045143,22
7045144,57
7045941,276
7046432,decomposition above 50 \%C
7046625,416
7046626,388
7046627,407
7046629,374
7046631,407
7047036,361.0(10)
7047087,520
7047162,298
7047223,453
7047224,419
7047225,444
7047226,413
7047227,391
7047756,514
7047761,513
7047762,563
7047791,"2(C38 H60 Cu4 N14 O12), C4 H10 O, 2(C H4 O)"
7047930,decomposition > 340 C
7047931,decomposition > 280 C
7047932,decomposition > 190 C
7047953,621.15
7047954,618.15
7048357,148
7048358,96
7050007,412
7050008,439
7050009,432
7050010,412
7050146,271
7050147,262
7050148,289
7050149,285
7050150,305
7050151,302
7050152,317
7050153,314
7050154,328
7050155,325
7050281,497.6(15)
7050282,583.15
7050283,494.6(5)
7050322,462.5(5)
7050336,333
7050337,327
7050358,561.15
7050361,396
7050363,365
7050364,382
7050462,501
7050463,497
7050502,192.0(10)
7050538,520
7050539,538
7050540,466
7050545,455.6(15)
7050546,480.1(10)
7050547,453.6(5)
7050548,492.6(5)
7050552,447.6(15)
7050612,180.5(5)
7050629,303
7050630,400
7050631,316
7050632,363
7050633,310
7050634,318
7050635,312
7050742,165.5(5)
7050743,153.5(5)
7050744,205.5(5)
7050745,205.5(5)
7050746,259.0(10)
7050747,233.0(10)
7050748,143.5(5)
7050749,139.0(10)
7050750,186.5(5)
7050751,176.5(5)
7050752,152.5(5)
7050784,below -15C
7050799,137.9(9)
7050800,126.5(5)
7050801,143.0(10)
7050802,121.0(10)
7050853,host melts at 216oC
7050895,240
7050920,225.5(15)
7050959,304.15
7050960,358.15
7051000,142-3\%
7051001,264-6\%
7051002,289-92\%
7051003,340-3\%
7051075,362.15
7051167,314.15
7051168,346
7051172,388
7051173,408
7051174,383
7051203,447.6(5)
7051204,446.1(10)
7051205,522.1(10)
7051235,226.5(15)
7051236,214.5(15)
7051237,125.0(10)
7051238,158(4)
7051247,452-453 K (sublimes)
7051248,479.5(5)
7051249,407
7051267,549.2(3)
7051268,495.2(3)
7051269,509.5(5)
7051270,424.2(3)
7051279,169.5(5)
7051396,297
7051449,356
7051536,402.0(10)
7051537,416.5(5)
7051538,411.0(10)
7051539,429.0(10)
7051551,102-3
7051552,201-2
7051570,408
7051571,348
7051668,454
7051669,383
7051670,383
7051780,372
7051781,428
7051782,404
7051786,394
7051789,359
7051790,345
7051791,447
7051806,532
7051807,532
7051916,453
7051917,481(2)
7051921,412
7051922,435
7051998,526.5
7051999,526
7052027,37
7052033,406
7052130,137
7052131,144
7052132,73
7052143,462.6(5)
7052144,543.6(5)
7052145,479.6(5)
7052146,399.6(5)
7052147,384.6(5)
7052256,512
7052257,512
7052258,512
7052259,512
7052260,512
7052406,434
7052416,535
7052417,515
7052419,451
7052464,422
7052472,446.1(10)
7052582,453
7052691,264.5(5)
7052692,264.5(5)
7052693,264.5(5)
7052695,264.5(5)
7052696,264.5(5)
7052793,486
7052794,460.5(15)
7052795,402
7052796,414.5(5)
7052800,423
7052801,423
7052936,523
7053013,365
7053014,409
7053015,433
7053016,352
7053042,345
7053043,415.0(10)
7053274,498
7053275,498
7053276,498
7053277,477
7053278,477
7053279,477
7053300,397
7053301,363
7053302,418
7053305,348
7053306,346
7053307,357
7053355,284.4
7053447,149
7053448,98
7053449,57
7053450,149
7053451,139
7053544,192
7053545,210
7053546,270
7053547,283
7053560,415.0(10)
7053562,437.5(5)
7053563,454.0(10)
7053690,454.5(15)
7053691,334.0(10)
7053737,180
7053776,409.0(10)
7053777,481
7054008,367.5
7054044,473
7054106,358(6)
7054107,359.5(15)
7054108,395(5)
7054109,400(7)
7054154,473.15
7054155,461.15
7054156,457.15
7054157,460.15
7054158,473.15
7054159,410
7054160,453.15
7054161,447.15
7054162,378
7054163,451.15
7054169,441.3(2)
7054170,475.2(5)
7054171,428(1)
7054215,Diglycinium squarate
7054241,520
7054242,538
7054243,466
7054251,382.5(5)
7054323,Diglycinium squarate
7054536,399
7054703,504.0(10)
7054704,570.5(5)
7054915,469.5(7)
7054916,401.1(6)
7055016,456
7055017,533
7055018,400
7055272,424
7055273,433
7055274,444
7055275,422
7055276,440
7055277,519
7055320,505
7055430,476
7055496,194.5(5)
7055498,424
7055511,202
7055512,225
7055692,299.28
7055703,377.5(15)
7055704,438(2)
7055705,461(3)
7055720,399.0(10)
7055721,385.0(10)
7055729,325.1(10)
7055807,366.15
7055808,482.15
7055809,473.15
7055810,423
7055811,397
7055902,468.1(10)
7055930,385.15
7056063,411.15
7056117,309.15
7056232,426
7056387,414.2(2)
7056484,394(3)
7056485,412.5(15)
7056542,446
7056543,446
7056544,165
7056545,446
7056659,up 523K
7056663,451-53
7056675,378
7056722,447.8(2)
7056732,432
7056733,416
7056780,158(2)
7056843,202.0(10)
7056844,468.0(10)
7056845,231
7056848,324
7057097,399
7057163,455
7057165,445
7057166,427
7057167,459
7057224,501
7057288,501
7057366,453.5(5)
7057367,391.0(10)
7057368,453.5(5)
7057539,413.5(5)
7057617,208
7057772,91
7057773,514.6(5)
7057774,564.1(10)
7057775,502.1(10)
7057776,414.6(5)
7057777,400.1(10)
7057778,453.1(10)
7057779,439.1(10)
7057780,444.1(10)
7057833,271
7058115,391
7058237,465.6(5)
7058256,193
7058272,534
7058322,decomp. above 215 deg.C
7058323,492.6(5)
7058324,392.0(10)
7058384,462(4)
7058444,434.0(10)
7059045,220
7059453,514.6(5)
7059454,405.5(15)
7059484,141.0(10)
7059485,146.0(10)
7059486,136.0(10)
7059487,533
7059488,449.5(15)
7059672,477.6(15)
7059814,441(2)
7059891,199.7(10)
7059923,181.0
7060010,191.6(3)
7060012,. 125.5 -126.2
7060168,298
7060201,383.5(5)
7060202,429.0(10)
7060203,407.0(10)
7060204,435.5(5)
7060205,389(11)
7060206,477.6(15)
7060207,420.0(10)
7060208,376.0(10)
7060377,673.15
7060800,478
7060818,214.0(10)
7061005,456
7061006,453
7061106,373
7061107,419
7061130,503.1(10)
7061272,137(2)
7061273,253(2)
7061329,367
7061448,442.6(5)
7061494,418.6(5)
7061621,553
7061622,573
7061958,488.1(10)
7062179,441.1(10)
7062193,573
7062194,471
7062195,490
7062196,471
7062197,490
7062198,441
7062199,471
7062201,461
7062202,441
7062203,461
7062204,471
7062261,478.5(5)
7062262,344.5(5)
7062263,403.5(5)
7062264,334.0(10)
7062305,351
7062306,390
7062508,464.5(5)
7062565,447.5(5)
7062566,442.5(5)
7062567,481
7062672,470
7062673,496
7062674,455
7062923,417.3
7062945,364
7062972,580
7063066,504
7063203,530.15
7063229,312
7063345,428
7063346,"378,5"
7063348,417.3
7063349,434
7063365,391
7063591,417
7063592,487
7063594,437
7063595,473
7063596,451.5(15)
7063597,421
7063599,448
7063600,449
7100007,518
7100008,531
7100009,531
7100086,60.17
7100087,366
7100088,340
7100089,386
7100090,368
7100091,358
7100092,341
7100093,342
7100098,386(8)
7100099,441.1(10)
7100268,443.5(15)
7100269,254.5(5)
7100270,283
7100406,437.1(10)
7100407,411.6(15)
7100408,421.1(10)
7100422,181
7100427,434(1)
7100428,432(1)
7100429,436(1)
7100442,451
7100443,494
7100474,352
7100475,446
7100476,383
7100477,338
7100478,248
7100479,347
7100480,357
7100481,354
7100482,356
7100483,349
7100484,347
7100485,216
7100486,418
7100487,343
7100488,390
7100489,433
7100490,258
7100491,343
7100492,381
7100493,329
7100494,369
7100496,411
7100497,379
7100499,430
7100500,557
7100503,427.0(10)
7100508,154
7100529,429.6(15)
7100577,469.5(5)
7100578,468.5(5)
7100636,429.8(15)
7100700,307(9)
7100701,307(2)
7100702,182
7100703,182
7100704,182
7100790,433
7100996,176
7100997,189
7100998,198  
7100999,185 
7101019,273
7101020,195
7101072,"C6 H10 N2, 2(N O3), H2 O"
7101088,470.49
7101089,463.55
7101090,484.29
7101091,457.77
7101227,443
7101513,150
7101588,448.15
7101639,481
7101640,468
7101659,249
7101675,138
7101695,178.9(2)
7101803,503.15
7101804,503.15
7101881,421
7101882,391
7101899,156
7101901,156
7101902,156
7101903,156
7101937,472.1(10)
7102059,423(2)
7102065,453.5(15)
7102218,428
7102312,60.0(10)
7102345,507
7102346,443
7102351,697
7102352,697
7102386,413.15
7102387,399.15
7102433,163.5(15)
7102445,334.15
7102446,337.95
7102460,362.6(15)
7102461,424.1(10)
7102495,129.0(10)
7102496,98.5(5)
7102541,422
7102550,350.15
7102593,127.5(5)
7102641,523
7102736,298
7102737,583.15
7102738,282
7102739,544.15
7102869,408
7102959,281.0(10)
7103306,373
7103307,476
7103361,236.6
7103362,236.6
7103363,236.6
7103364,236.6
7103365,236.6
7103397,502.68
7103572,374
7103573,408
7103690,492.0(10)
7103691,488
7103802,149.5(5)
7103803,142-3
7103814,401.15
7103849,"dehydrates at 39C, decomposes from 251C"
7103850,"dehydration onset 20C, decomp. from 194C"
7104074,262
7104079,435.2(8)
7104244,490
7104262,490
7104460,503
7104461,476
7104511,432.1(10)
7104535,484.15
7104547,100
7104548,158
7104549,128
7104599,430
7104600,458
7104632,398
7104633,435
7104634,427
7104635,499
7104636,437
7104808,479
7104903,446.6(5)
7104904,400.15
7105031,81.5(5)
7105298,335
7105407,451.4
7105408,451.4
7105409,416.9
7105410,416.9
7105437,360
7105438,352
7105439,331
7105668,358.8(4)
7105669,373.6(10)
7105748,547
7105897,427
7105898,379
7105953,486
7105954,486
7105955,486
7105956,486
7106034,507.1(12)
7106122,653
7106304,228.5(15)
7106428,343
7106429,343
7106430,343
7106431,343
7106432,343
7106433,343
7106434,343
7106435,343
7106507,428
7106513,148.6(10)
7106554,89.0
7106564,240
7106565,219
7106566,281
7106864,110
7106887,361.1(10)
7107667,457.7(5)
7107668,457.7(5)
7107670,411
7107671,490.7(5)
7107672,379.7(5)
7107673,391.7(5)
7107675,455.7(5)
7107676,471
7107798,320
7107799,315
7108070,536
7108233,342.1(10)
7108234,429.1(10)
7108235,361(2)
7108236,414.6(15)
7108237,392.1(10)
7108238,123
7108239,91
7108333,429
7108335,456
7108337,423
7108338,418
7108371,472.1(10)
7108372,491(2)
7108373,432(2)
7108374,446.1(10)
7108375,391.6(5)
7108376,396.1(10)
7108377,432.1(10)
7108389,436
7108390,481
7108415,497.7(5)
7108416,459.7(5)
7108417,356(1)
7108454,407.1(10)
7108482,456
7108540,227.0(10)
7108616,396
7108930,423.6(15)
7108931,444.1(10)
7108932,435.6(15)
7108933,401.1(10)
7108934,377.6(5)
7109085,481
7109086,481
7109087,481
7109088,481
7109089,208.0(10)
7109175,402
7109287,386
7109806,428
7109814,444
7109815,448
7109924,446
7109925,459
7109926,429
7109927,448
7109928,458
7109929,454
7109930,425
7109931,438
7109932,438
7109933,470
7109934,420
7109935,466
7109936,415
7110026,439.1(10)
7110195,100
7110402,461.5(15)
7110403,430.0(10)
7110404,415.5(5)
7110408,465.15
7110430,404
7110517,403.15
7110544,228
7110545,215
7110546,405
7110547,421
7110548,408
7110646,150
7110707,119.5(5)
7110784,497.1(10)
7110825,487.6(5)
7110842,392.0(10)
7110866,128.5(5)
7110922,157
7110923,185
7110971,136
7111054,360.15
7111056,265.5(5)
7111057,159.0(10)
7111069,202
7111108,51
7111125,405.1(10)
7111147,248
7111148,248
7111369,501.15
7111370,464.25
7111371,519.15
7111375,"(C36 H41 La N5 O9), 2(C24 H20 B), 2.7(C H4 O)"
7111403,"DSC onset 147.7 C, peak 150.9 C "
7111404,HSM 147-149C
7111413,400
7111414,340
7111471,184.5(5)
7111472,191.0(10)
7111483,399
7111484,416
7111605,483
7111633,395
7111668,463.0(3)
7111669,452.8(6)
7111670,504.3(7)
7111672,250
7111698,342.0(5)
7111699,233.5(5)
7111700,338.5(5)
7111701,306.5(5)
7111702,361.5(5)
7111703,317.8(3)
7111704,287.0(5)
7111705,272.0(5)
7111756,182
7111997,300
7111998,300
7111999,300
7112026,344
7112056,417.1(10)
7112057,391.6(15)
7112326,423.6(15)
7112327,444.1(10)
7112328,435.6(15)
7112329,401.1(10)
7112330,377.6(5)
7112503,533
7112504,533
7112576,421
7112603,171
7112604,168
7112615,397
7112616,275
7112928,158(2)
7113171,60.0(10)
7113197,156
7113199,156
7113200,156
7113201,156
7113214,428
7113353,813.15
7113354,813.15
7113377,227.8(3)
7113378,226.8(3)
7113399,65&#x00A1;
7113406,154.0(10)
7113407,244.0(10)
7113439,479
7113469,446.6(5)
7113470,400.15
7113578,"dehydrates at 39C, decomposes from 251C"
7113579,"dehydration onset 20C, decomp. from 194C"
7113670,[C21 H25 N2][C5 H5]
7113716,492.0(10)
7113717,488
7113792,434.5&#x0096;436
7113798,262
7113983,425.15
7113984,406.15
7113986,406.15
7114094,116.5(15)
7114113,563.15
7114177,121
7114254, ? 
7114295,390
7114296,411
7114297,391
7114300,230
7114308,377.1(10)
7114309,415.6(5)
7114310,406.1(10)
7114316,155/340-343C
7114402,450.0(10)
7114413,159
7114447,201
7114475,550.0(10)
7114480,448
7114481,434
7114482,443
7114667,215
7114668,160
7114716,401.15
7114717,401.15
7114729,193
7114753,274
7114771,lattice decomposition at r.t.
7114838,488.6(5)
7114839,508.1(10)
7114840,491.15
7114849,below -15C
7114850,below -40C
7114860,277.0(10)
7114861,280.0(10)
7114862,279.0(10)
7114863,279.0(10)
7114864,280.5
7114948,199
7114969,204.5(5)
7114999,182-184 &#x00A1;C
7115000,193-5 &#x00A1;C 
7115029,543.6(5)
7115030,515.6(5)
7115060,303.0(10)
7115061,271.0(10)
7115068,300
7115069,300
7115070,300
7115071,300
7115073,300
7115234,502.6(5)
7115235,451.6(5)
7115374,263
7115492,149.5(5)
7115639,140
7115670,226
7115802,155.4
7115803,179.5
7115858,421
7115859,421
7115860,421
7115920,511
7115921,511
7116007,261.5(5)
7116046,239.0(10)
7116065,484.15
7116066,339.15
7116079,471
7116092,383.15
7116119,401.0(10)
7116151,375
7116152,337
7116153,313
7116154,439
7116228,363.15
7116272,349
7116307,477.15
7116346,93.4(6)
7116659,383.5(5)
7116712,485
7116941,396.6(5)
7116978,427.15
7117100,195.0(10)
7117157,376.5(15)
7117321,436(3)
7117322,475.0(10)
7117362,422.5(5)
7117363,402.5(5)
7117393,520.6(5)
7117455,156.5(15)
7117456,209.0(10)
7117457,209.0(10)
7117481,.
7117643,383
7117747,349.0(10)
7117784,404
7117822,332
7117823,338
7117824,392
7117825,459
7117826,377
7117878,352
7117951,426
7117952,414
7117953,411
7117954,409
7117955,448
7117956,418
7117957,434
7117958,403
7117959,413
7117960,423
7117961,431
7117962,441
7117963,411
7117964,408
7117965,403
7118109,475.15
7118110,447.15
7118180,199.0(10)
7118340,145.5(5)
7118353,333
7118362,370.15
7118367,90.0
7118368,127
7118369,86.0
7118370,149
7118371,89.0
7118372,94.0
7118373,97.5
7118374,97.0
7118375,84.0
7118382,399
7118448,385.0(10)
7118483,199.0(10)
7118518,450.0(10)
7118519,543.0(10)
7118561,173
7118632,447.5(5)
7118731,495.39
7118732,494.57
7118733,494.94
7118734,451.97
7118757,443
7118851,125.0(10)
7118897,please see SI
7118962,284.5
7118963,278.2
7118964,249.6
7118965,277.9
7118966,273.5
7118967,262.5
7118988,183
7119007,280
7119058,141.5(5)
7119063,427.0(10)
7119080,553
7119081,273
7119082,549
7119138,476.35
7119139,463.35
7119152,270
7119153,270
7119200,399
7119227,332
7119273,336.8(9)
7119297,443
7119298,403
7119319,329.0(10)
7119483,178
7119484,133
7119485,90.5
7119568,315
7119569,326
7119584,484.5(5)
7119786,487
7119833,417.5(5)
7120002,385.6(5)
7120067,509.8(5)
7120068,509.9(5)
7120224,389.4
7120226,435.15
7120353,163.0(10)
7120373,135.0(10)
7120374,131.0(10)
7120376,MP: 128 -- 131 \%C
7120377,MP: 113 --115 \%C
7120410,Unaware
7120500,156
7120583,635
7120584,635
7120655,316
7120657,316
7120658,326
7120659,332
7120661,326
7120665,decomp. above 333K
7120805,426.5(15)
7120866,391
7120882,199.0(10)
7120883,205.5(5)
7120940,517.1(10)
7120942,492
7120943,486
7120944,486
7120945,486
7120986,341.5(5)
7120987,393.5(5)
7120988,393.5(5)
7121061,401
7121062,365
7121063,427(5)
7121064,446.5(15)
7121142,617.0(10)
7121259,140
7121260,148
7121700,482
7121701,321
7121702,591
7121711,472
7121712,420
7121726,211
7121728,223
7121731,195
7121734,210
7121736,223
7121837,408
7121838,415
7121919,503.15
7122084,397.6(6)
7122085,373(3)
7122086,469.8(11)
7122087,382.4(4)
7122088,409.0(3)
7122089,445.9
7122148,397.32
7122149,397.32
7122150,397.32
7122153,397.32
7122156,397.32
7122158,397.32
7122161,397.32
7122162,397.32
7122163,397.32
7122164,397.32
7122165,397.32
7122166,397.32
7122167,397.32
7122279,354.3
7122506,442
7122519,369
7122520,392
7122521,408
7122522,370
7122523,396
7122524,344
7122575,200
7122577,138
7122717,429.0(10)
7122741,358.5(5)
7122805,443
7122806,340
7122922,474
7122953,357
7123071,91.0(10)
7123072,146.0(10)
7123138,483.6(5)
7123139,476(2)
7123422,436
7123706,471.0(8)
7123707,440.8(6)
7123708,502.7(7)
7123717,498
7123783,379.6(15)
7123792,290
7123795,563
7123796,563
7123797,563
7123798,563
7123799,563
7123800,563
7124056,396
7124148,362.1(10)
7124149,364.6(5)
7124150,327.1(10)
7124151,341.1(10)
7124152,329.1(10)
7124304,331
7124305,396
7124320,411.15
7124321,414.15
7124573,378
7124574,349
7124575,318
7124771,"C38 H36 N8 O8, C16 H36 N, C2 H3 O2"
7124779,83.0(10)
7124849,450.6(5)
7124890,566
7125033,390
7125076,474
7125077,405
7125078,427
7125079,348
7125278,479.5(15)
7125279,541.0(10)
7125280,498.5(15)
7125285,410
7125286,400
7125403,492.1(10)
7125404,473.1(10)
7125472,150.7
7125497,177
7125498,177?
7125599,410.5(5)
7125600,442.5(5)
7125698,413.1(10)
7125699,418.6(5)
7125732,422
7126208,152-154\^A\%C
7126649,489
7126650,489
7126651,489
7126667,403.5(5)
7126896,488
7126898,468.5
7126899,478
7126900,434
7126901,495
7126902,421
7126903,445
7126905,414
7126906,409
7126907,399
7126908,428
7126909,511
7126910,436
7126911,415
7126912,436
7126913,444
7126914,453
7126915,418
7127391,366
7127949,488.5(15)
7127974,180
7127975,245
7128027,C28 H22 Co2 N6 O8
7128590,368
7128660,418
7128661,420
7128760,433
7128885,447
7128886,336
7128895,486
7128896,417
7128920,328
7128921,405
7129050,300
7129051,300
7129479,287
7129588,355
7129702,373
7129703,484
7130265,416
7130266,434
7130267,449
7130462,489.6(5)
7130463,472.6(5)
7130464,471.6(5)
7130465,478.6(5)
7130466,472.6(5)
7130467,482.6(5)
7130886,389.15
7131096,454.6(5)
7131097,387.6(5)
7131195,150
7131561,337
7131664,316
7131665,388
7131688,369.9(13)
7131693,413.0
7131694,448.0
7131800,371(2)
7131932,511.0(10)
7131933,506.5(15)
7132070,373
7132071,401
7132163,436.35
7132650,438.5(5)
7132770,unknow
7133033,510.85~512.05
7133355,370.15
7133382,349.5(15)
7133383,417
7133615,114.0(10)
7134160,293
7134297,399
7134314,449.0(10)
7134316,425.0(2)
7134317,442.4
7134318,444.0(7)
7134320,432(3)
7150052,233.5(5)
7150055,482.9(3)
7150056,439.4(3)
7150057,473.4(3)
7150069,372.5(5)
7150070,412.5(5)
7150071,399.0(10)
7150129,449(1)
7150130,230
7150148,156
7150149,139
7150158,372.6(15)
7150159,122(2)
7150192,265
7150196,370
7150197,340
7150199,462.0(10)
7150200,466
7150201,412
7150202,412.5(5)
7150203,341.5(5)
7150204,434.5(5)
7150254,441.6(15)
7150255,376.1(10)
7150274,97.0(10)
7150321,403
7150342,388.6(5)
7150346,356.1(10)
7150347,415.1(10)
7150349,475.1(10)
7150359,404.6(5)
7150366,306.4 (host)
7150367,315.3 (host)
7150368,315.3 (host)
7150369,317.8 (host)
7150370,318.0 (host)
7150476,166.4(6)
7150477,194.0(10)
7150478,194.0(10)
7150479,166.4(6)
7150482,211.5(5)
7150483,179(2)
7150484,198.5(5)
7150485,138
7150486,287.5(5)
7150487,187.5(5)
7150489,216
7150490,198.5(5)
7150491,185.5(5)
7150492,284.5(5)
7150493,259
7150494,"clouds at 76C, begins to melt at 176C"
7150495,176
7150496,160.5(5)
7150505,130.0(10)
7150506,89.0(10)
7150522,192.5(15)
7150533,559
7150534,566
7150539,382(2)
7150540,378.0(10)
7150541,93.0(10)
7150542,398(3)
7150560,525(2)
7150561,537(2)
7150568,543.5(5)
7150642,383
7150643,433
7150656,354.1(10)
7150701,406.6(5)
7150702,408.6(5)
7150798,442-442 K
7150813,381.5(5)
7150827,479.5(15)
7150835,397.6(15)
7150838,498
7150839,481
7150852,110(1)
7150853,184(2)
7150854,187(2)
7150855,218(2)
7150920,424
7150921,423
7150922,371
7150934,426.1(10)
7150935,426.1(10)
7150976,317
7150977,325
7150978,322
7150979,343
7150980,402
7150981,374
7151023,569
7151024,543
7151025,514
7151037,140.0(10)
7151041,115.4(9)
7151043,117.5(15)
7151059,348.15
7151060,350.15
7151061,351.15
7151113,163
7151159,199.5(5)
7151162,380(1)
7151163,370.0(10)
7151182,438.0(10)
7151183,490.5(15)
7151184,439(2)
7151185,368.0(10)
7151239,436.0(10)
7151242,414(1)
7151281,472.0(10)
7151285,468
7151286,500.5(5)
7151287,444
7151296,91
7151323,542.0(10)
7151324,504.0(10)
7151347,464.6(5)
7151380,532.6(5)
7151381,494.6(5)
7151382,487.6(5)
7151392,379
7151394,391
7151395,459
7151415,226.0(10)
7151418,459.6(5)
7151419,476.6(5)
7151431,Mp decomposes >140C
7151442,90.0(5)
7151443,118.8(8)
7151444,56.0(10)
7151446,81.5(15)
7151447,89.0(10)
7151449,76.2(8)
7151450,84.8(8)
7151452,69.0(10)
7151453,80.5(15)
7151454,52.0(10)
7151455,69.0(10)
7151489,377.4(3)
7151490,458.4(3)
7151491,452.7(3)
7151541,481
7151542,378
7151543,442
7151544,83
7151572,444.15
7151573,420.15
7151574,345.15
7151611,393
7151612,431
7151657,147.0(10)
7151659,239.0
7151723,100
7151809,356
7151823,196.0(10)
7151825,116.0(10)
7151855,452.15
7151856,463.15
7151857,478.15
7151858,495.15
7151872,196
7151873,202.0(10)
7151874,141.0(10)
7151875,172.0(10)
7151903,394(1)
7151904,410(1)
7151925,215.0(10)
7151926,190.5(5)
7151970,..... degree Centigrade
7151971,402.1(10)
7151972,404.1(10)
7151973,417.1(10)
7152047,463.4(2)
7152048,432.4(2)
7152064,436
7152065,417
7152066,438
7152073,101.325
7152098,192
7152177,467.0(10)
7152178,406.0(10)
7152179,338.0(10)
7152313,151.5(15)
7152314,438.1(10)
7152315,166.0(10)
7152358,179(181)
7152365,545
7152413,430
7152428,404.1(5)
7152520,360(2)
7152531,459
7152691,212(2)
7152692,78(2)
7152728,354.9
7152760,389.1(10)
7152763,413.1(10)
7152845,62.5(5)
7152847,115.5(5)
7152907,357(6)
7152908,366(5)
7153013,470(3)
7153014,464(3)
7153015,476.6(5)
7153016,139.0(10)
7153026,205
7153027,241
7153109,497
7153110,496
7153111,502
7153112,503
7153119,410.1(10)
7153120,420.1(10)
7153228,423.2
7153240,186.0(10)
7153245,164
7153249,364
7153318,393
7153335,393
7153350,508.5(5)
7153351,491.5(5)
7153352,487
7153353,487
7153363,357
7153458,179.0(10)
7153459,205.0(10)
7153468,471
7153469,452
7153470,432
7153471,441
7153472,440
7153473,397
7153527,464.0(10)
7153528,442.5(5)
7153529,444.0(10)
7153582,143.0(10)
7153583,122.5(5)
7153584,250.0(10)
7153585,126.5(5)
7153586,130.0(10)
7153590,390.6
7153603,72
7153604,502.6(5)
7153649,447.6(5)
7153650,456.6(15)
7153661,423
7153662,407
7153751,355.6(5)
7153752,355.6(5)
7153779,336
7153780,371
7153781,393
7153782,338
7153783,321
7153785,413
7153786,399
7153913,see SI
7153974,....degree centigrade
7153976,354
7153977,322
7153978,316
7153979,364
7153981,324
7154014,372
7154050,....degree centigrade
7154051,354
7154052,322
7154053,316
7154054,364
7154056,324
7154077,359
7154085,181.0(10)
7154112,453
7154126,396.5(5)
7154127,359.5(5)
7154128,518.5(5)
7154129,521.5(5)
7154130,531.5(5)
7154132,490.5(5)
7154135,335
7154138,402
7154180,461.0(10)
7154236,384.6(15)
7154240,392(3)
7154243,514(1)
7154267,388.1(8)
7154272,478
7154273,473
7154288,427.0(10)
7154298,388663.15
7154309,426.5(5)
7154336,305
7154338,475
7154340,368.5(15)
7154341,505.5(5)
7154345,398.6(5)
7154348,346.0(10)
7154353,454
7154356,447.5(5)
7154358,407
7154378,354.0(10)
7154429,512.1(10)
7154464,374.4(3)
7154471,426.0(10)
7154496,425
7154497,505
7154498,549
7154499,369
7154517,559.0(10)
7154546,149.0(10)
7154547,354.1(10)
7154558,459.6(5)
7154597,433.0(10)
7154598,191
7154616,300.5(5)
7154617,520.6(5)
7154622,437.5(15)
7154642,403
7154647,370
7154657,488.5(5)
7154676,473
7154677,523
7154678,508
7154679,573
7154680,554.0(10)
7154681,478.0(10)
7154705,387(2)
7154706,454(4)
7154739,435.15
7154756,374.0(10)
7154784,397.15
7154785,410
7154793,455
7154800,161.5(5)
7154807,367.4(3)
7154817,369.1(10)
7154818,480.1(10)
7154819,424.1(10)
7154820,497.1(10)
7154821,536.6(15)
7154843,159
7154852,340.0(10)
7154853,337.5(15)
7154854,310.5(15)
7154856,374.5(15)
7154872,459.2(18)
7154879,371(3)
7154899,431
7154910,above 230
7154912,385
7154954,97.5(5)
7154977,103.5(15)
7155003,483
7155015,108--109 ?C
7155018,495.0(10)
7155019,440.0(10)
7155020,436.0(10)
7155027,423
7155028,110
7155029,83.0(10)
7155030,56
7155061,463.1(10)
7155062,386.1(10)
7155068,403.15
7155097,400.6(5)
7155100,134.5(15)
7155101,124.0(10)
7155127,402.0(10)
7155170,568.15
7155241,503.5(5)
7155243,450.5(5)
7155247,477
7155261,353.0(10)
7155274,63.0(10)
7155311,398
7155324,468
7155333,447.15
7155334,435.15
7155344,350.6(5)
7155345,410
7155346,416
7155364,343.55
7155404,decomposition at 348-350 K
7155405,379.5(15)
7155407,593
7155412,343
7155413,473
7155427,150.5(15)
7155428,136.5(5)
7155429,201.5(15)
7155430,202.5(15)
7155454,396
7155487,424
7155500,434
7155510,606.6(5)
7155533,353.0(10)
7155538,382.0(10)
7155596,135
7155608,466.5(5)
7155609,425.5(5)
7155610,456.5(5)
7155611,425.5(5)
7155688,130
7155689,165.4
7155690,147
7155692,162
7155693,339.1(7)
7155742,430.5(5)
7155785,335
7155786,370
7155841,383
7155866,414.5(15)
7155888,338.0(10)
7155903,140.6
7155953,452.1(10)
7156001,404.5(15)
7156012,386.0(10)
7156068,460.1(10)
7156069,442.1(10)
7156070,516.1(10)
7156071,greater than 270 degree centigrade
7156128,411.5(5)
7156130,406.5(5)
7156131,364
7156161,419
7156187,398(3)
7156238,383
7156307,443.15
7156321,383.5(5)
7156399,385
7156401,403
7156480,164.5(5)
7156481,151.0(10)
7156482,64.5(5)
7156483,91.0(10)
7156485,126.5(5)
7156486,201.5(5)
7156487,332
7156523,138-140?
7156572,195.5(5)
7156586,474.5(15)
7156609,353.7
7156620,315
7156640,373.5(15)
7156746,460.0(10)
7156747,443.0(10)
7156757,373
7156860,453.0(10)
7156876,533.5(5)
7156965,437.0(10)
7157042,471.5(5)
7157043,Above 360 deg.C
7157044,Decomp. above 250 deg.C
7157045,408.15
7157046,391.6(5)
7157047,197-198 deg/C (decomp.)
7157057,520.2(8)
7157058,552.1(4)
7157203,111.5(15)
7157315,481
7157317,383
7157342,437.0(10)
7157344,408.0(10)
7157371,482.5(5)
7157415,410
7157444,117(2)
7157462,445.0(10)
7157474,"165 -- 170 \%C (decomposition, acetone)."
7157475,"143 -- 145 \%C (decomposition, acetone)"
7157478,421
7157701,434.5(5)
7157710,468.5(5)
7157712,438.5(5)
7157734,444
7157808,429
7157809,412
7157810,374
7157811,379
7157812,502
7157813,38
7157814,474
7157815,415
7157816,385
7157817,537
7157818,334
7157819,327
7157847,357
7157848,361
7158031,445.0(10)
7158032,493.0(10)
7158033,523.0(10)
7158034,547.0(10)
7158111,401
7158119,414
7158120,459
7158121,333
7158122,444
7158123,429
7158152,353.5(5)
7158166,118.0(10)
7158211,426.0(10)
7158216,313.65
7158217,378.65
7158259,515(2)
7158273,432.1(10)
7158299,452.0(10)
7158315,452(7)
7158316,327.2(18)
7158455,452.0(10)
7158458,474.0(10)
7158536,465.5(5)
7158539,401.5(3)
7158566,519.0(10)
7158567,541.5(5)
7158589,514
7158612,502
7158647,134(2)
7158649,135
7158661,421.25
7158693,435
7158747,389.1(3)
7158748,399.5(5)
7158749,442.2(2)
7158760,440.0(10)
7158810,399
7158811,514
7158831,458.5(5)
7158896,438.5(5)
7158897,376.5(5)
7158931,383.1(8)
7158932,325.9(5)
7159004,58.8(3)
7159213,165.0(10)
7159235,619
7159260,434.6(5)
7159261,428.6(5)
7159262,decomposed above 300 deg.C
7159263,378.6(5)
7159264,543.1(10)
7159265,471.6(5)
7159266,492.1(10)
7159267,519.6(5)
7159360,414.0(10)
7159366,400
7159466,83
7159538,430
7159562,430
7159576,373.5(15)
7159664,426
7159665,354
7159666,460
7159667,492
7159669,508
7159709,434
7159727,153.0(10)
7159795,162(3)
7159796,398.5(5)
7159797,406.5(5)
7159798,406.5(5)
7159808,441.0(10)
7159809,526.0(10)
7159813,381.5(5)
7159889,395.0(10)
7159893,538
7159944,365
7159945,365
7159946,401
7159948,397
7160089,324.0(10)
7160091,338.5(5)
7160139,487.15
7160166,417.5(15)
7160289,550.0(10)
7160290,524.0(10)
7160291,501.0(10)
7160292,511.0(10)
7160352,538.5(5)
7160353,468.5(5)
7160354,495.5(5)
7160379,156
7160412,188
7160413,136
7160472,183.0(10)
7200207,462.1(10)
7200208,428.6(5)
7200209,448.1(10)
7200210,448.1(10)
7200211,420.6(5)
7200368,213.5(5)
7200391,212
7200392,173
7200394,173
7200402,339
7200431,327.15
7200432,327.15
7200433,327.15
7200434,327.15
7200435,327.15
7200436,453.15
7200437,453.15
7200438,453.15
7200439,453.15
7200440,453.15
7200441,362.15
7200442,362.15
7200699,245
7200757,395.57
7200758,394.34
7200773,221
7200774,221
7200775,221
7200776,221
7200777,221
7200778,221
7200779,221
7200780,197
7200781,197
7200782,197
7200783,190
7200805,decomposes greater than 373K
7200842,285
7200911,450
7200912,435
7200913,422
7200914,436
7200927,371.9(10)
7200928,440.5(8)
7200929,402.1(12)
7200930,421.7(7)
7201032,209
7201033,209
7201034,209
7201050,523
7201119,206
7201120,186
7201121,186
7201272,471.6
7201610,384
7201611,389
7201735,466.9
7201777,478.5
7201778,478.5
7201841,494
7201842,507
7201843,524
7201844,489
7201845,487
7201871,355.2(3)
7201872,337.60(10)
7201982,415.15
7201985,428.15
7201986,480.15
7202019,508
7202020,450
7202037,194
7202038,210
7202132,274
7202133,274
7202134,274
7202135,279
7202237,178
7202352,100
7202378,469.35
7202379,469.35
7202380,473.65
7202382,473.65
7202383,473.65
7202427,247.5
7202428,273.9
7202429,235.3
7202430,244.7
7202431,282.8
7202432,222.6
7202433,247.5
7202477,434.15
7202585,412.1(10)
7202586,412.1(10)
7202609,362
7202841,328
7202842,328
7202843,85
7202844,71
7202845,95
7202857,452.3
7202858,472.0(10)
7202960,222.0(10)
7202968,401
7202969,387
7202979,477(2)
7202980,485.5(15)
7202981,484
7202982,451.5(5)
7203016,88.5(3)
7203108,dehydration at 423K
7203109,dehydration at 423K
7203127,357
7203128,374
7203129,387
7203130,367
7203131,345
7203132,322
7203133,339
7203134,369
7203213,1150
7203221,458
7203222,472
7203262,335
7203263,356
7203264,316
7203265,357
7203266,399
7203296,213.1
7203297,209.9
7203298,211.4
7203394,511
7203399,94
7203400,417.6(4)
7203401,407.6(5)
7203402,543.1(4)
7203446,325(1)
7203447,310.5(5)
7203448,353(3)
7203544,221
7203545,194
7203546,202
7203547,185
7203548,173
7203549,152
7203550,188
7203555,408
7203556,483
7203566,247.3
7203677,434.9(3)
7203685,492.0(10)
7203686,463.5(5)
7203687,550.0(10)
7203786,453
7203835,526.0(2)
7203859,387.95
7203862,170.5(5)
7203907,184.0(10)
7203908,140.5(5)
7203909,138.0(10)
7203910,186
7203967,433.6(5)
7203991,435.1(10)
7203993,427.6(5)
7204009,decomposes before melting
7204037,479.70(5)
7204100,502.5(5)
7204101,434.5(5)
7204116,476.15
7204118,447.6(5)
7204120,406.1(10)
7204164,412.6(5)
7204194,394.6(5)
7204195,369.6(5)
7204224,484.5(5)
7204227,512.2(6)
7204228,490.1(6)
7204243,503
7204271,103.0(10)
7204289,453.15
7204296,374.15
7204315,139.0(10)
7204321,decomposes before melting
7204331,378
7204332,394
7204333,394
7204349,276.5(15)
7204353,255.2(13)
7204354,278.6(8)
7204359,339.5(5)
7204360,371(2)
7204361,329.5(5)
7204362,350
7204363,417.5(5)
7204364,370.5(5)
7204365,393.5(5)
7204368,453.5(15)
7204407,423(2)
7204408,372.9(17)
7204409,391.5(8)
7204410,422.8(17)
7204411,424.2(9)
7204412,367(5)
7204413,377.4(15)
7204416,488.15
7204417,503.15
7204418,433.15
7204424,452.6(5)
7204425,455.1(10)
7204426,483.6(5)
7204435,553.6(5)
7204440,410K for guest release onset temp. and 489K for host melting temp.
7204441,384K for guest release onset temp. and 489K for host melting temp.
7204442,489K for guest release onset temp. and 489K for host melting temp.
7204458,395.0(10)
7204462,168.0(10)
7204463,139.0(10)
7204464,174.0(10)
7204515,326.0(4)
7204538,454.5(5)
7204552,388(6)
7204570,245
7204602,360
7204603,344
7204647,507(2)
7204649,453.1(10)
7204662,468
7204663,428
7204664,417
7204665,428
7204678,373
7204679,337
7204680,364
7204736,161
7204737,193
7204738,164
7204739,210
7204752,411
7204770,377.6(5)
7204771,350.4(8)
7204772,348.4(3)
7204773,337.6(3)
7204774,300.4(3)
7204775,358.9(8)
7204776,358.9(8)
7204796,161.0(10)
7204797,154.0(10)
7204798,199.0(10)
7204799,164.0(10)
7204800,149.0(10)
7204809,264.5(5)
7204810,264.5(5)
7204820,370.1(10)
7204821,421.1(10)
7204832,decomposes greater than 373K
7204852,459
7204853,459
7204871,240
7204872,240
7204873,240
7204875,312
7204880,329.5(5)
7204881,290.5(5)
7204908,170.5
7204909,155.7
7204910,148.9
7204911,146.6
7204912,145.1
7204914,67.4
7204915,76.0
7204916,85.6
7204934,318.5(5)
7204935,380.0(10)
7204936,372.0(10)
7204974,375.5(5)
7204975,398.5(5)
7204976,433.5(5)
7204977,382.5(5)
7204978,413.5(5)
7204979,395.5(5)
7204980,373.5(5)
7204981,363.0(10)
7204982,357.0(10)
7204983,378.5(5)
7204988,187.5(5)
7204999,491
7205000,503
7205004,276.0(10)
7205005,279.0(10)
7205006,280.0(10)
7205007,277.0(10)
7205008,280.5
7205009,279.0(10)
7205010,287.0(10)
7205011,292
7205012,289.5(5)
7205018,378.1(10)
7205019,319.1(10)
7205020,176.0(10)
7205022,369.15
7205031,decomposes
7205032,decomposes
7205033,decomposes
7205034,"1,3-dimethylimidazolium methylsulphate"
7205282,458
7205283,477
7205284,448
7205400,242.8
7205401,242.8
7205402,242.8
7205403,242.8
7205543,359
7205901,506.84
7205903,507.49
7206207,357
7206322,340
7206348,418
7206349,453
7206371,435
7206372,415
7206373,398
7206374,421
7206375,387
7206376,380
7206377,378
7206378,323
7206379,338
7206380,400
7206381,346
7206382,401
7206383,406
7206402,491
7206419,449
7206420,473
7206421,490
7206422,513
7206423,498
7206439,210.15
7206440,210.15
7206441,210.15
7206583,C28 H24 Cl N
7206667,129.9(5)
7206693,417
7207112,137
7207113,211
7207114,201
7207115,219
7207116,227
7207173,408
7207174,400
7207175,367
7207176,425
7207177,419
7207178,461
7207179,493
7207309,363
7207310,338
7207459,426.3
7207460,464.8
7207483,200
7207484,185.5(5)
7207485,195.5(5)
7207486,177(2)
7207487,169.0(10)
7207488,163.2(13)
7207489,216.5(5)
7207490,205.5(5)
7207491,205.5(5)
7207527,488
7207528,460
7207529,430
7207530,440
7207531,380
7207532,390
7207606,137 degrees C melting onset by DSC
7207607,184 degrees C by DSC
7207608,496.15
7207609,203 degrees C melting onset by DSC
7207610,501.15
7207635,460.09
7207636,422.21
7207637,366.08
7207660,430.08
7207661,438
7207662,420.53
7207663,401.5
7207664,379.5
7207665,436.7
7207666,432.27
7207667,413.59
7207668,457
7207888,125
7207889,193
7207890,99
7207895,469
7208074,134
7208075,134
7208076,134
7208077,134
7208199,"C42 H37 Cd3 F N7 O8, B1 F4"
7208231,1273
7208326,319
7208327,347
7208328,362
7208329,410
7208330,420
7208331,325
7208504,179
7208658,298
7208659,298
7208660,298
7208661,298
7208662,158
7208663,158
7208677,408
7208678,408
7208679,408
7208838,287
7208844,255
7208994,decomposes upon heating to 78 C
7209509,ca. 410 C (decomp.)
7209818,495.8
7209820,231
7209836,396
7209840,379
7209864,168.5(5)
7209865,129
7209866,137.0(10)
7209867,149
7209868,186
7209869,223.5(5)
7209870,215.0(10)
7209871,222.5(5)
7209872,247.0(10)
7209944,401
7209945,411
7209948,386
7209949,420
7209952,414
7209954,415
7209957,397
7209958,430
7210067,460(5)
7210068,460(5)
7210069,460(5)
7210070,460(5)
7210071,460(5)
7210072,460(5)
7210073,460(5)
7210074,460(5)
7210075,460(5)
7210341,468
7210398,379
7210399,374
7210455,390
7210456,379
7210457,409
7210458,405
7210459,412
7210460,406
7210461,395
7210462,367
7210463,351
7210464,156
7210465,184
7210466,162
7210467,118
7210468,120
7210659,[Co3(C6(COO)6)(H2O)5](H2O)
7210923,511
7211010,Not
7211011,Not
7211270,353
7211797,188.15
7211798,-93 -95C
7211799,208.15
7211800,190.15
7211801,174.15
7211802,209.15
7212087,135
7212088,160
7212089,147
7212090,131
7212091,170
7212092,146
7212093,162
7212135,434.5(15)
7212328,452
7212505,265
7212506,265
7212507,231
7212565,276.2
7212566,276.7
7212567,276.2
7212657,453.5
7212658,347
7212659,402
7212660,401.5
7212661,363
7212662,381
7212663,378
7212664,353
7212665,389
7212666,339.0(10)
7212667,325.0(10)
7212737,389.7(3)
7212904,168
7212915,309.15
7212938,419.15
7212992,156.5(5)
7212993,146.0(10)
7212999,376.0(10)
7213066,99
7213067,167.5(5)
7213068,195
7213086,518.15
7213087,142.5(15)
7213089,421.15
7213108,386.0(10)
7213112,382.0(10)
7213128,100-101 C ex Methanol
7213136,221(3)
7213150,442.15
7213188,desolvates 74C; host mp 207C
7213193,505
7213212,136.0(10)
7213213,136.0(10)
7213214,138.5(15)
7213215,128.0(10)
7213227,353.6(5)
7213228,384.1(10)
7213229,374.6(5)
7213232,358.1(10)
7213233,379.0(10)
7213237,542.15
7213238,518.15
7213239,519.15
7213240,519.15
7213241,521.15
7213242,543.15
7213243,531.15
7213244,543.15
7213245,541.15
7213246,541.15
7213283,390.6(5)
7213317,402.3(7)
7213322,144
7213323,440.15
7213350,207
7213351,191
7213374,478.15
7213375,503.15
7213400,386
7213431,478.15
7213460,220
7213461,152
7213503,361
7213504,399
7213505,476
7213507,346.0(10)
7213508,330.0(10)
7213509,476.5(5)
7213510,551.5(5)
7213517,351.1(10)
7213518,156.0(10)
7213519,112
7213520,87(2)
7213521,123
7213545,548.15
7214027,385
7214028,415
7214029,415
7214030,378
7214031,380
7214032,389
7214110,403
7214111,381
7214112,383
7214113,379
7214114,381
7214115,381
7214366,458
7214367,548
7214368,518
7214369,548
7214370,458
7214371,518
7214418,192
7214420,190
7214421,224
7214422,223
7214423,250
7214424,250
7214425,268
7214426,272
7214427,284
7214574,379
7214575,376
7214617,464
7214619,465
7214895,224
7214896,237.0(10)
7214897,256.0(10)
7214947,383
7214948,383
7215292,340
7215310,524(2)
7215311,581(3)
7215312,562(4)
7215538,212
7215539,173
7215541,173
7215650,523
7215719,369(1)
7215720,369(1)
7215721,369(1)
7215722,369(1)
7215723,454(1)
7215724,454(1)
7215725,404(1)
7215726,404(1)
7215741,342
7215935,434(2)
7215936,434(2)
7215937,412(2)
7215938,522(2)
7215939,509(2)
7215940,476(2)
7215996,526(2)
7215997,526(2)
7215998,526(2)
7215999,526(2)
7216000,526(2)
7216101,171
7216102,157.5(5)
7216103,204.5(5)
7216104,165.5(5)
7216105,128
7216130,Decomposition >500 C
7216131,Decomposition >500 C
7216132,Decomposition >500 C
7216133,Decomposition >500 C
7216134,Decomposition >500 C
7216135,Decomposition >500 C
7216136,Decomposition >500 C
7216137,Decomposition >500 C
7216138,Decomposition >500 C
7216139,Decomposition >500 C
7216140,Decomposition >500 C
7216141,Decomposition >500 C
7216142,Decomposition >500 C
7216270,508
7216271,480
7216280,152
7216281,184
7216282,214
7216283,206
7216284,144
7216285,170
7216420,523
7216421,523
7216469,175.5
7216470,175.5
7216471,175.5
7216472,175.5
7216473,179.5
7216474,179.5
7216475,179.5
7216476,179.5
7216477,179.5
7216491,183
7216513,524
7216514,524
7216515,524
7216516,524
7216517,524
7216518,524
7216519,524
7216520,524
7216521,524
7216522,486
7216523,486
7216524,493
7216525,494
7216526,507
7216538,467.5
7216539,417
7216540,460
7216541,482
7216542,477
7216543,452
7216544,419
7216594,not mewasured
7216616,490.1(10)
7216781,453.15
7216875,186.5(5)
7216877,90.5(5)
7216885,mp 306.5-308 C sublimed
7216887,464.15
7216888,448.15
7216889,432.15
7216912,441.5(5)
7216913,372.0(10)
7217032,431
7217033,486
7217034,454
7217035,394
7217036,444
7217071,456
7217199,451(2)
7217200,381(2)
7217203,302(2)
7217204,306(2)
7217205,345(2)
7217206,340(2)
7217207,348(2)
7217208,311(2)
7217209,292(2)
7217216,250
7217217,250
7217278,403
7217279,423
7217292,470.15
7217318,457.6(3)
7217636,117.0(10)
7217638,153(2)
7217661,466.5(5)
7217662,466.5(5)
7217672,475.7
7217673,415.7
7217675,398
7217676,440.7
7217677,396
7217736,469.0(10)
7217770,400
7217771,400
7217772,400
7217773,400
7217774,400
7217775,400
7217776,400
7217881,413
7217882,368.1(10)
7217885,376.1(10)
7217886,194.5(5)
7218029,456
7218128,422.6(5)
7218129,425.15
7218130,423.15
7218131,429.15
7218298,523
7218299,603
7218527,119.5(5)
7218557,334
7218598,???
7218643,517.6(5)
7218644,517.6(5)
7218645,517.6(5)
7218715,432
7218717,80.6
7218739,521.5(5)
7218740,423.5(5)
7218741,473
7218744,decomposing above 510(2)
7218745,decomposing above 498(2)
7218782,109.5(5)
7218810,437.9
7218811,397.5
7218812,460
7218813,435.6
7218814,410.5
7218815,416.4
7219120,486
7219229,1893
7219230,1890
7219231,1889
7219232,1886
7219367,479.0(10)
7219368,486.0(10)
7219472,313
7219560,535
7219561,491.5(5)
7219562,481.5(5)
7219622,441
7219623,434
7219624,425
7219639,440
7219718,408.0(10)
7219719,416.5(5)
7219720,411.0(10)
7219721,466.0(10)
7219857,550
7219858,562.9
7219859,567
7219860,307.5(5)
7219879,349
7219880,384
7219881,350
7219882,368
7219883,346
7219884,361
7219929,303
7219955,244-5
7219976,471.15
7219977,402.15
7219978,404.15
7220019,290.07
7220020,290.07
7220021,290.07
7220022,290.07
7220062,340
7220063,255.0(10)
7220119,398
7220120,317
7220121,459
7220122,454
7220161,308
7220177,126.0(10)
7220190,400.0(10)
7220300,468
7220301,459
7220302,502
7220316,460.2(3)
7220330,118.5
7220418,390.5(15)
7220668,439
7220669,417
7220691,396
7220700,420.5
7220701,444
7220776,524.0(10)
7220784,349
7220838,322.0(10)
7220839,359.0(10)
7220841,372.5(5)
7220842,366.5(5)
7220843,348.0(10)
7220844,361.5(5)
7220863,419.5(5)
7220864,419.5(5)
7220865,419.5(5)
7220866,419.5(5)
7220867,419.5(5)
7220868,419.5(5)
7220869,419.5(5)
7220870,419.5(5)
7220871,419.5(5)
7220872,419.5(5)
7220873,495(3)
7220874,495(3)
7220875,495(3)
7220876,495(3)
7220877,495(3)
7220878,495(3)
7220879,495(3)
7220936,306.6
7220947,369.8
7220954,369.8
7221123,447
7221124,445
7221125,497
7221126,499
7221127,509
7221128,507
7221546,400
7221556,160
7221604,416.2
7221605,439.5
7221635,499.5(5)
7221675,153
7221676,440
7221677,450
7221678,442
7221679,457
7221710,536.0(10)
7221768,396.0(10)
7221780,447.5(5)
7221823,366
7221824,402.5(15)
7221978,366
7221979,231
7222005,456.9
7222006,283.1
7222007,428.8
7222008,420.9
7222038,498
7222040,396.0(10)
7222081,376
7222082,376
7222084,391
7222242,371
7222243,470(3)
7222244,456(3)
7222245,440(2)
7222246,442(3)
7222247,443.0(10)
7222287,513
7222288,487
7222409,368
7222454,438
7222916,388.6(5)
7223073,497(2)
7223184,359.7
7223185,406.1
7223186,377.9
7223187,333.5
7223188,356.4
7223189,346.7
7223252,384(1)
7223253,337(1)
7223254,379.0(10)
7223255,398(1)
7223419,444.5(5)
7223420,455.5(5)
7223421,514.5(5)
7223422,429.5(5)
7223423,451.5(5)
7223424,473
7223425,543
7223432,433
7223596,383
7223607,311
7223717,436(4)
7223718,601.0(10)
7223719,563
7223720,546.5(15)
7223721,403.0(10)
7223722,405.0(10)
7223723,416.5(5)
7223724,432.0(10)
7223857,188.0(10)
7223876,400
7223912,498.07
7223913,501.81
7223914,591.96
7223959,301(2)
7223960,254.15
7224036,160.4~161.9 \%C
7224114,588
7224185,137
7224198,545
7224199,545
7224200,560
7224201,471
7224202,443.0(10)
7224261,441.15
7224262,373.15
7224309,373.1(10)
7224350,135.17
7224351,157.26
7224391,414.3
7224392,326.56
7224393,401.7
7224394,390.4
7224395,388.2
7224478,347.3(4)
7224526,438.0(10)
7224543,455.6(5)
7224544,491.6(5)
7224632,416
7224681,350
7224700,468
7224704,453.6(5)
7224710,436.8
7224711,451.8
7224712,427.5
7224754,407.5
7224755,445.67
7224756,384.67
7224757,421.5
7224758,477.83
7224759,437.33
7224820,424
7224879,400
7224880,400
7224881,400
7224882,400
7224883,400
7224884,400
7224885,400
7224886,400
7224887,400
7224888,400
7224889,400
7224893,330
7224943,224
7224949,395
7224961,phase transition 353K
7224982,465.23
7224995,375.15
7224996,437.15
7224997,506.15
7224998,428.15
7224999,456.15
7225000,561.15
7225085,411
7225217,193.5(15)
7225218,193.5(15)
7225252,185
7225298,382.15
7225378,244.37
7225379,244.37
7225380,244.37
7225381,244.37
7225382,244.37
7225383,244.37
7225384,386
7225394,408.6(5)
7225471,477
7225472,487
7225473,512
7225474,529
7225475,516
7225476,521
7225477,505
7225478,508
7225511,509
7225535,401
7225587,381
7225595,388
7225596,377
7225597,395
7225598,396
7225599,388
7225600,380
7225601,403
7225602,402
7225603,434
7225604,470
7225605,419
7225606,412
7225716,416.1(10)
7225717,552.0(10)
7225718,492.0(10)
7225748,438.0(10)
7225749,450.0(10)
7225750,436.0(10)
7225751,332.0(10)
7225752,396.0(10)
7225831,383.9
7225837,1510
7225838,1500
7225885,446.0(10)
7225886,435.0(10)
7225887,404.5(15)
7225888,395.0(10)
7225889,399.5(15)
7225890,399.0(10)
7225891,457.0(10)
7226016,582
7226040,395.5(15)
7226042,425.0(10)
7226043,373.5(5)
7226047,427
7226059,273
7226061,273
7226063,442.0(10)
7226064,376.5(15)
7226099,446
7226100,388
7226109,416.2
7226110,439.5
7226156,350
7226202,403
7226237,472.5(15)
7226238,458.5(15)
7226239,458.5(15)
7226240,468(2)
7226241,514(3)
7226242,511(3)
7226243,524.5(15)
7226244,481.5(5)
7226263,345
7226275,522
7226276,582.7
7226277,567.7
7226278,499
7226279,523
7226280,571
7226398,440
7226442,442.0(10)
7226454,399(2)
7226455,470(3)
7226456,507(4)
7226457,520.0(10)
7226458,440.0(10)
7226459,498(2)
7226460,530(3)
7226478,187
7226485,524-524
7226486,531.0(10)
7226558,463
7226603,406.0(3)
7226610,514
7226611,342.0(10)
7226662,461.0(10)
7226663,Unable to measure as phase transition occurs
7226664,469.0(10)
7226688,429
7226689,427
7226726,377.5(5)
7226727,388(3)
7226745,414.25
7226746,470.65
7226804,358.5(5)
7226987,459
7227007,421
7227008,432
7227009,407
7227010,370.5(5)
7227011,469
7227028,283
7227190,399
7227191,363
7227192,419.5
7227193,463
7227343,425
7227345,431
7227346,428
7227347,412
7227367,339
7227370,447
7227372,395
7227373,528
7227374,523
7227385,494.1(10)
7227386,432.1(10)
7227453,409
7227513,388
7227514,393
7227561,293(2)
7227611,471
7227612,471
7227729,399
7227730,342.15
7227731,373.15
7227747,483
7227748,468
7227831,325
7227878,112-114?C
7227886,401.4(3)
7227887,413.6(3)
7227888,451.0(4)
7227890,370.6(5)
7227891,409.6(8)
7227892,464.6(2)
7227940,434.0(10)
7227941,414.0(10)
7227992,220
7227994,383
7227995,383
7227996,383
7227998,383
7228111,476(4)
7228112,461.5(15)
7228229,493.9(3)
7228349,430
7228390,413
7228391,413
7228392,413
7228393,413
7228394,413
7228447,344.85
7228524,494
7228525,415
7228526,473
7228527,473
7228654,314.75
7228670,330
7228839,440.15
7228840,354.15
7228841,380.15
7228842,360.15
7228843,333.15
7228844,388.15
7228891,461
7228892,456
7228893,426
7229169,548.1(10)
7229170,'274-276 deg.C'
7229171,548.1(10)
7229344,493
7229577,408
7229578,423
7229579,408
7229580,423
7229581,474.7(5)
7229595,1030
7229597,507
7229610,121
7229639,395.3
7229640,410.4
7229641,410.4
7229655,287
7229823,Ca-Isophthalate
7229831,139.7(8)
7229832,157.9(9)
7229852,368
7229853,353
7229854,358
7229855,427
7229856,403
7229857,363
7229994,484.18
7229995,457.13
7229996,503.07
7229997,507.08
7229998,463.76
7229999,461.06
7230206,416
7230208,460
7230267,54.4
7230287,394(3)
7230288,389.1(10)
7230289,374.6(15)
7230290,431(2)
7230291,360(8)
7230292,363(4)
7230293,414.6(15)
7230294,417(2)
7230299,441
7230389,465
7230390,475.15
7230468,347
7230482,452
7230490,551
7230491,551
7230492,551
7230493,551
7230494,551
7230495,551
7230496,551
7230567,434
7230568,419
7230662,135
7230704,477
7230907,375.15
7231001,467
7231002,407
7231119,544
7231120,544
7231174,506
7231273,402
7231305,473
7231306,407
7231307,449
7231308,478
7231309,363
7231325,406
7231328,406
7231329,406
7231330,406
7231331,406
7231332,406
7231333,406
7231335,406
7231336,406
7231337,406
7231338,406
7231339,406
7231340,406
7231513,432
7231514,356
7231516,432
7231517,411
7231518,451
7231608,334
7231609,326
7231738,334
7231739,445
7231740,363
7231773,469.5(15)
7231774,504.5(15)
7231904,460
7231908,114.8
7231909,114.8
7232052,431
7232086,380.5(15)
7232087,382.0(10)
7232088,374.5(15)
7232089,448
7232090,356.0(10)
7232092,384.0(10)
7232093,368
7232094,468
7232095,419
7232096,357
7232097,443
7232098,447
7232099,460
7232108,349.0(10)
7232109,374(3)
7232110,386(3)
7232111,354.5(15)
7232225,413
7232226,417
7232227,377
7232272,374
7232273,375
7232274,388
7232275,398
7232351,412
7232397,393.15
7232398,393.15
7232399,393.15
7232400,393.15
7232401,393.15
7232402,393.15
7232403,393.15
7232404,393.15
7232405,393.15
7232406,393.15
7232407,393.15
7232475,275.1
7232597,451.15
7232598,488.15
7232599,488.15
7232600,451.15
7232601,488.15
7232602,451.15
7232617,518.0(10)
7232751,236
7232752,203
7232753,184
7232754,184
7232781,385
7232844,439
7232845,443
7232846,442
7232847,425
7232848,452
7232849,472
7232850,469
7232851,427
7232852,447
7232857,364.6
7232858,362.3
7232859,341.8
7232860,344.8
7232861,501
7232872,229.7
7232873,229.7
7232939,451.15
7232940,451.15
7232941,488.15
7232942,488.15
7232943,451.15
7232944,488.15
7233002,156
7233007,447.9
7233008,396.6
7233009,435.6
7233010,380.7
7233011,389.3
7233098,402.0(10)
7233099,373.0(10)
7233396,594.0(10)
7233421,392
7233422,387
7233423,372
7233424,397
7233425,391
7233426,427
7233427,490
7233428,372
7233429,393
7233430,394
7233431,373
7233432,415
7233455,531
7233456,531
7233457,531
7233458,531
7233459,531
7233460,531
7233461,531
7233462,531
7233463,531
7233464,531
7233465,531
7233466,531
7233467,531
7233468,531
7233469,531
7233470,531
7233471,531
7233472,531
7233473,531
7233594,518.0(10)
7233731,398.0(10)
7233826,353
7233904,398.2
7233905,355.6
7233906,341.2
7233929,416.0(10)
7234030,1271
7234038,344
7234039,368.9
7234040,368.9
7234041,392.6
7234043,360.7
7234152,344.4
7234268,418.8(4)
7234269,500.1(17)
7234270,522.1(5)
7234280,355
7234281,355
7234305,403
7234319,495
7234325,356
7234326,365
7234327,365
7234509,185
7234563,523
7234564,332
7234565,247
7234594,450.0(10)
7234596,469.0(10)
7234606,349.8
7234609,353.2
7234667,415
7234668,411
7234669,422
7234670,435
7234671,425
7234679,370
7234680,353
7234681,309
7234713,622(1)
7234776,445
7234874,988
7234875,975
7234908,365
7234909,365
7234987,438.15
7235004,352
7235044,388.8(7)
7235055,479
7235056,486
7235057,530
7235058,599
7235092,444(1)
7235096,455(1)
7235101,432(1)
7235102,435(1)
7235103,425(1)
7235250,232 ?C
7235251,577.15
7235252,232 ?C
7235253,429.15
7235254,434.15
7235255,379.0(10)
7235274,426
7235275,381
7235276,562
7235277,480
7235351,519
7235352,459
7235448,390
7235449,373
7235450,364
7235537,445
7235696,363(1)
7235697,406(1)
7235698,370(1)
7235699,404(1)
7235707,543.15
7235708,531.15
7235709,543.15
7235710,468.15
7235751,453.0(10)
7235752,363.0(10)
7235753,345.5(5)
7235754,560.0(10)
7235803,331.5
7235804,387
7235904,513.15
7235920,330
7235983,427.5(5)
7236008,439.15
7236009,277.5(5)
7236017,551
7236184,492
7236185,467
7236186,506
7236210,429.0(10)
7236215,517.6
7236274,421.1(10)
7236292,510
7236485,549
7236503,480
7236579,165
7236775,400
7236776,508
7236821,331?ae
7236822,343?ae
7236841,282.5(5)
7236901,228-230C.
7237115,395.5
7237116,500
7237198,476
7237347,493.8(8)
7237348,483
7237349,501.5(5)
7237350,460.5(5)
7237351,420.5(15)
7237352,496.5(15)
7237353,394.5(5)
7237354,440.0(10)
7237371,431.15
7237372,530.15
7237437,509(1)
7237709,502.4(4)
7237710,478.4(10)
7237711,506.2(5)
7237712,502.4(4)
7237713,502.4(4)
7237714,496.6(7)
7237748,426
7237749,468
7238064,82.0(10)
7238095,254.5(15)
7238096,292.2(3)
7238374,324
7238566,157
7238597,203
7238736,503
7238737,473
7238738,551
7238739,521
7238740,436
7238747,152
7238825,436
7238826,436
7238859,503.1(10)
7238888,220
7238894,200
7238940,402(1)
7238941,378(1)
7238942,412(1)
7238943,469(1)
7238944,387(1)
7238945,386(1)
7238946,487(1)
7238947,492(1)
7238995,397(2)
7238996,419(2)
7238997,415(2)
7238998,417(2)
7238999,393(2)
7239000,423(2)
7239001,375(2)
7239002,443(2)
7239003,435(2)
7239004,393(2)
7239006,351.0(10)
7239007,362.0(10)
7239015,215
7239060,483
7239098,427
7239099,406
7239100,328
7239107,438.5
7239133,230
7239445,477.1(10)
7239563,383
7239880,397
7239965,414.5(5)
7239966,399.0(10)
7239983,137.5(6)
7240048,462.0(10)
7240049,404.0(10)
7240054,378.81
7240055,335.32
7240056,398.42
7240057,334.15
7240058,328.61
7240059,408.43
7240060,370.27
7240062,338.87
7240063,358.14
7240064,407.91
7240137,369.95
7240138,485.05
7240139,375.05
7240140,369.95
7240141,485.05
7240142,375.05
7240224,82.2(18)
7240339,459
7240424,352
7240425,343
7240426,342
7240427,373
7240428,326
7240429,340
7240462,353.0(10)
7240463,425.0(10)
7240464,484.0(10)
7240479,574
7240480,574
7240481,568
7240541,499
7240737,445
7240780,362.7
7240784,289.5
7240815,427
7240816,417 (or phase transiiton to orange form)
7240817,422
7240916,394.8(4)
7240918,440.8(8)
7241182,428.85
7241262,370.5(15)
7241263,441.5(15)
7241264,441.5(15)
7241265,412.0(10)
7241266,441.5(15)
7241267,398.5(15)
7241268,398.5(15)
7241269,379.5(15)
7241270,373-340
7241285,321
7241417,446
7241423,100.5(10)
7241510,492
7241531,382.55
7241532,357.67
7241617,431.52
7241620,395.87
7241621,415.51
7241622,387.67
7241736,352.5
7241737,398.65
7241738,412.81
7241739,352.12
7241740,348.73
7241894,511.55
7241895,509.05
7241907,270
7241908,270
7241909,253
7241910,263
7241911,263
7241912,253
7241913,263
7241914,263
7242162,353.0(4)
7242164,509
7242306,523
7242307,523
7242308,523
7242309,523
7242319,"499,15"
7242320,"362,15"
7242345,Not available as it was semi solid
7242346,Not available as it was semi solid
7242373,397
7242491,424
7242492,424
7242493,424
7242637,437.3
7242638,421.2
7242927,412.0(10)
7242928,454.5(15)
7242929,324.5(15)
7242930,472.5(15)
7242931,356.5(15)
7242932,478.5(15)
7242934,370.5(15)
7242935,389.5(15)
7242936,354.5(15)
7242937,396.5(15)
7242938,439.5(15)
7242939,236.5(5)
7242940,492.5(15)
7242942,451.0(10)
7242943,442.5(15)
7242953,513.15
7242954,381.15
7242971,215.0
7242975,393
7242976,381
7242977,398
7242978,400
7242979,394
7242980,414
7242981,408
7242982,381
7242988,428.5(5)
7242989,512.0(10)
7242990,493.5(5)
7242991,458.5(5)
7242992,418.5(5)
7243033,441
7243034,413
7243035,513
7243229,399.0(10)
7243230,395.0(10)
7243231,418.0(10)
7243232,431.0(10)
7243242,410(1)
7243243,420(1)
7243244,426(1)
7243245,429(1)
7243246,411(1)
7243247,398(1)
7243486,decomp. onset 368 K
7243528,388
7243534,459
7243535,458
7243536,408
7243566,397.15
7243567,397.15
7243568,397.15
7243569,397.15
7243811,487.15
7243812,485.15
7243813,482.15
7243814,503.15
7243815,474.15
7243816,508.15
7243817,455.15
7243961,351
7243962,351
7244051,dp> 300
7244052,dp>280
7244053,dp>300
7244174,454.2
7244175,432
7244176,379
7244177,396
7244178,367
7244179,403
7244180,369
7244181,390
7244182,371
7244327,372
7244328,423
7244332,369
7244419,184-186\^A\%C
7244420,521.15
7244600,153.5(15)
7244663,397
7244670,398.6(5)
7244746,350(8)
7244747,358(2)
7244772,468.5(5)
7245007,513.15
7245008,513.15
7245009,513.15
7245010,513.15
7245038,Tetrahydrofurane
7245065,480
7245066,377
7245127,209.0(10)
7245128,498.0(10)
7245129,514.0(10)
7245130,518.0(10)
7245178,413.1(6)
7245179,365.2(13)
7245180,397.4(7)
7245257,559
7245270,408.65
7245290,440.0(10)
7245291,436.0(10)
7245334,405
7245335,373
7245336,402
7245337,403
7245338,426
7245339,520
7245340,479
7245341,494
7245342,492
7245424,574
7245443,368.0(10)
7245444,358.0(10)
7245527,357.0(10)
7245651,547
7245652,552
7245653,536
7245719,488.0(10)
7245720,472.0(10)
7245739,170
7245774,465.15
7245775,434.15
7245776,427.45
7245777,430.65
7245778,435.65
7245779,355.65
7246064,398
7246070,421
7246101,398
7246381,364.55
7246382,353.35
7246383,360.65
7246542,528.15
7246543,528.15
7246683,424.7
7246684,413.8
7246685,399.2
7246686,392.6
7246687,418.2
7246688,494.4
7246689,415.3
7246690,455.8
7246691,400.6
7246724,440
7246726,415
7246832,107.2
7246833,112
7246835,128.8
7246847,393
7246995,463
7247056,505.47
7247314,543
7247316,573
7247317,553
7247536,onset of decomp. 328 K
7247537,349.65
7247538,336.35
7247539,341.35
7247640,229.7
7247641,229.7
7247642,229.7
7247665,310
7247666,321
7247667,330
7247675,503
7247818,409
7247949,426
7247950,379
7248219,379.83
7248272,decomp. (guest loss) onset 333 K
7248273,331.05
7248274,432.05
7248443,295
7248444,295
7248445,295
7248446,281
7248447,229
7248448,229
7248449,243
7248450,268
7248451,229
7248452,229
7248453,281
7248454,229
7248455,268
7248456,229
7248457,229
7248458,229
7248459,229
7248460,243
7248461,229
7248462,229
7248463,229
7248464,229
7248465,229
7248466,229
7248467,229
7248468,229
7248469,229
7248470,229
7248471,229
7248472,229
7248473,229
7248474,229
7248475,229
7248476,229
7248477,229
7248478,229
7248479,229
7248480,229
7248481,229
7248482,229
7248483,229
7248484,229
7248485,229
7248486,229
7248487,229
7248488,229
7248489,229
7248490,229
7248491,229
7248492,229
7248493,229
7248496,394.0(10)
7248685,1273
7248761,463.0(10)
7248920,512.0(10)
7248928,414.0(10)
7248929,429(1)
7248930,367(1)
7249045,502
7249046,478
7249048,200.5(5)
7249083,126
7249096,350
7249097,362
7249098,367
7249099,403
7249100,351
7249245,445.15
7249355,458
7249451,340
7249452,355
7249753,132
7249754,125
7249755,148
7249756,126
7249757,112
7249758,162
7249759,184
7249821,439.0(10)
7250054,680
7250055,615.4
7250056,553
7250115,579.35
7250118,507.55
7250119,503.95
7250188,402.0(10)
7250189,402.0(10)
7250191,402.0(10)
7250192,402.0(10)
7700053,617.7
7700054,599.3
7700055,629.45
7700072,617.7
7700073,599.3
7700074,629.45
7700306,C37.50 H30 Al Cl6 P3
7700381,523
7701499,548
7701500,436
7701501,443
7701502,423
7701503,507
7701563,305
7701564,206.1
7701565,278.0
7701566,256.8
7701567,449.4
7701568,302.8
7701569,319.1
7701570,218.1
7701848,158.0(10)
7701849,188.0(10)
7701850,175.0(10)
7702012,287
7702013,207
7702014,322
7702095,493
7702306,377.1(10)
7702307,410.1(10)
7702308,416.15
7702309,457(2)
7702495,233 &#x00B0;C
7702496,decomposition >200 &#x00B0;C
7702497,242 &#x00B0;C
7702498,278 &#x00B0;C
7702515,201.0(10)
7702838,367.6(5)
7702839,487.6(5)
7703423,605
7703865,388.15
7703959,1573
7704230,393.0(10)
7704231,413.0(10)
7704232,374.0(10)
7704233,428.0(10)
7704234,485.0(10)
7704235,436.0(10)
7704236,486.0(10)
7704237,460.0(10)
7704239,430.0(10)
7704393,580
7704394,993
7704453,1002
7704466,988
7704508,471
7704509,413
7704512,421
7704637,375
7704869,"	C116 H124 Ca2 Mn6 N6 O34, 2(C1.20 H1.80 N0.60), 5(C2 H3 N), 0.3"
7704982,399
7705814,462.5(5)
7705857,434
7705858,353
7706180,407
7706490,452(3)
7706493,488(4)
7706495,414.5(15)
7706514,363
7706532,458.0(10)
7707135,unknow
7707846,478
7707876,371.0(10)
7708205,551
7708206,535
7709135,361
7709305,153
7709334,597
7709335,464
7709336,600
7709337,602
7709338,453
7709339,413
7709340,450
7709684,445
7709940,443
7709941,452
7711254,185
7711255,195
7711797,362.15
7712184,synthesized
7712385,396.5(5)
7712665,non det.
7712819,243.5(5)
7712821,559
7712822,583
7712830,540
7712871,112.8
7713114,450
7713619,428
7713697,353
7713698,506
7713699,451
7713728,458
7713729,458
7713730,458
7713731,458
7713732,458
7713818,383
7713998,465
7714020,456.5(15)
7714833,401
7714834,478
7714835,533
7714836,423
7714986,498.0(10)
7714987,521.0(10)
7715523,351
7715863,455
7715864,456
7715865,519
7715866,547
7715867,522
7715868,451
7715869,448
7715870,547
7717115,469
7717116,438
7717846,346
7718263,343.15
7718396,300
7718467,463
7718468,513
7718469,462
8000056,288(3)
8000057,203.5(5)
8000098,270
8000175,202-204(hexane-ethyl_acetate)
8000449,663
8100012,336.5(5)
8100013,382.5(5)
8100014,407(2)
8100015,437
8100016,386
8100017,364(4)
8100026,337.5(5)
8100044,208
8100057,522
8100058,322
8100062,453
8100064,377
8100067,478
8100073,324
8100078,144
8100099,433
8100103,447
8100104,210
8100144,503.15
8100176,434.1(10)
8100191,372.6(5)
8100192,545.6(5)
8100205,442.6(5)
8100206,219.0(10)
8100209,103
8100216,429
8100217,492
8100222,557
8100235,293
8100249,239
8100250,523
8100252,433
8100277,376.5(15)
8100282,185
8100314,277
8100325,519.5(5)
8100326,464
8100336,290
8100368,225
8100369,425
8100418,1288
8100430,105.0(10)
8100433,485.15
8100536,395
8100553,240
8100554,152.9
8100555,225
8100563,383
8100574,125
8100575,334.0(10)
8100579,460.15
8100596,dec. ca. 900oC
8100604,189
8100607,220
8100615,472.0(10)
8100626,491.0(10)
8100632,134
8100634,470
8100635,366.5(5)
8100636,405.5(5)
8100637,399
8100687,189
8100694,140
8100698,70
8100701,183
8100702,110
8100717,346
8100720,535
8100722,358(1)
8100723,180.5
8100724,dec
8100734,227
8100740,2353
8100741,2353
8100746,293
8100750,364.0(7)
8100760,377.15
8100761,408.15
8100785,139
8100789,380.6(5)
8100830,412.5(5)
8100831,419.5(5)
8100842,372(3)
8100847,391
8100848,382.0(10)
8100849,392
8100850,438
8100854,387
8100865,377
8100869,453
8100885,487
8100904,1198
8100928,410
8100929,317
8100935,445
8100936,470
8100964,244.5(15)
8100968,129.5(15)
8100973,577.0(10)
8100974,476.0(10)
8101013,417
8101014,393
8101015,361
8101033,335.15
8101038,396.1(10)
8101050,452
8101058,893
8101072,370.5(5)
8101094,355.5(5)
8101097,375.0(10)
8101098,379 - 383 (recrystallized from ethyl acetate/h
8101100,200
8101106,188
8101109,436.5(5)
8101118,416
8101121,431
8101122,442.5(5)
8101123,428
8101124,215
8101134,220
8101158,443
8101162,332(2)
8101170,417
8101182,418.0(10)
8101183,361.5(5)
8101184,413.5(5)
8101191,358.5(5)
8101192,366.5(15)
8101196,203.5(5)
8101197,435
8101246,541.5(5)
8101248,623
8101253,419.5(5)
8101289,468.0(10)
8101290,352
8101301,1445
8101302,1083
8101325,398.5(5)
8101333,385
8101351,394
8101356,342(1)
8101363,369.5(15)
8101364,453.0(10)
8101369,425.0(10)
8101376,478
8101383,402.5(5)
8101384,374.5(5)
8101401,1520
8101402,508
8101410,231
8101411,468
8101419,458.15
8101438,468
8101476,506.0(10)
8101477,393.5(5)
8101484,484.5(5)
8101485,437.5(5)
8101499,340
8101528,382.5(5)
8101538,434.0(10)
8101556,478
8101557,434.15
8101558,327.1(10)
8101559,398
8101560,381.0(10)
8101591,529.5(5)
8101595,459
8101645,512.0(10)
8101649,428.15
8101652,378.15
8101655,432
8101658,477.6(5)
8101663,142
8101664,146(3)
8101672,443.5(5)
8101673,383.5(5)
8101692,447
8101693,480
8101705,410
8101729,356.1(10)
8101730,428.1(10)
8101731,443.1(10)
8101732,425.6(5)
8101734,545.1(10)
8101738,407.5(5)
8101739,404.6(5)
8101745,434.1(10)
8101762,366.1(10)
8101834,413.1(10)
8101858,460
8101864,483.5(5)
8101901,116
8101909,436.5(5)
8101934,376.5(5)
8101940,375.5(5)
8101945,454
8101970,326.5(5)
8101971,399.5(15)
8101976,372.5(5)
8101997,326
8102008,404.0(10)
8102009,381.5(5)
8102019,"C8 H11 N4 O2, Cl1 O4, H2 O"
8102032,355.6(5)
8102042,436.6(5)
8102053,503.5(5)
8102060,531
8102083,415.6(5)
8102105,325
8102151,450.1(10)
8102156,418
8102157,509
8102158,435
8102164,350.6(5)
8102197,345
8102222,441.0(10)
8102238,351
8102246,403.5(5)
8102252,111
8102253,482.1(10)
8102258,389
8102274,527
8102311,517.0(10)
8102320,382.1(10)
8102321,368.1(10)
8102355,412.6(15)
8102370,520
8102380,400.5(5)
8102381,400.5(5)
8102392,459
8102464,391
8102509,442.0(10)
8102510,321.0(10)
8102511,418
8102529,366
8102584,435
8102592,402.6(5)
8102686,416
8102782,373
8102794,391
8102795,352.0(10)
8102808,508.4
8102815,486.39
8102821,392.5(5)
8102835,448
8102859,543
8102925,299.15
8102926,299.15
8102963,804
8103032,2473.15
8103037,1973.15
8103078,388
8103156,482.5(5)
8103229,412.1(10)
8103256,371.5
8103289,373
8103358,508
8103381,387
8104591,451
8104627,1375
8104851,458.15
8105064,195
8105180,396.0(10)
8105219,536
8105266,358.15
8105277,440
8105279,358.15
8105307,489
8105341,521
8105343,497
8105354,653.15
8105383,512.15
8105456,375
8105854,360
8105881,114.5
8105998,532.0(10)
8106006,160
8106138,411.95
8106243,516.7
8106281,368.0(10)
8106421,480.15
8106486,493.2
8106487,481.2
8106529,498.2
8106537,380
8106592,379
8106647,407.45
8106696,435
8106859,381.15
8106920,329.05
8106934,364
8107113,360.65
8107164,560
8107181,560
8107213,463
8107366,130
8107376,553.15
8107416,435
8107450,428
8107484,470
8107508,383
8107525,150
8107539,558
8107678,464
9011306,659
