id,can_smiles,T
2108394,O=Cc1ccc2ccc3cccc4ccc1c2c34,127.0
2108395,O=Cc1ccc2ccc3cccc4ccc1c2c34,127.0
2108397,O=Cc1ccc2ccc3cccc4ccc1c2c34,127.0
2108396,O=Cc1ccc2ccc3cccc4ccc1c2c34,127.0
2108398,O=Cc1ccc2ccc3cccc4ccc1c2c34,127.0
2108399,O=Cc1ccc2ccc3cccc4ccc1c2c34,127.0
7214425,CCCCCCCCN,-1.0
2220269,O=C(O)Cc1cccc2ccccc12,130.0
2203597,Oc1cccc2ccccc12,96.0
4517381,Oc1cccc2ccccc12,96.0
4027448,CN1C(=O)C(=O)c2ccccc21,131.0
4034620,CN1C(=O)C(=O)c2ccccc21,131.0
1542900,OCCc1cccc2ccccc12,62.0
7106072,CC(C)(C)N1CCNC1=O,137.0
7214420,CCCN,-83.0
2001558,NC(=O)NNc1ccccc1,172.0
2231223,O=C1C(=O)N(c2ccccc2)c2ccccc21,141.0
7214422,CCCCCN,-55.0
2205078,CCCCCCCCO,-16.0
2001225,O=C(O)c1cccc2ccccc12,161.0
1559849,OCc1cccc2ccccc12,61.0
2241812,OB(O)c1cccc2ccccc12,207.0
2241813,OB(O)c1cccc2ccccc12,207.0
2227659,CS(=O)(=O)n1nnc2ccccc21,110.0
7241182,CN1CC(=O)NC1=O,158.0
2213685,CN1CCNC(c2ccccc2)C1,58.0
2101650,CN1CCCC1=O,-24.0
2212966,Cn1c(-c2ccccc2)cc2ccccc21,99.0
1511983,c1cn[nH]c1,68.0
1511984,c1cn[nH]c1,68.0
1511985,c1cn[nH]c1,68.0
1511986,c1cn[nH]c1,68.0
1511987,c1cn[nH]c1,68.0
1511988,c1cn[nH]c1,68.0
1511989,c1cn[nH]c1,68.0
1511990,c1cn[nH]c1,68.0
1511991,c1cn[nH]c1,68.0
1511992,c1cn[nH]c1,68.0
1511993,c1cn[nH]c1,68.0
1511994,c1cn[nH]c1,68.0
1511995,c1cn[nH]c1,68.0
1511996,c1cn[nH]c1,68.0
1511997,c1cn[nH]c1,68.0
1511998,c1cn[nH]c1,68.0
1511999,c1cn[nH]c1,68.0
1512000,c1cn[nH]c1,68.0
1512001,c1cn[nH]c1,68.0
1512002,c1cn[nH]c1,68.0
1512003,c1cn[nH]c1,68.0
1512004,c1cn[nH]c1,68.0
1512005,c1cn[nH]c1,68.0
1512006,c1cn[nH]c1,68.0
1512007,c1cn[nH]c1,68.0
1512008,c1cn[nH]c1,68.0
1512009,c1cn[nH]c1,68.0
1512010,c1cn[nH]c1,68.0
1512011,c1cn[nH]c1,68.0
1512012,c1cn[nH]c1,68.0
1512013,c1cn[nH]c1,68.0
1512014,c1cn[nH]c1,68.0
1512015,c1cn[nH]c1,68.0
7157185,c1cn[nH]c1,68.0
7157186,c1cn[nH]c1,68.0
7231210,c1cn[nH]c1,68.0
7231215,c1cn[nH]c1,68.0
7231216,c1cn[nH]c1,68.0
7052848,c1ccc2[nH]ncc2c1,148.0
7214423,CCCCCCN,-19.0
7214424,CCCCCCCN,-23.0
2206687,c1ccc2[nH]nnc2c1,98.0
3500104,COc1cc(Cl)cc(OC)c1,34.0
2105446,CCCCO,-90.0
2105941,CCCCO,-90.0
2208544,Brc1ccc2ccc3cccc4ccc1c2c34,95.0
7132640,CCCCCCCCCCCCCCCCCCBr,28.0
2220517,BrC12CC3CC(CC(C3)C1)C2,119.0
2207219,Brc1ccc(I)cc1,91.0
8104942,Brc1ccc(I)cc1,91.0
2231558,CC(C)(C)OC(=O)N1CCC(C(=O)O)CC1,150.0
2220726,CC(C)(C)OC(=O)n1ccnc1,46.0
2014284,c1ccc(Cn2ccnc2)cc1,71.0
4513378,OCC12CC3CC(CC(C3)C1)C2,117.0
7115350,CC(=O)c1ccc2ccc3cccc4ccc1c2c34,88.0
2000986,CC(=O)N1C(=O)C(=O)c2ccccc21,142.0
2212194,CC(=O)n1ccnc1,101.0
2238798,CC(=O)N1CCN(c2ccc(O)cc2)CC1,183.0
2006582,CC(=O)NC12CC3CC(CC(C3)C1)C2,148.0
2006720,CC(=O)NC12CC3CC(CC(C3)C1)C2,148.0
1543984,CN1c2ccccc2Sc2ccccc21,102.0
2003520,Oc1cccc2ccc3cccnc3c12,104.0
1558631,CCCCCCCCCCCCC#CC#CCCCCCCCCC(=O)O,64.0
2015296,NC(=O)N1c2ccccc2CCc2ccccc21,205.0
2212320,NC(=O)N1c2ccccc2CCc2ccccc21,205.0
7211772,NC(=O)N1c2ccccc2CCc2ccccc21,205.0
2227599,O=C1OC(=O)c2cccc3cccc1c23,271.0
2015902,Oc1ccc2cccc(O)c2c1,182.0
2006727,NCCCCCCCN,28.0
2016064,Oc1ccc2c(O)cccc2c1,138.0
2100602,O[C@@H]1[C@@H](O)[C@@H]2OC[C@@H](O2)[C@H]1O,182.0
2100601,O[C@@H]1[C@@H](O)[C@@H]2OC[C@@H](O2)[C@H]1O,182.0
2203125,Nc1cccc2c(N)cccc12,191.0
2214141,O=C(O)Cc1ccc(CC(=O)O)cc1,254.0
4507480,O=C1C=CC(=O)c2ccccc21,122.0
4107261,CC(C)(C)c1ccc(C(C)(C)C)cc1,77.0
7200842,C1COCCO1,12.0
2201715,CN1CCN(C)CC1,-1.0
2220789,COc1ccc(OC)cc1,56.0
7220268,O=C1c2ccccc2C(=O)c2c(O)ccc(O)c21,197.0
7220269,O=C1c2ccccc2C(=O)c2c(O)ccc(O)c21,197.0
4116821,Fc1ccc(F)cc1,-13.0
2018824,CCc1ccc(CC)cc1,-43.0
2006743,Clc1ccc(Cl)cc1,54.0
4125697,Brc1ccc(Br)cc1,88.0
2226527,COc1cc(Br)c(OC)cc1Br,146.0
2236654,O=C(CBr)C(=O)CBr,118.0
2203452,c1ccc(COc2ccc(OCc3ccccc3)cc2)cc1,127.0
2000642,O=C(c1ccccc1)c1ccc(C(=O)c2ccccc2)cc1,163.0
1501653,Nc1ccc(N)c2c1C(=O)c1ccccc1C2=O,263.0
2205022,CC(=O)Oc1ccc(OC(C)=O)cc1,121.0
2017696,c1ccc(-c2cnc(-c3ccc(-c4ncc(-c5ccccc5)o4)cc3)o2)cc1,242.0
2022778,OC1(C#CC#CC2(O)CCCCC2)CCCCC1,175.0
2200633,OCc1ccc(CO)cc1,119.0
2300271,OCc1ccc(CO)cc1,119.0
2009211,O=S1(=O)CCCO1,32.0
2219261,O=C(O)Cc1cccc(CC(=O)O)c1,175.0
1502744,c1ccc(-c2oc(-c3ccccc3)c3ccccc23)cc1,135.0
1516472,c1ccc(-c2oc(-c3ccccc3)c3ccccc23)cc1,135.0
1516473,c1ccc(-c2oc(-c3ccccc3)c3ccccc23)cc1,135.0
2217990,c1ccc(-c2oc(-c3ccccc3)c3ccccc23)cc1,135.0
7212697,O=C(Cc1ccccc1)Cc1ccccc1,34.0
2017476,CC(CC(=O)c1ccccc1)c1ccccc1,70.0
7051051,CN1C(=O)CC(=O)N(C)C1=O,122.0
2014340,Oc1cc(O)c2ccccc2c1,125.0
2223667,Fc1cccc(F)c1,-59.0
2102737,Clc1cccc(Cl)c1,-25.0
2105859,Brc1cccc(Br)c1,-7.0
2105858,Brc1cccc(Br)c1,-7.0
2105860,Brc1cccc(Br)c1,-7.0
2231477,O=C(c1ccccc1)c1cccc(C(=O)c2ccccc2)c1,99.0
7116715,c1ccc(-c2cc(-c3ccccc3)cc(-c3ccccc3)c2)cc1,173.0
7216051,c1ccc(-c2cc(-c3ccccc3)cc(-c3ccccc3)c2)cc1,173.0
7243943,c1ccc(-c2cc(-c3ccccc3)cc(-c3ccccc3)c2)cc1,173.0
2100577,O=c1n(CCO)c(=O)n(CCO)c(=O)n1CCO,138.0
2022660,Cc1cc(C)n(C)n1,36.0
4116822,Fc1cc(F)cc(F)c1,-6.0
7241667,C#Cc1cc(C#C)cc(C#C)c1,106.0
2202869,Clc1cc(Cl)c(I)c(Cl)c1,55.0
2108853,Brc1cc(Br)cc(Br)c1,123.0
2108854,Brc1cc(Br)cc(Br)c1,123.0
2108855,Brc1cc(Br)cc(Br)c1,123.0
8101563,O=C(c1ccccc1)c1cc(C(=O)c2ccccc2)cc(C(=O)c2ccccc2)c1,118.0
2234440,O=C(Cl)c1cc(C(=O)Cl)cc(C(=O)Cl)c1,36.0
2224001,N#CCc1ccccc1CC#N,59.0
8104917,Cc1nccn1C,37.0
4116820,Fc1ccccc1F,-34.0
2018825,CCc1ccccc1CC,-31.0
2102736,Clc1ccccc1Cl,-18.0
2105862,Brc1ccccc1Br,5.0
2105861,Brc1ccccc1Br,5.0
2105863,Brc1ccccc1Br,5.0
2205665,c1ccc(NCCNc2ccccc2)cc1,66.0
2220136,O=C(CCC(=O)c1ccccc1)c1ccccc1,146.0
2206484,c1ccc(SCCSc2ccccc2)cc1,69.0
2206581,c1ccc(SCCSc2ccccc2)cc1,69.0
8100844,c1ccc(P(CCP(c2ccccc2)c2ccccc2)c2ccccc2)cc1,141.0
2015410,c1ccc(P(c2ccccc2)c2ccccc2P(c2ccccc2)c2ccccc2)cc1,187.0
3500068,OCc1ccccc1CO,62.0
7220020,Clc1ccc(Cl)c(Cl)c1,17.0
7220019,Clc1ccc(Cl)c(Cl)c1,17.0
7220022,Clc1ccc(Cl)c(Cl)c1,17.0
7220021,Clc1ccc(Cl)c(Cl)c1,17.0
2108850,Brc1ccc(Br)c(Br)c1,42.0
2108851,Brc1ccc(Br)c(Br)c1,42.0
2108852,Brc1ccc(Br)c(Br)c1,42.0
4116823,Fc1cc(F)c(F)cc1F,4.0
2242440,Brc1cc(Br)c(Br)cc1Br,178.0
2242441,Brc1cc(Br)c(Br)cc1Br,178.0
2242442,Brc1cc(Br)c(Br)cc1Br,178.0
2242443,Brc1cc(Br)c(Br)cc1Br,178.0
2242445,Brc1cc(Br)c(Br)cc1Br,178.0
2242444,Brc1cc(Br)c(Br)cc1Br,178.0
2242446,Brc1cc(Br)c(Br)cc1Br,178.0
2242447,Brc1cc(Br)c(Br)cc1Br,178.0
2242448,Brc1cc(Br)c(Br)cc1Br,178.0
7230191,Brc1cc(Br)c(Br)cc1Br,178.0
7230192,Brc1cc(Br)c(Br)cc1Br,178.0
7230193,Brc1cc(Br)c(Br)cc1Br,178.0
7230194,Brc1cc(Br)c(Br)cc1Br,178.0
7230196,Brc1cc(Br)c(Br)cc1Br,178.0
7230197,Brc1cc(Br)c(Br)cc1Br,178.0
7230198,Brc1cc(Br)c(Br)cc1Br,178.0
7230195,Brc1cc(Br)c(Br)cc1Br,178.0
1559446,Clc1cc(Cl)c(Cl)cc1Cl,140.0
2100447,Clc1cc(Cl)c(Cl)cc1Cl,140.0
2100449,Clc1cc(Cl)c(Cl)cc1Cl,140.0
2100662,ClCC(Cl)CCl,-14.0
2100663,ClCC(Cl)CCl,-14.0
3500101,COc1cccc(OC)c1OC,44.0
2005229,c1ccc2c(c1)CCCC2,-36.0
4116824,Fc1ccc(F)c(F)c1F,-42.0
2004212,C#CC(O)(c1ccccc1)c1ccccc1,46.0
2229122,O=C(N1CCCCC1)N1CCCCC1,45.0
2001650,Oc1ccc2ccccc2c1-c1c(O)ccc2ccccc12,217.0
2001651,Oc1ccc2ccccc2c1-c1c(O)ccc2ccccc12,217.0
4501769,Oc1ccc2ccccc2c1-c1c(O)ccc2ccccc12,217.0
4501771,Oc1ccc2ccccc2c1-c1c(O)ccc2ccccc12,217.0
2006892,OCCCCCCCCCCCCO,83.0
2009004,OCCCCCCCCCCO,73.0
1554412,C(C=C(c1ccccc1)c1ccccc1)=C(c1ccccc1)c1ccccc1,198.0
4321583,C(C=C(c1ccccc1)c1ccccc1)=C(c1ccccc1)c1ccccc1,198.0
4501700,C(C=C(c1ccccc1)c1ccccc1)=C(c1ccccc1)c1ccccc1,198.0
4501701,C(C=C(c1ccccc1)c1ccccc1)=C(c1ccccc1)c1ccccc1,198.0
2101296,OC(C#Cc1ccccc1)(c1ccccc1)c1ccccc1,81.0
4507742,ClC(Cl)C(Cl)Cl,-43.0
7106716,ClC(Cl)C(Cl)Cl,-43.0
7106717,ClC(Cl)C(Cl)Cl,-43.0
4110675,OC(C(F)(F)F)C(F)(F)F,-3.0
2236250,N#CCC(=O)N1CCCCC1,88.0
2105998,c1cc2ccc1CCc1ccc(cc1)CC2,286.0
2105999,c1cc2ccc1CCc1ccc(cc1)CC2,286.0
2106000,c1cc2ccc1CCc1ccc(cc1)CC2,286.0
2106001,c1cc2ccc1CCc1ccc(cc1)CC2,286.0
4123372,O=C1CC[C@@H](C(=O)O)N1,160.0
4123373,O=C1CC[C@@H](C(=O)O)N1,160.0
4123374,O=C1CC[C@@H](C(=O)O)N1,160.0
4123375,O=C1CC[C@@H](C(=O)O)N1,160.0
4123376,O=C1CC[C@@H](C(=O)O)N1,160.0
4123377,O=C1CC[C@@H](C(=O)O)N1,160.0
4123378,O=C1CC[C@@H](C(=O)O)N1,160.0
4123384,O=C1CC[C@@H](C(=O)O)N1,160.0
7205534,COc1ccc2cc([C@H](C)C(=O)O)ccc2c1,155.0
7221751,COc1ccc2cc([C@H](C)C(=O)O)ccc2c1,155.0
2005155,Fc1c(F)c(F)c(P(c2ccccc2)c2ccccc2)c(F)c1F,71.0
2223061,CN(C)/C=C/C(=O)c1ccccn1,131.0
2212076,O=C(O)CSc1ccc(Cl)cc1,106.0
1565227,CC1(C)[C@@H]2CC[C@]13CS(=O)(=O)N=C3C2,227.0
1565230,CC1(C)[C@@H]2CC[C@]13CS(=O)(=O)N=C3C2,227.0
2103843,CC1(C)[C@@H](C(=O)O)CC[C@@]1(C)C(=O)O,186.0
7002569,Oc1ccccc1-c1nc2ccccc2s1,132.0
7030600,Oc1ccccc1-c1nc2ccccc2s1,132.0
8101577,Oc1ccccc1-c1nc2ccccc2s1,132.0
2001746,c1ccc(-c2cccs2)nc1,63.0
2214025,O=C(O)c1ccccc1C(=O)c1ccc(Cl)cc1,150.0
2237894,c1ccc2[nH]c(-c3ccncc3)nc2c1,219.0
2008793,Cc1ccc(C(=O)c2ccccc2C(=O)O)cc1,138.0
2223259,O=C(O)CSc1ccccc1C(=O)O,218.0
2015316,COC(=O)c1ccccc1B(O)O,69.0
4511211,CNc1ccccn1,15.0
4511213,CNc1ccccn1,15.0
4511212,CNc1ccccn1,15.0
2207629,CSc1nc2ccccc2[nH]1,204.0
2205482,CSc1ncccc1C(=O)O,217.0
1519878,CC(=O)Nc1ccccc1C(F)(F)F,96.0
7210758,CC(=O)Nc1ccccc1C(F)(F)F,96.0
2229648,O=C(O)c1ccccc1C(F)(F)F,109.0
2242460,O=C(c1ccccc1)C(F)(F)F,-40.0
7232872,OCC(F)(F)F,-44.0
7232873,OCC(F)(F)F,-44.0
7247642,OCC(F)(F)F,-44.0
2228165,Cc1ccc(S(=O)(=O)OCC(F)(F)F)cc1,40.0
2017252,OCC(F)(F)C(F)(F)C(F)(F)CO,78.0
2017253,OCC(F)(F)C(F)(F)C(F)(F)CO,78.0
2017254,OCC(F)(F)C(F)(F)C(F)(F)CO,78.0
2017255,OCC(F)(F)C(F)(F)C(F)(F)CO,78.0
2220668,OCC(F)(F)C(F)(F)CO,84.0
2211267,O=C(CCl)c1ccc(Cl)cc1Cl,54.0
2201864,c1ccc(P(c2ccccc2)c2ccc3ccccc3c2-c2c(P(c3ccccc3)c3ccccc3)ccc3ccccc23)cc1,283.0
2235347,c1ccc(P(c2ccccc2)c2ccc3ccccc3c2-c2c(P(c3ccccc3)c3ccccc3)ccc3ccccc23)cc1,283.0
4306990,c1ccc(P(c2ccccc2)c2ccc3ccccc3c2-c2c(P(c3ccccc3)c3ccccc3)ccc3ccccc23)cc1,283.0
2200806,OCCN(CCO)C(CO)(CO)CO,104.0
2010263,c1csc(-c2cccs2)c1,32.0
2010281,c1csc(-c2cccs2)c1,32.0
2008378,Brc1ccccc1-c1ccccc1Br,80.0
2104096,COc1ccc(C(=O)c2ccc(OC)cc2O)c(O)c1,135.0
7226202,COc1ccc(C(=O)c2ccc(OC)cc2O)c(O)c1,135.0
2007553,Oc1ccccc1-c1ccccc1O,109.0
2102480,Oc1ccccc1-c1ccccc1O,109.0
2102481,Oc1ccccc1-c1ccccc1O,109.0
2102482,Oc1ccccc1-c1ccccc1O,109.0
2102483,Oc1ccccc1-c1ccccc1O,109.0
2219327,COc1ccccc1-c1ccccc1OC,154.0
4512518,CCC(C)(C)C,-100.0
1520409,CCCCC(CO)(CO)CCCC,40.0
2231179,NC(=O)C(c1ccccc1)c1ccccc1,166.0
2217305,O=C(C(=O)c1ccco1)c1ccco1,164.0
1511796,O=C(C(=O)c1cccs1)c1cccs1,83.0
2202545,NC(=O)c1c(F)c(F)c(F)c(F)c1F,148.0
4505272,NC(=O)c1c(F)c(F)c(F)c(F)c1F,148.0
2204809,OB(O)c1c(F)c(F)c(F)c(F)c1F,253.0
4513756,Fc1c(F)c(F)c(-c2ccccc2)c(F)c1F,112.0
2017475,Cc1c(C)c(C)c(C(=O)c2ccccc2)c(C)c1C,138.0
2217926,Brc1csc(Br)c1Br,44.0
7243196,CC(=O)c1ccc(Cl)c(Cl)c1Cl,62.0
4512183,OB(O)c1ccc(F)c(F)c1F,203.0
7108257,O=C(O)c1ccc(F)c(F)c1F,141.0
2218918,O=Cc1ccc(O)c(O)c1O,161.0
3500094,COc1ccc(C=O)c(OC)c1OC,40.0
2105533,Oc1c(F)c(F)c(O)c(F)c1F,169.0
2231246,Nc1cccnc1N,112.0
2236814,Cc1cccc(N)c1N,58.0
2237266,NC(=O)C(Br)CBr,133.0
2104974,O=Cc1cccc(Cl)c1Cl,63.0
4130598,O=C(O)c1cccc(Cl)c1Cl,168.0
7206924,O=C(O)Cc1cccc(Cl)c1Cl,134.0
1519831,Clc1nc2ccccc2nc1Cl,153.0
2217606,O=C(O)c1cccc(F)c1F,162.0
2206141,O=Cc1cccc(O)c1O,108.0
2200756,O=C(O)c1cccc(O)c1O,206.0
4501674,O=C(O)c1cccc(O)c1O,206.0
2004804,O=c1c(O)c(-c2ccccc2O)oc2ccccc12,203.0
2242776,COc1cccc(C=O)c1OC,52.0
4512517,Cc1cccc(N)c1C,3.0
2214905,Cc1cccc(OCC(=O)O)c1C,186.0
2201564,Cc1nccnc1C,-12.0
7051297,Cc1nccnc1C,-12.0
2209165,c1ccc(-c2nc3ccccc3nc2-c2ccccc2)cc1,126.0
7240411,c1ccc(-c2nc3ccccc3nc2-c2ccccc2)cc1,126.0
7108260,O=C(O)c1cc(F)c(F)cc1F,98.0
2221359,c1ccc(-c2nc(-c3ccccc3)c(-c3ccccc3)[nH]2)cc1,276.0
2200624,Cc1cc(C)nc(C)c1,-43.0
2007412,c1ccc(-c2nc(-c3ccccn3)nc(-c3ccccn3)n2)nc1,250.0
2203186,Oc1c(Br)cc(Br)c(O)c1Br,115.0
2243520,Cc1c(Br)cc(Br)cc1Br,69.0
2214103,Nc1c(Cl)cc(Cl)cc1Cl,77.0
2005177,O=C(O)c1c(Cl)cc(Cl)cc1Cl,163.0
2011397,N#Cc1c(Cl)cc(Cl)cc1Cl,81.0
2215609,Oc1c(Cl)cc(Cl)cc1Cl,66.0
2219974,Nc1c(F)cc(F)cc1F,35.0
4512184,OB(O)c1c(F)cc(F)cc1F,235.0
2229137,O=C(O)c1c(F)cc(F)cc1F,141.0
2016829,N#Cc1c(F)cc(F)cc1F,57.0
7051985,Oc1c(I)cc(I)cc1I,158.0
2232014,CC(=O)c1c(C(C)C)cc(C(C)C)cc1C(C)C,87.0
2202731,CC(C)c1cc(C(C)C)c(S(N)(=O)=O)c(C(C)C)c1,115.0
7106527,CC(C)c1cc(C(C)C)c(C(=O)O)c(C(C)C)c1,186.0
1559276,Cc1cc(C)c(CCl)c(C)c1,40.0
2011547,Cc1cc(C)c(O)c(C)c1,72.0
2226506,Nc1c(-c2ccccc2)cc(-c2ccccc2)cc1-c1ccccc1,124.0
8107715,O=C(CBr)c1ccc(Br)cc1,110.0
2013419,Cc1cc(C)c(Br)c(C)c1Br,60.0
2013420,Cc1cc(C)c(Br)c(C)c1Br,60.0
2215966,O=C(O)c1cc(F)c(Cl)cc1Cl,141.0
2214099,CC(=O)Nc1ccc(Cl)cc1Cl,147.0
2224625,O=Cc1ccc(Cl)cc1Cl,71.0
2015610,NNC(=O)c1ccc(Cl)cc1Cl,169.0
2211838,OCc1ccc(Cl)cc1Cl,59.0
2007239,NNC(=O)COc1ccc(Cl)cc1Cl,151.0
2224651,O=C(O)Cc1ccc(Cl)cc1Cl,129.0
2222064,Clc1ccnc(Cl)n1,60.0
2220502,OB(O)c1ccc(F)cc1F,249.0
4512187,OB(O)c1ccc(F)cc1F,249.0
7108254,O=C(O)c1ccc(F)cc1F,188.0
2017135,CC(=O)c1ccc(O)cc1O,144.0
2017136,CC(=O)c1ccc(O)cc1O,144.0
2215912,CC(=O)c1ccc(O)cc1O,144.0
4505913,O=C(c1ccccc1)c1ccc(O)cc1O,146.0
2242777,COc1ccc(C=O)c(OC)c1,69.0
4020535,COc1ccc(B(O)O)c(OC)c1,118.0
2013974,COc1ccc(C(=O)O)c(OC)c1,109.0
8101726,Cc1ccc(OCC(=O)O)c(C)c1,141.0
2201039,Cc1ccnc(C)c1,-60.0
2200040,O=C1CSC(=O)N1,125.0
1501634,CC(C)(C)c1ccc2oc(-c3ccc(-c4nc5cc(C(C)(C)C)ccc5o4)s3)nc2c1,201.0
2236845,Nc1ccc(N)nc1,96.0
2018032,Cc1cc(Br)c(C)cc1Br,73.0
2221472,Brc1ccc(Br)nc1,94.0
4500647,O=C1C=C(Cl)C(=O)C=C1Cl,160.0
7218036,O=C1C=C(Cl)C(=O)C=C1Cl,160.0
2200629,Nc1cc(Cl)ccc1Cl,50.0
2104975,O=Cc1cc(Cl)ccc1Cl,56.0
2216801,O=Cc1cc(O)ccc1O,99.0
2242778,COc1ccc(OC)c(C=O)c1,49.0
2013975,COc1ccc(OC)c(C(=O)O)c1,77.0
2238860,COc1ccc(OC)c(C#N)c1,82.0
7051298,Cc1cnc(C)cn1,15.0
7155345,c1ccc(-c2nnc(-c3ccccc3)o2)cc1,140.0
1505620,CC(C)(C)C1=CC(=O)C(C(C)(C)C)=CC1=O,153.0
2012932,Cc1cc(CO)c(O)c(CO)c1,123.0
2221917,O=C(O)c1c(C(F)(F)F)cccc1C(F)(F)F,138.0
2230116,O=C(O)c1c(C(F)(F)F)cccc1C(F)(F)F,138.0
4511264,Nc1nc(N)c2nc[nH]c2n1,302.0
7245421,Nc1nc(N)c2nc[nH]c2n1,302.0
7245423,Nc1nc(N)c2nc[nH]c2n1,302.0
2020898,Nc1cccc(N)n1,120.0
8104863,Nc1c(Br)cc(F)cc1Br,65.0
3500031,Nc1c(Br)cccc1Br,81.0
7228163,Clc1cc(I)cc(Cl)n1,163.0
8102080,O=Cc1c(Cl)cccc1Cl,71.0
2208380,NC(=O)c1c(Cl)cccc1Cl,199.0
2102125,N#Cc1c(Cl)cccc1Cl,145.0
7210156,NC(=O)c1c(F)cccc1F,147.0
2226917,O=C(O)c1c(F)cccc1F,158.0
2204602,N#Cc1c(F)cccc1F,30.0
2020544,O=C(O)/C=C/c1c(F)cccc1F,125.0
7226837,O=C(O)/C=C/c1c(F)cccc1F,125.0
7226839,O=C(O)/C=C/c1c(F)cccc1F,125.0
7226843,O=C(O)/C=C/c1c(F)cccc1F,125.0
8104914,Oc1c(F)cccc1F,38.0
2204707,CC(=O)c1c(O)cccc1O,158.0
2214108,CC(=O)Nc1c(C)cccc1C,181.0
7151090,CC(=O)Nc1c(C)cccc1C,181.0
2200607,Cc1cncc(C)n1,41.0
2200608,Cc1cncc(C)n1,41.0
7051299,Cc1cncc(C)n1,41.0
2216499,c1ccc(-c2cccc(-c3ccccc3)n2)cc1,78.0
2217020,CN(C)Cc1cc(C(C)(C)C)c(O)c(C(C)(C)C)c1,91.0
2015154,CC(C)(C)c1cccc(C(C)(C)C)c1O,37.0
2200702,Cc1cccc(C)n1,-7.0
2005486,OCc1cccc(CO)n1,112.0
2204833,Oc1ccc2ccc(O)cc2c1,186.0
8103100,CC(=O)Nc1ccc(Br)cc1C(=O)O,223.0
2231119,CC(=O)Nc1ccc(Br)cn1,177.0
7157746,CC(=O)Nc1ccc(Br)cn1,177.0
2008834,CC(=O)Nc1ccccc1C(=O)O,186.0
2219183,CC(=O)Nc1nccs1,203.0
2102174,CC(=O)CC(=O)Nc1ccccc1C,105.0
2208311,CC(=O)c1ccc2ccccc2c1O,99.0
2236320,CC(=O)c1ccc2ccccc2c1,54.0
2213278,CC(=O)c1ccc[nH]1,90.0
7244791,OC1C2CC3CC(C2)CC1C3,301.0
7244796,OC1C2CC3CC(C2)CC1C3,301.0
2014395,Nc1nncs1,191.0
1547280,Nc1ccc(Cl)cc1C(=O)c1ccccc1Cl,88.0
2104101,Nc1ccc(Cl)cc1C(=O)c1ccccc1Cl,88.0
2014234,NC1=NCCS1,80.0
1546688,Cc1nc(N)c(Br)cc1Br,145.0
2219224,Nc1ncccc1OCc1ccccc1,93.0
2233707,Nc1ncccc1Br,66.0
2230214,Nc1ncccc1Cl,61.0
2231398,Nc1ncccc1O,170.0
2232613,N#Cc1c(N)sc2c1CCCC2,143.0
2300270,COc1cc(N)c(C(C)=O)cc1OC,106.0
2216205,COc1cc(N)c(C#N)cc1OC,99.0
2219434,Nc1nc(Cl)cc(Cl)n1,220.0
2012721,COc1cc(OC)nc(N)n1,95.0
2237220,Cc1cc(C)nc(N)n1,153.0
2216655,Cc1cccc2sc(N)nc12,138.0
4111833,Cc1ccc(O)c(N)c1,136.0
7703841,Cc1ccc(O)c(N)c1,136.0
2008451,Nc1nc(-c2ccccc2)cs1,150.0
2221588,Nc1nnc(-c2ccncc2)s1,245.0
1547281,Nc1ccc(Cl)cc1C(=O)c1ccccc1,98.0
1550130,Nc1ccc(Cl)cc1C(=O)c1ccccc1,98.0
2216617,Nc1ccc(Cl)cn1,137.0
2223795,Nc1ncc(Cl)cn1,235.0
2012268,CCc1nnc(N)s1,200.0
2237486,Nc1ccc(F)cc1C(=O)O,183.0
2226119,Nc1ncc(I)cn1,219.0
4111834,Cc1ccc(N)c(O)c1,157.0
2014396,Nc1nnc(C(F)(F)F)s1,225.0
2005966,Nc1nc2ccc(F)cc2s1,184.0
2235729,COc1ccc2nc(N)sc2c1,163.0
2216119,Cc1ccc2nc(N)sc2c1,141.0
2236849,Cc1cccc(N)n1,43.0
1547282,Nc1ccccc1C(=O)c1ccccc1,107.0
2222772,Nc1nc2ccccc2s1,128.0
2233137,Nc1ccccc1CO,83.0
4118521,Nc1nccs1,90.0
7226482,O=c1[nH]c2ccccc2o1,140.0
2007242,O=C(c1ccccc1)c1ccccn1,43.0
7129417,O=C(c1ccccc1)c1ccccn1,43.0
7129418,O=C(c1ccccc1)c1cccs1,56.0
2228255,c1ccc(CNc2ccccn2)cc1,95.0
2228535,c1ccc(CNc2ccccn2)cc1,95.0
2004060,OCc1ccccc1-c1ccccc1,49.0
2104560,OCc1ccccc1-c1ccccc1,49.0
7212565,Fc1cc(F)c(Br)c(F)c1,4.0
7212566,Fc1cc(F)c(Br)c(F)c1,4.0
7212567,Fc1cc(F)c(Br)c(F)c1,4.0
4508710,Oc1cccnc1Br,184.0
2243194,Cc1cc(C)c(N)c(Br)c1,44.0
2223258,COc1ccc(C(=O)CBr)cc1,70.0
2238380,O=Cc1cc(F)ccc1Br,54.0
1542454,Cc1ccc(Br)nc1,43.0
1520176,CC(=O)Nc1ccccc1Br,99.0
1520180,CC(=O)Nc1ccccc1Br,99.0
2206871,CC(=O)Nc1ccccc1Br,99.0
2229980,O=C(CBr)c1ccccc1,50.0
1517497,BrC1C2CC3CC(C2)CC1C3,139.0
1520029,NC(=O)c1ccccc1Br,161.0
7150867,OB(O)c1ccccc1Br,109.0
8101989,NNC(=O)c1ccccc1Br,153.0
2240049,O=C(O)c1ccccc1Br,148.0
4130596,O=C(O)c1ccccc1Br,148.0
2015769,N#Cc1ccccc1Br,55.0
7157819,N#Cc1ccccc1Br,55.0
2224993,O=C(O)c1cccnc1Br,254.0
2234961,O=C(O)Cc1ccccc1Br,106.0
2005623,OCC#CCO,56.0
7054714,CC#CC(=O)O,77.0
7054715,CC#CC(=O)O,77.0
7054716,CC#CC(=O)O,77.0
7054717,CC#CC(=O)O,77.0
7054718,CC#CC(=O)O,77.0
7054719,CC#CC(=O)O,77.0
7054720,CC#CC(=O)O,77.0
7054721,CC#CC(=O)O,77.0
7054722,CC#CC(=O)O,77.0
7054723,CC#CC(=O)O,77.0
7054724,CC#CC(=O)O,77.0
2105703,Fc1cc(Br)c(Cl)c(Br)c1,86.0
2217197,Cc1cccc(C)c1NC(=O)CCl,148.0
1502742,Oc1cccnc1Cl,170.0
4508711,Oc1cccnc1Cl,170.0
2216200,Cc1nc2ccccc2nc1Cl,73.0
7223726,CCNc1nc(Cl)nc(NCC)n1,228.0
4500479,O=C(O)c1ccc(F)cc1Cl,185.0
2220069,Nc1ccc(I)cc1Cl,70.0
2200081,Cc1cc(Cl)nc2ccccc12,55.0
2228950,ClCc1ccc(Cl)nc1,40.0
2013406,Cc1ccc(Cl)c(O)c1,46.0
2240877,N#Cc1cccc(Cl)n1,87.0
2230326,O=C(O)c1c(F)cccc1Cl,158.0
2223637,COc1ccc2nc(Cl)c(C=O)cc2c1,150.0
1520400,CC(=O)Nc1ccccc1Cl,87.0
2214092,CC(=O)Nc1ccccc1Cl,87.0
4101497,CC(=O)Nc1ccccc1Cl,87.0
2222994,NS(=O)(=O)c1ccccc1Cl,190.0
2234160,NNC(=O)c1ccccc1Cl,118.0
2005184,Clc1nc2ccccc2[nH]1,183.0
4130599,O=C(O)c1ccccc1Cl,140.0
7202389,O=C(O)c1ccccc1Cl,140.0
2015768,N#Cc1ccccc1Cl,45.0
2220873,NC(=O)c1cccnc1Cl,165.0
2212763,CNC(=O)CCl,46.0
7200372,Oc1ccccc1Cl,8.0
2224639,NNC(=O)COc1ccccc1Cl,112.0
2235006,O=C(O)Cc1ccccc1Cl,96.0
2224034,O=Cc1cc2ccccc2nc1Cl,149.0
2230918,Cc1ccc(-c2ccccc2C#N)cc1,51.0
2015376,N#Cc1ccccc1C=O,104.0
4104926,CN(C)c1ccccc1-c1ccccc1P(C1CCCCC1)C1CCCCC1,123.0
2243734,CC(C)Oc1cccc(OC(C)C)c1-c1ccccc1P(C1CCCCC1)C1CCCCC1,125.0
2017378,CCOc1ccccc1C(N)=O,133.0
4517046,CCOc1ccccc1C(N)=O,133.0
4517047,CCOc1ccccc1C(N)=O,133.0
2102541,CCOc1ccccc1/C=C/C(=O)O,135.0
2102542,CCOc1ccccc1/C=C/C(=O)O,135.0
2102543,CCOc1ccccc1/C=C/C(=O)O,135.0
2102544,CCOc1ccccc1/C=C/C(=O)O,135.0
2102545,CCOc1ccccc1/C=C/C(=O)O,135.0
2102546,CCOc1ccccc1/C=C/C(=O)O,135.0
2102547,CCOc1ccccc1/C=C/C(=O)O,135.0
2102548,CCOc1ccccc1/C=C/C(=O)O,135.0
2200696,CCC(CO)(CO)CO,60.0
2204471,N#Cc1ccc(O)cc1F,125.0
2200516,N#Cc1c(F)cccc1I,50.0
1520181,CC(=O)Nc1ccccc1F,78.0
7247570,CC(C(=O)O)c1ccc(-c2ccccc2)c(F)c1,113.0
4512180,OB(O)c1ccccc1F,104.0
1516193,O=C(O)c1ccccc1F,124.0
7118965,O=C(Cl)c1ccccc1F,5.0
2101142,O=C(O)C(O)c1ccccc1F,115.0
7218453,O=C(O)C(O)c1ccccc1F,115.0
2100154,Oc1ccccc1F,15.0
4507554,Cc1ccccc1F,-87.0
4507555,Cc1ccccc1F,-87.0
4507556,Cc1ccccc1F,-87.0
7247278,O=Cc1ccccc1B(O)O,118.0
7232751,O=Cc1ccco1,-38.0
2000788,O=Cc1c(O)ccc2ccccc12,79.0
4109972,CC(O)(C(=O)O)C(F)(F)F,85.0
2235828,COc1cccc(C=O)c1O,41.0
2213632,COc1cccc(C(=O)O)c1O,152.0
7208253,COc1cccc(C(=O)O)c1O,152.0
8104888,COc1ccc(C=O)c(O)c1,42.0
2000923,CCCCCCCCOc1ccc(C(=O)c2ccccc2)c(O)c1,48.0
1519800,COc1ccc(O)c(C(=O)O)c1,143.0
7208267,COc1ccc(O)c(C(=O)O)c1,143.0
2005799,N#Cc1ccccc1O,94.0
7206516,OCc1ccccc1O,85.0
1519814,OCC1COc2ccccc2O1,89.0
2213924,OCC1COc2ccccc2O1,89.0
2205631,Nc1ccccc1I,55.0
2216404,O=Cc1ccccc1I,37.0
2216829,BrCc1ccccc1I,56.0
2014326,S=C1NCCS1,105.0
2221624,COc1ccc2ccccc2c1C=O,83.0
2223500,COc1ccccc1C(=O)NN,80.0
7202701,COc1cc(O)ccc1O,89.0
2008029,COc1ccc2ccccc2c1,72.0
8104945,COc1ccccc1CC(=O)O,124.0
2015695,COc1ncccc1B(O)O,137.0
7050129,CC1=CC(=O)c2ccccc2C1=O,106.0
7050130,CC1=CC(=O)c2ccccc2C1=O,106.0
7244792,CC1(O)C2CC3CC(C2)CC1C3,216.0
7244794,CC1(O)C2CC3CC(C2)CC1C3,216.0
7244795,CC1(O)C2CC3CC(C2)CC1C3,216.0
1520430,CC(=O)Nc1ccccc1C,111.0
2212851,CC(=O)Nc1ccccc1C,111.0
2003972,Cc1ccc2c(c1)C(=O)c1ccccc1C2=O,172.0
2226924,Cc1ccccc1C(O)c1ccccc1,94.0
2102143,CC1C(=O)CCCC1=O,206.0
2102144,CC1C(=O)CCCC1=O,206.0
2213512,CC(CCC(=O)O)C(=O)O,76.0
1519948,Cc1ncc[nH]1,143.0
7244957,Cc1ncc[nH]1,143.0
2011375,CC(C(N)=O)C(N)=O,209.0
2203659,Cc1ccccc1OCC(=O)O,154.0
2102094,Cc1cnccn1,-30.0
2102095,Cc1cnccn1,-30.0
7051296,Cc1cnccn1,-30.0
7222061,Cc1c(O)cccc1O,120.0
3500028,O=Cc1ccc2ccccc2c1,61.0
2001226,O=C(O)c1ccc2ccccc2c1,184.0
2005576,O=C(O)c1ccc2ccccc2c1,184.0
2201841,Oc1ccc2ccccc2c1,122.0
2200038,O=C(O)COc1ccc2ccccc2c1,156.0
2006334,O=C1NCCO1,87.0
2221351,O=C(O)CC1CCCC1=O,49.0
7246163,NC(=O)COc1ccccc1,102.0
2206144,O=C(O)c1ccccc1Oc1ccccc1,113.0
2103855,CC(Oc1ccccc1)C(=O)O,118.0
2004473,O=C(O)c1cc(-c2ccccc2)nc2ccccc12,215.0
2204056,CC(C(=O)O)N1C(=O)c2ccccc2C1=O,163.0
2200599,Cc1ccccn1,-70.0
7216778,CC(C)O,-90.0
7217593,CC(C)O,-90.0
2007152,O=C1CCCN1,24.0
2220431,O=C(O)c1cccc(-c2nnn[nH]2)c1,285.0
2000835,O=C(O)CCc1ccccc1O,87.0
2101557,CN(C)C(=O)Nc1ccc(Cl)c(Cl)c1,158.0
2228708,O=C(O)CCc1cccnc1,158.0
7124711,OCC(O)COc1ccc(Cl)cc1,80.0
2003638,O=C(O)CCc1ccc(O)cc1,129.0
2219891,COc1ccc(C(=O)CCC(=O)O)cc1,149.0
2201521,CS(=O)(=O)c1ccc(C(=O)CCC(=O)O)cc1,170.0
1520190,CC(=O)Nc1cccc(C(F)(F)F)c1,105.0
7210759,CC(=O)Nc1cccc(C(F)(F)F)c1,105.0
2237566,O=C(O)C(O)(C(F)(F)F)C(F)(F)F,81.0
2237586,O=C(O)C(O)C(F)(F)F,69.0
8104828,O=C(O)CC(c1ccccc1)(c1ccccc1)c1ccccc1,182.0
4308750,Cc1cc(-c2cc(C)c(N)c(C)c2)cc(C)c1N,170.0
2213351,OCc1ccc2c(c1)OCO2,53.0
7108261,O=C(O)c1cc(F)c(F)c(F)c1,98.0
7108262,O=C(O)c1cc(F)c(F)c(F)c1,98.0
3500107,COc1cc(C(C)=O)cc(OC)c1OC,81.0
2214732,COc1cc(C(=O)O)cc(OC)c1OC,170.0
2236675,COc1cc(O)cc(OC)c1OC,146.0
2213197,COc1cc(C)cc(OC)c1OC,36.0
2212063,Nc1ccncc1N,219.0
2213646,CC(=O)c1ccc(Cl)c(Cl)c1,74.0
2104976,O=Cc1ccc(Cl)c(Cl)c1,43.0
4130600,NC(=O)c1ccc(Cl)c(Cl)c1,141.0
4130597,O=C(O)c1ccc(Cl)c(Cl)c1,207.0
1513577,Oc1ccc(Cl)c(Cl)c1,66.0
1513578,Oc1ccc(Cl)c(Cl)c1,66.0
1513579,Oc1ccc(Cl)c(Cl)c1,66.0
2239291,O=C(O)c1ccc(F)c(F)c1O,178.0
2229273,O=c1c(O)c(-c2ccc(O)cc2)oc2ccccc12,286.0
2200548,O=C(O)Cc1ccc(O)c(O)c1,129.0
1544545,COc1ccc(C(C)=O)cc1OC,49.0
2213841,COc1ccc(C(=O)NN)cc1OC,145.0
2210706,COc1ccc(/C=C/C(=O)c2ccccc2)cc1OC,89.0
2241392,COc1ccc(O)cc1OC,81.0
2201857,COc1ccc(CC(=O)O)cc1OC,97.0
2217196,CC(=O)Nc1ccc(C)c(C)c1,97.0
7235276,Cc1ccc(N)cc1C,50.0
2200862,Cc1ccncc1C,-11.0
1513588,O=C(O)c1c(O)c(Cl)cc(Cl)c1Cl,210.0
1513589,O=C(O)c1c(O)c(Cl)cc(Cl)c1Cl,210.0
1513590,O=C(O)c1c(O)c(Cl)cc(Cl)c1Cl,210.0
2218029,O=Cc1cc(Br)cc(Br)c1O,83.0
2022372,O=C(O)c1cc(Br)cc(Br)c1O,226.0
2217056,O=C(O)c1cc(Br)cc(Br)c1O,226.0
2218181,O=Cc1cc(Cl)cc(Cl)c1O,96.0
2218301,O=Cc1cc(Cl)cc(Cl)c1O,96.0
2104977,O=Cc1cc(Cl)cc(Cl)c1,63.0
1554076,N#Cc1cc(Cl)cc(Cl)c1,66.0
2227857,Nc1c(Cl)cc(S(N)(=O)=O)cc1Cl,207.0
2213638,O=C(O)c1cc(F)cc(F)c1,121.0
2201333,N#Cc1cc(F)cc(F)c1,86.0
2009889,Oc1cc(F)cc(F)c1,53.0
2200161,COc1ccc(-c2cc(=O)c3c(O)c(OC)c(OC)cc3o2)cc1O,191.0
4510915,Cc1cc(O)cc(O)c1,107.0
4510925,Cc1cc(O)cc(O)c1,107.0
2100371,N#Cc1cc(I)c(O)c(I)c1,204.0
2100372,N#Cc1cc(I)c(O)c(I)c1,204.0
2210703,CC(C)c1cc(C(=O)O)c(O)c(C(C)C)c1,117.0
2224154,COc1cc(C(C)=O)cc(OC)c1O,119.0
2242779,COc1cc(C=O)cc(OC)c1,46.0
2009967,COc1cc(OC)cc(C(=O)O)c1,184.0
3500105,COc1cc(O)cc(OC)c1,46.0
2205374,Cc1cc(C)n(CO)n1,109.0
2230003,Cc1cc(C)cc(O)c1,63.0
2102355,c1ccc(-c2cc(-c3ccccc3)[nH]n2)cc1,202.0
7206438,c1ccc(-c2cc(-c3ccccc3)[nH]n2)cc1,202.0
2203831,CC(C)(C)c1cc(C=O)c(O)c(C(C)(C)C)c1,60.0
2238528,CC(C)(C)c1cc(C=O)c(O)c(C(C)(C)C)c1,60.0
2008417,CC(C)(C)C1=CC(=O)C(=O)C(C(C)(C)C)=C1,115.0
4116565,CC(C)(C)C1=CC(=O)C(=O)C(C(C)(C)C)=C1,115.0
2200844,Cc1cncc(C)c1,-9.0
1520402,CC(=O)Nc1cccc(C(C)=O)c1,127.0
1520183,CC(=O)Nc1cccc(O)c1,148.0
1520188,CC(=O)Nc1cccc(O)c1,148.0
2210240,CC(=O)Nc1cccc(O)c1,148.0
7221546,CC(=O)Nc1cccc(O)c1,148.0
2311283,CC(=O)Oc1cccc(C(=O)O)c1C,150.0
2201737,CCOC(=O)c1[nH]c(C)c(C(C)=O)c1C,142.0
4027572,CCOC(=O)c1[nH]c(C)c(C(C)=O)c1C,142.0
2227731,CC(=O)c1cc(Cl)sc1Cl,38.0
2226577,CC(=O)c1cccc(C(=O)O)c1,164.0
4504705,CC(=O)c1cc2ccccc2oc1=O,122.0
4504706,CC(=O)c1cc2ccccc2oc1=O,122.0
4505412,CC(=O)c1cc2ccccc2oc1=O,122.0
4505411,CC(=O)c1cc2ccccc2oc1=O,122.0
2016691,CC(=O)c1c[nH]c2ccccc12,189.0
2018112,CC(=O)c1ccsc1,60.0
2104175,NCCCO,11.0
2104174,NCCCO,11.0
2104176,NCCCO,11.0
4508718,Nc1cccnc1Br,77.0
2212361,Cc1ccnc(Cl)c1N,66.0
4508709,Nc1cccnc1Cl,78.0
7203556,Nc1cc2ccccc2cc1O,235.0
7221763,Cc1onc(N)c1Br,74.0
2108038,N#Cc1cccc(N)c1,52.0
2231034,Nc1cccc(CO)c1,93.0
2236168,Nc1cnc2ccccc2c1,94.0
2105596,O=C1C=C(Nc2ccccc2)CCC1,177.0
7247467,O=C(O)CCC(=O)c1ccccc1,117.0
7247468,O=C(O)CCC(=O)c1ccccc1,117.0
7247469,O=C(O)CCC(=O)c1ccccc1,117.0
7247470,O=C(O)CCC(=O)c1ccccc1,117.0
7247471,O=C(O)CCC(=O)c1ccccc1,117.0
7247472,O=C(O)CCC(=O)c1ccccc1,117.0
7247473,O=C(O)CCC(=O)c1ccccc1,117.0
7247475,O=C(O)CCC(=O)c1ccccc1,117.0
7247474,O=C(O)CCC(=O)c1ccccc1,117.0
7247476,O=C(O)CCC(=O)c1ccccc1,117.0
7247477,O=C(O)CCC(=O)c1ccccc1,117.0
1552369,N#Cc1ncccc1Br,98.0
2300000,OB(O)c1cccc(Br)c1,166.0
8106873,O=C(O)c1cccc(Br)c1,155.0
3500018,N#Cc1cccc(Br)c1,39.0
7157813,N#Cc1cccc(Br)c1,39.0
8100770,O=c1c(Br)coc2ccccc12,96.0
2213541,Cc1c(Cl)cccc1S(=O)(=O)Cl,71.0
2234621,CC(=O)Nc1ccc(F)c(Cl)c1,118.0
2100867,Nc1ccc(F)c(Cl)c1,46.0
1519900,CC(=O)Nc1cccc(Cl)c1,77.0
2217482,CC(=O)Nc1cccc(Cl)c1,77.0
2227048,NNC(=O)c1cccc(Cl)c1,158.0
2100148,Oc1cccc(Cl)c1,32.0
2100149,Oc1cccc(Cl)c1,32.0
8104944,O=C(O)CCCl,39.0
2219566,CCOc1cc(C=O)ccc1O,77.0
2208968,CCC(O)(CC)CC,-13.0
4504097,C#Cc1cccnc1,40.0
2204544,Cc1ccc(C(=O)O)cc1F,170.0
1520182,CC(=O)Nc1cccc(F)c1,88.0
7210756,CC(=O)Nc1cccc(F)c1,88.0
2210655,OB(O)c1cccc(F)c1,214.0
1516197,O=C(O)c1cccc(F)c1,123.0
2101143,O=C(O)C(O)c1cccc(F)c1,96.0
2100146,Oc1cccc(F)c1,12.0
2100147,Oc1cccc(F)c1,12.0
4507557,Cc1cccc(F)c1,-87.0
4507558,Cc1cccc(F)c1,-87.0
2013944,O=Cc1cccc(B(O)O)c1,111.0
7247279,O=Cc1cccc(B(O)O)c1,111.0
1519794,O=C(O)c1ccoc1,122.0
2004501,O=C(O)c1ccoc1,122.0
4508712,Oc1cccnc1I,193.0
2005587,Cc1occc(=O)c1O,163.0
2005588,Cc1occc(=O)c1O,163.0
7715078,Cc1occc(=O)c1O,163.0
4508713,Cc1ncccc1O,168.0
2201559,O=C(O)c1cc2ccccc2cc1O,220.0
2240893,COc1ccc(CO)cc1O,136.0
2011508,O=Cc1cccc(O)c1,104.0
4508048,O=C(O)c1cccc(O)c1,202.0
2204234,N#Cc1cccc(O)c1,80.0
2104099,O=C(c1ccccc1)c1cccc(O)c1,114.0
7206517,OCc1cccc(O)c1,71.0
7206518,OCc1cccc(O)c1,71.0
2021531,O=c1c(O)c(-c2ccccc2)oc2ccccc12,170.0
7714981,O=c1c(O)c(-c2ccccc2)oc2ccccc12,170.0
2237035,Cc1cc(C)c(C)c(I)c1C,79.0
1573539,Nc1cccc(I)c1,23.0
4508671,N#Cc1cccc(I)c1,40.0
4508672,Oc1cccc(I)c1,41.0
2223531,COc1cccc(C(=O)NN)c1,92.0
2242781,COc1cccc(C(=O)O)c1,106.0
2201335,COc1cccc(CC(=O)O)c1,70.0
2203116,Cc1nc2ccccc2[nH]c1=O,271.0
7712519,Cc1nc2ccccc2[nH]c1=O,271.0
2218032,Cc1c(-c2ccccc2)oc2c(C(=O)O)cccc2c1=O,235.0
2216564,O=C1OCCN1c1ccccc1,121.0
8102480,O=C(O)CC(CC(=O)O)c1ccccc1,142.0
1508526,O=C(O)CCP(=O)(O)O,164.0
2004743,O=C(O)CCN1C(=O)c2ccccc2C1=O,152.0
7154587,O=C(O)CCN1C(=O)c2ccccc2C1=O,152.0
2200598,Cc1cccnc1,-18.0
4508807,OC1CN2CCC1CC2,221.0
2008656,Oc1ccc(-n2cncn2)cc1,255.0
7224121,c1cc(N2CCCC2)ccn1,56.0
2226856,CN(C)c1ccc(N=Nc2ccccn2)cc1,109.0
2225294,OC1(c2ccc(Cl)cc2)CCNCC1,139.0
2230481,CC(=O)CCc1ccc(O)cc1,82.0
2212672,COc1ccc(-c2cc(-c3ccccn3)nc(-c3ccccn3)c2)cc1,162.0
2216605,Cc1ccc(-c2cc(-c3ccccn3)nc(-c3ccccn3)c2)cc1,169.0
2211141,Nc1ccc(N2CCOCC2)cc1,131.0
2241129,COC(=O)c1ccc(B(O)O)cc1,223.0
2223416,CNc1ccc(C(=O)O)cc1,159.0
2225470,CNc1ccncc1,126.0
2220326,CS(=O)(=O)c1ccc(CC(=O)O)cc1,136.0
1520251,CC(=O)Nc1ccc(C(F)(F)F)cc1,152.0
7210760,CC(=O)Nc1ccc(C(F)(F)F)cc1,152.0
4085828,NC(=O)c1ccc(C(F)(F)F)cc1,184.0
2012499,N#Cc1ccc(C(F)(F)F)cc1,38.0
2012576,N#CCc1ccc(C(F)(F)F)cc1,45.0
2211074,O=C1OC(=O)c2cc(C(c3ccc4c(c3)C(=O)OC4=O)(C(F)(F)F)C(F)(F)F)ccc21,246.0
2229385,O=C(O)CC(O)(C(F)(F)F)C(F)(F)F,87.0
2004485,COc1ccc(C(O)(c2ccc(OC)cc2)c2ccc(OC)cc2)cc1,79.0
2008322,c1cc(-c2ccncc2)ccn1,113.0
2104097,CCN(CC)c1ccc(C(=O)c2ccc(N(CC)CC)cc2)cc1,94.0
7211896,Nc1ccc(Cc2ccc(N)cc2)cc1,90.0
1504863,O=C(C(=O)c1ccc(Br)cc1)c1ccc(Br)cc1,225.0
4500395,O=C(C(=O)c1ccc(Br)cc1)c1ccc(Br)cc1,225.0
2010682,O=C(c1ccc(Br)cc1)c1ccc(Br)cc1,174.0
2010683,O=C(c1ccc(Br)cc1)c1ccc(Br)cc1,174.0
2202071,Brc1ccc(-c2ccc(Br)cc2)cc1,167.0
2101357,O=C(c1ccc(Cl)cc1)c1ccc(Cl)cc1,145.0
2105590,O=C(c1ccc(Cl)cc1)c1ccc(Cl)cc1,145.0
2206799,O=C(/C=C/c1ccc(Cl)cc1)c1ccc(Cl)cc1,158.0
2219208,O=C(C(=O)c1ccc(F)cc1)c1ccc(F)cc1,121.0
2009451,O=C(c1ccc(F)cc1)c1ccc(F)cc1,108.0
2005710,O=C(c1ccc(O)cc1)c1ccc(O)cc1,223.0
2204838,Ic1ccc(-c2ccc(I)cc2)cc1,207.0
2218646,COc1ccc(C(=O)c2ccc(OC)cc2)cc1,144.0
7222379,COc1ccc(Nc2ccc(OC)cc2)cc1,102.0
4310415,Cc1ccnc(-c2cc(C)ccn2)c1,174.0
2218873,Cc1ccc(C(=O)C(=O)c2ccc(C)cc2)cc1,103.0
2021065,Cc1ccc(C(=O)c2ccc(C)cc2)cc1,94.0
2021066,Cc1ccc(C(=O)c2ccc(C)cc2)cc1,94.0
2021067,Cc1ccc(C(=O)c2ccc(C)cc2)cc1,94.0
2205923,CCCCCCCCCc1ccnc(-c2cc(CCCCCCCCC)ccn2)c1,62.0
4000461,c1cc(SSc2ccncc2)ccn1,76.0
4132370,c1cc(SSc2ccncc2)ccn1,76.0
2213865,O=C(O)c1ccc(Oc2ccc(C(=O)O)cc2)cc1,331.0
7100500,O=C(O)c1ccc(Oc2ccc(C(=O)O)cc2)cc1,331.0
2005711,Oc1ccc(Sc2ccc(O)cc2)cc1,153.0
2201847,O=C1CC(c2ccc(O)cc2)Oc2cc(O)cc(O)c21,250.0
2215397,Cc1cc(Br)c(Br)cc1C,86.0
2016847,COc1cc(Br)c(Br)cc1OC,91.0
2203878,c1ccc(-c2nc[nH]c2-c2ccccc2)cc1,232.0
4502958,c1ccc(-c2nc[nH]c2-c2ccccc2)cc1,232.0
2217901,c1ccc(P(c2ccccc2)c2cccc3c2Oc2c(cccc2P(c2ccccc2)c2ccccc2)N3)cc1,259.0
2011559,CSc1nc(Cl)cc(Cl)n1,40.0
2241482,Cc1c(Cl)ncnc1Cl,58.0
1548052,O=Cc1c(O)cc(Cl)cc1Cl,52.0
2226817,COc1cc(OC)nc(S(C)(=O)=O)n1,131.0
7225779,O=c1cc(-c2ccccc2)cc(-c2ccccc2)o1,137.0
1544195,O=C1Nc2c(Cl)ccc(Cl)c2C1=O,248.0
2234519,Clc1ccc2c(Cl)ccnc2c1,85.0
1520433,CC(=O)Nc1ccc(C(C)=O)cc1,169.0
1548348,CC(=O)Nc1ccc(O)cc1,170.0
2007205,CC(=O)Nc1ccc(O)cc1,170.0
2102014,CC(=O)Nc1ccc(O)cc1,170.0
2102013,CC(=O)Nc1ccc(O)cc1,170.0
2102015,CC(=O)Nc1ccc(O)cc1,170.0
2102016,CC(=O)Nc1ccc(O)cc1,170.0
2104364,CC(=O)Nc1ccc(O)cc1,170.0
2105052,CC(=O)Nc1ccc(O)cc1,170.0
2300229,CC(=O)Nc1ccc(O)cc1,170.0
2300231,CC(=O)Nc1ccc(O)cc1,170.0
2300230,CC(=O)Nc1ccc(O)cc1,170.0
2300232,CC(=O)Nc1ccc(O)cc1,170.0
2300233,CC(=O)Nc1ccc(O)cc1,170.0
2300234,CC(=O)Nc1ccc(O)cc1,170.0
2300235,CC(=O)Nc1ccc(O)cc1,170.0
2300236,CC(=O)Nc1ccc(O)cc1,170.0
2300237,CC(=O)Nc1ccc(O)cc1,170.0
2300238,CC(=O)Nc1ccc(O)cc1,170.0
2300239,CC(=O)Nc1ccc(O)cc1,170.0
2300241,CC(=O)Nc1ccc(O)cc1,170.0
2300242,CC(=O)Nc1ccc(O)cc1,170.0
2300240,CC(=O)Nc1ccc(O)cc1,170.0
2300244,CC(=O)Nc1ccc(O)cc1,170.0
2300243,CC(=O)Nc1ccc(O)cc1,170.0
2300245,CC(=O)Nc1ccc(O)cc1,170.0
2300455,CC(=O)Nc1ccc(O)cc1,170.0
4510931,CC(=O)Nc1ccc(O)cc1,170.0
7126913,CC(=O)Nc1ccc(O)cc1,170.0
7230299,CC(=O)Nc1ccc(O)cc1,170.0
7232755,CC(=O)Nc1ccc(O)cc1,170.0
7232757,CC(=O)Nc1ccc(O)cc1,170.0
7243949,CC(=O)Nc1ccc(O)cc1,170.0
2214798,CC(=O)c1ccc(C(=O)O)cc1,210.0
7240985,Nc1c(F)c(F)c(C(=O)O)c(F)c1F,183.0
7229854,Nc1c(F)c(F)nc(F)c1F,86.0
2240752,Nc1cc(Cl)c(O)c(Cl)c1,167.0
1504386,Cc1cc(N)nc(C)n1,185.0
7240983,Nc1ccc(C(=O)O)c(F)c1,210.0
2218337,Cc1nnc(C)n1N,198.0
7240987,Cc1cc(C(=O)O)ccc1N,170.0
4111841,Cc1cc(O)ccc1N,178.0
1520243,CC(=O)Nc1ccc(N)cc1,163.0
1520249,CC(=O)Nc1ccc(N)cc1,163.0
2019777,Cc1c(N)c(=O)n(-c2ccccc2)n1C,108.0
4125895,NNC(=O)c1ccc(N)cc1,228.0
7211566,NNC(=O)c1ccc(N)cc1,228.0
2016127,Nc1ccc(C(=O)O)cc1,188.0
2019489,Nc1ccc(C(=O)O)cc1,188.0
2205712,Nc1ccc(C(=O)O)cc1,188.0
7218609,Nc1ccc(C(=O)O)cc1,188.0
7218610,Nc1ccc(C(=O)O)cc1,188.0
7227179,Nc1ccc(C(=O)O)cc1,188.0
2101149,N#Cc1ccc(N)cc1,85.0
2108039,N#Cc1ccc(N)cc1,85.0
7121738,N#Cc1ccc(N)cc1,85.0
7121739,N#Cc1ccc(N)cc1,85.0
7121740,N#Cc1ccc(N)cc1,85.0
7121741,N#Cc1ccc(N)cc1,85.0
7121742,N#Cc1ccc(N)cc1,85.0
7121744,N#Cc1ccc(N)cc1,85.0
7121743,N#Cc1ccc(N)cc1,85.0
7121745,N#Cc1ccc(N)cc1,85.0
7121746,N#Cc1ccc(N)cc1,85.0
7121748,N#Cc1ccc(N)cc1,85.0
7121747,N#Cc1ccc(N)cc1,85.0
7121749,N#Cc1ccc(N)cc1,85.0
7206737,Nc1ccc(C(=O)c2ccccc2)cc1,123.0
7206735,Nc1ccc(C(=O)c2ccccc2)cc1,123.0
7206736,Nc1ccc(C(=O)c2ccccc2)cc1,123.0
7206739,Nc1ccc(C(=O)c2ccccc2)cc1,123.0
7206740,Nc1ccc(C(=O)c2ccccc2)cc1,123.0
7206738,Nc1ccc(C(=O)c2ccccc2)cc1,123.0
7200790,Nc1ccc(CO)cc1,61.0
2218877,Nc1ccc2c(c1)C(=O)NC2=O,290.0
2205643,Nc1ccncc1,159.0
8100435,Nc1ccncn1,150.0
2225502,O=C(c1ccccc1)c1ccc(-c2ccccc2)cc1,101.0
7200205,Nc1ccc(Cc2ccccc2)cc1,37.0
2004133,c1ccc(Cc2ccc(-c3ccccc3)cc2)cc1,86.0
2009261,COc1cc(C=O)ccc1OCc1ccccc1,63.0
2226874,O=Cc1ccc(OCc2ccccc2)cc1,72.0
7240427,O=Cc1ccc(OCc2ccccc2)cc1,72.0
2244235,c1ccc(COc2cccc3[nH]ccc23)cc1,60.0
4502148,Oc1ccc(Cc2ccccc2)cc1,83.0
2228043,O=C(O)Cc1ccc(-c2ccccc2)cc1,161.0
2205382,Nc1c(Cl)cc(Br)cc1Cl,87.0
2217125,Cc1cc(Br)cc(C)c1N,50.0
2224659,Nc1ccc(Br)cc1Cl,70.0
1545784,O=C(O)c1ccc(Br)cc1Cl,173.0
1545785,O=C(O)c1ccc(Br)cc1Cl,173.0
1545786,O=C(O)c1ccc(Br)cc1Cl,173.0
2241938,Cc1cc(O)cc(C)c1Br,115.0
1513580,Oc1ccc(Br)c(Cl)c1,66.0
1513581,Oc1ccc(Br)c(Cl)c1,66.0
1513582,Oc1ccc(Br)c(Cl)c1,66.0
7026394,CC(=O)Nc1ccc(Br)c(C)c1,103.0
2237564,CC(=O)Nc1ccc(Br)cc1,169.0
2014254,CC(=O)c1ccc(Br)cc1,51.0
7204679,Nc1ccc(Br)cc1,63.0
8104905,O=Cc1ccc(Br)cc1,57.0
1520034,NC(=O)c1ccc(Br)cc1,192.0
2205076,OB(O)c1ccc(Br)cc1,284.0
4504168,OB(O)c1ccc(Br)cc1,284.0
7121334,N#Cc1ccc(Br)cc1,113.0
7121335,N#Cc1ccc(Br)cc1,113.0
2102796,O=C(c1ccccc1)c1ccc(Br)cc1,81.0
2102797,O=C(c1ccccc1)c1ccc(Br)cc1,81.0
2102798,O=C(c1ccccc1)c1ccc(Br)cc1,81.0
7227260,OCc1ccc(Br)cc1,78.0
8104672,ClCc1ccc(Br)cc1,40.0
2103046,Brc1ccc(Oc2ccccc2)cc1,18.0
7218463,O=C(O)C(O)c1ccc(Br)cc1,117.0
2203006,O=Cc1cc(Br)cs1,46.0
7246964,O=Cc1cc(Br)cs1,46.0
2209119,Clc1cc(-c2ccccn2)nc(-c2ccccn2)c1,150.0
2235054,Nc1c(Br)cc(Cl)cc1Br,93.0
2239842,Nc1ccc(Cl)cc1I,40.0
2003668,Cc1cc(O)cc(C)c1Cl,114.0
1513584,Oc1ccc(Cl)c(I)c1,76.0
1513585,Oc1ccc(Cl)c(I)c1,76.0
1513586,Oc1ccc(Cl)c(I)c1,76.0
2013407,Cc1cc(O)ccc1Cl,66.0
2104100,O=C(c1ccc(O)cc1)c1ccc(Cl)cc1,180.0
2212362,FC(F)(F)c1cccc2c(Cl)ccnc12,81.0
1520242,CC(=O)Nc1ccc(Cl)cc1,179.0
2214544,CC(=O)Nc1ccc(Cl)cc1,179.0
2014253,CC(=O)c1ccc(Cl)cc1,19.0
1520159,Nc1ccc(Cl)cc1,70.0
4504167,OB(O)c1ccc(Cl)cc1,273.0
3500020,O=S(=O)(Cl)c1ccc(Cl)cc1,52.0
2201669,NNC(=O)c1ccc(Cl)cc1,164.0
1513591,O=C(O)c1ccc(Cl)cc1,241.0
1513592,O=C(O)c1ccc(Cl)cc1,241.0
1513593,O=C(O)c1ccc(Cl)cc1,241.0
7052256,O=C(O)c1ccc(Cl)cc1,241.0
7052257,O=C(O)c1ccc(Cl)cc1,241.0
7052259,O=C(O)c1ccc(Cl)cc1,241.0
7052258,O=C(O)c1ccc(Cl)cc1,241.0
7052260,O=C(O)c1ccc(Cl)cc1,241.0
1564550,ClCc1ccc(Cl)cc1,28.0
2009372,O=C(/C=C/c1ccc(Cl)cc1)c1ccccc1,115.0
2102106,NC(=O)/C=C/c1ccc(Cl)cc1,213.0
2102107,NC(=O)/C=C/c1ccc(Cl)cc1,213.0
4033509,NC(=O)/C=C/c1ccc(Cl)cc1,213.0
2103597,O=S(=O)(c1ccccc1)c1ccc(Cl)cc1,92.0
7218464,O=C(O)C(O)c1ccc(Cl)cc1,120.0
2100150,Oc1ccc(Cl)cc1,41.0
2100152,Oc1ccc(Cl)cc1,41.0
2100151,Oc1ccc(Cl)cc1,41.0
2201069,CCC(=O)c1ccc(Cl)cc1,35.0
8104671,Sc1ccc(Cl)cc1,50.0
2230077,O=C1CCOc2ccccc21,38.0
7218900,O=C1CCOc2ccccc21,38.0
2203694,CC(C)(c1ccccc1)c1ccc(O)cc1,72.0
1520403,CC(=O)Nc1ccc(C#N)cc1,205.0
7132376,N#Cc1ccc(C(=O)c2ccccc2)cc1,112.0
1511978,CCN(CC)c1ccc(C=O)c(O)c1,62.0
2207658,CCN(CC)c1ccc(C=O)c(O)c1,62.0
2218641,CN(C)c1ccc(C=O)cc1,74.0
1559333,CN(C)c1ccc(C(=O)NN)cc1,175.0
2101150,CN(C)c1ccc(C#N)cc1,74.0
2101151,CN(C)c1ccc(C#N)cc1,74.0
2101222,CN(C)c1ccc(C#N)cc1,74.0
2101223,CN(C)c1ccc(C#N)cc1,74.0
2021064,CN(C)c1ccc(C(=O)c2ccccc2)cc1,89.0
2218863,CN(C)c1ccc(C(=O)c2ccccc2)cc1,89.0
2011195,CN(C)c1ccc(/C=C/C=O)cc1,141.0
2238952,CCOc1ccc(C=O)cc1OC,61.0
1520185,CCOc1ccc(NC(C)=O)cc1,135.0
1520189,CCOc1ccc(NC(C)=O)cc1,135.0
2209401,CCOc1ccc(NC(C)=O)cc1,135.0
1547648,CCOc1ccc(B(O)O)cc1,167.0
2236475,CCOc1ccc(C(=O)NN)cc1,126.0
2221120,CCc1ccc(O)cc1,43.0
2218180,CC(=O)c1ccc(F)cc1O,32.0
1520250,CC(=O)Nc1ccc(F)cc1,152.0
1520253,CC(=O)Nc1ccc(F)cc1,152.0
2207936,CC(=O)Nc1ccc(F)cc1,152.0
7210757,CC(=O)Nc1ccc(F)cc1,152.0
4504820,Nc1ccc(F)cc1,-2.0
2100866,NC(=O)c1ccc(F)cc1,156.0
4500480,NC(=O)c1ccc(F)cc1,156.0
1516189,O=C(O)c1ccc(F)cc1,185.0
1516191,O=C(O)c1ccc(F)cc1,185.0
1516194,O=C(O)c1ccc(F)cc1,185.0
1516195,O=C(O)c1ccc(F)cc1,185.0
1516196,O=C(O)c1ccc(F)cc1,185.0
2100865,O=C(O)c1ccc(F)cc1,185.0
4506087,O=C(Cl)c1ccc(F)cc1,10.0
4511857,O=C(Cl)c1ccc(F)cc1,10.0
2101144,O=C(O)C(O)c1ccc(F)cc1,136.0
4510937,C#Cc1ccc(F)cc1,28.0
4507560,Cc1ccc(F)cc1,-56.0
4507559,Cc1ccc(F)cc1,-56.0
1557664,O=Cc1ccc(B(O)O)cc1,263.0
2012367,O=Cc1ccc(B(O)O)cc1,263.0
2206624,CC1(C)CC(O)CC(C)(C)N1,131.0
2202152,COc1cc(C(C)=O)ccc1O,114.0
2223791,COc1cc(CO)ccc1O,114.0
7206700,CC(=O)c1ccc(O)c(C)c1,108.0
2201342,CC(=O)c1ccc(O)cc1,107.0
4503536,CC(=O)c1ccc(O)cc1,107.0
4503537,CC(=O)c1ccc(O)cc1,107.0
4503538,CC(=O)c1ccc(O)cc1,107.0
4503539,CC(=O)c1ccc(O)cc1,107.0
2217204,O=Cc1ccc(O)cc1,117.0
2213604,NC(=O)c1ccc(O)cc1,161.0
4507100,NC(=O)c1ccc(O)cc1,161.0
2000435,O=C(O)c1ccc(O)cc1,215.0
7229694,N#Cc1ccc(O)cc1,112.0
7229695,N#Cc1ccc(O)cc1,112.0
7229696,N#Cc1ccc(O)cc1,112.0
7229697,N#Cc1ccc(O)cc1,112.0
7229698,N#Cc1ccc(O)cc1,112.0
7229700,N#Cc1ccc(O)cc1,112.0
7229699,N#Cc1ccc(O)cc1,112.0
7229702,N#Cc1ccc(O)cc1,112.0
7229701,N#Cc1ccc(O)cc1,112.0
7229703,N#Cc1ccc(O)cc1,112.0
2021063,O=C(c1ccccc1)c1ccc(O)cc1,134.0
4125643,O=C(c1ccccc1)c1ccc(O)cc1,134.0
2222347,OCc1ccc(O)cc1,118.0
7206519,OCc1ccc(O)cc1,118.0
4505641,N#CC(C#N)=Cc1ccc(O)cc1,189.0
2014635,N#Cc1ccc(-c2ccc(O)cc2)cc1,198.0
2218586,O=C(O)c1ccc(-c2ccc(O)cc2)cc1,294.0
2200875,O=C(/C=C/c1ccccc1)c1ccc(O)cc1,176.0
8100742,O=C(/C=C/c1ccc(O)cc1)c1ccccc1,184.0
2213893,O=C(O)COc1ccc(O)cc1,156.0
2206112,O=C(O)Cc1ccc(O)cc1,149.0
7219500,OC1CCNCC1,88.0
7219501,OC1CCNCC1,88.0
2217787,Cc1cc(I)ccc1N,86.0
2014255,CC(=O)c1ccc(I)cc1,83.0
2014256,CC(=O)c1ccc(I)cc1,83.0
7204680,Nc1ccc(I)cc1,63.0
2006455,O=Cc1ccc(I)cc1,77.0
4508673,Oc1ccc(I)cc1,93.0
2008754,Ic1ccncc1,98.0
1559416,CC(C)Cc1ccc(C(C)C(=O)O)cc1,77.0
2006278,CC(C)Cc1ccc(C(C)C(=O)O)cc1,77.0
2104678,CC(C)Cc1ccc(C(C)C(=O)O)cc1,77.0
2300212,CC(C)Cc1ccc(C(C)C(=O)O)cc1,77.0
2300213,CC(C)Cc1ccc(C(C)C(=O)O)cc1,77.0
2300214,CC(C)Cc1ccc(C(C)C(=O)O)cc1,77.0
2300215,CC(C)Cc1ccc(C(C)C(=O)O)cc1,77.0
2300216,CC(C)Cc1ccc(C(C)C(=O)O)cc1,77.0
2300217,CC(C)Cc1ccc(C(C)C(=O)O)cc1,77.0
2300218,CC(C)Cc1ccc(C(C)C(=O)O)cc1,77.0
2300219,CC(C)Cc1ccc(C(C)C(=O)O)cc1,77.0
2300221,CC(C)Cc1ccc(C(C)C(=O)O)cc1,77.0
2300222,CC(C)Cc1ccc(C(C)C(=O)O)cc1,77.0
2300220,CC(C)Cc1ccc(C(C)C(=O)O)cc1,77.0
2300224,CC(C)Cc1ccc(C(C)C(=O)O)cc1,77.0
2300223,CC(C)Cc1ccc(C(C)C(=O)O)cc1,77.0
2300227,CC(C)Cc1ccc(C(C)C(=O)O)cc1,77.0
2300225,CC(C)Cc1ccc(C(C)C(=O)O)cc1,77.0
2300226,CC(C)Cc1ccc(C(C)C(=O)O)cc1,77.0
2300228,CC(C)Cc1ccc(C(C)C(=O)O)cc1,77.0
4512740,CC(C)Cc1ccc(C(C)C(=O)O)cc1,77.0
4512744,CC(C)Cc1ccc(C(C)C(=O)O)cc1,77.0
4512741,CC(C)Cc1ccc(C(C)C(=O)O)cc1,77.0
4512742,CC(C)Cc1ccc(C(C)C(=O)O)cc1,77.0
4512743,CC(C)Cc1ccc(C(C)C(=O)O)cc1,77.0
4512745,CC(C)Cc1ccc(C(C)C(=O)O)cc1,77.0
4512746,CC(C)Cc1ccc(C(C)C(=O)O)cc1,77.0
4512747,CC(C)Cc1ccc(C(C)C(=O)O)cc1,77.0
4512748,CC(C)Cc1ccc(C(C)C(=O)O)cc1,77.0
4512749,CC(C)Cc1ccc(C(C)C(=O)O)cc1,77.0
4512750,CC(C)Cc1ccc(C(C)C(=O)O)cc1,77.0
4512752,CC(C)Cc1ccc(C(C)C(=O)O)cc1,77.0
4512751,CC(C)Cc1ccc(C(C)C(=O)O)cc1,77.0
4512754,CC(C)Cc1ccc(C(C)C(=O)O)cc1,77.0
4512753,CC(C)Cc1ccc(C(C)C(=O)O)cc1,77.0
1519903,CC(=O)Nc1ccc(C(C)C)cc1,104.0
2103329,CC(C)c1ccc(O)cc1,60.0
2103330,CC(C)c1ccc(O)cc1,60.0
2103331,CC(C)c1ccc(O)cc1,60.0
2017439,COc1ccc(O)c2ccccc12,129.0
2233594,COc1ccc(N)cc1C(F)(F)F,59.0
1520256,COc1ccc(NC(C)=O)cc1,127.0
1520259,COc1ccc(NC(C)=O)cc1,127.0
2018249,COc1ccc(C=O)cc1,1.0
1547646,COc1ccc(B(O)O)cc1,205.0
2222429,COc1ccc(C(=O)NN)cc1,138.0
4500432,COc1ccc(C(=O)O)cc1,184.0
2204492,COc1ccc(C#N)cc1,59.0
2001026,COc1ccc(C(=O)c2ccccc2)cc1,62.0
7218468,COc1ccc(C(O)C(=O)O)cc1,107.0
7218469,COc1ccc(C(O)C(=O)O)cc1,107.0
4318477,COc1ccc(CC(N)=O)cc1,186.0
7204877,C#Cc1ccc(OC)cc1,28.0
7051396,Cc1cn[nH]c1,13.0
1520255,CC(=O)Nc1ccc(C)cc1,149.0
1520260,CC(=O)Nc1ccc(C)cc1,149.0
4500430,CC(=O)Nc1ccc(C)cc1,149.0
8100995,Cc1ccc(B(O)O)cc1,250.0
7208260,Cc1ccc(C(=O)O)c(O)c1,178.0
2216431,Cc1cc(=O)oc2cc(O)ccc12,189.0
2004300,CCCCCCCc1ccc(C(=O)O)cc1,102.0
4114516,CCCCCCc1ccc(-c2ccccc2)cc1,30.0
2211716,CCCCCCOc1ccc(C(=O)O)cc1,104.0
2007751,CCCCCCCCc1ccc(-c2ccc(C#N)cc2)cc1,21.0
4510842,Oc1ccc(Oc2ccccc2)cc1,84.0
4510843,Oc1ccc(Oc2ccccc2)cc1,84.0
4510844,Oc1ccc(Oc2ccccc2)cc1,84.0
4510846,Oc1ccc(Oc2ccccc2)cc1,84.0
4510847,Oc1ccc(Oc2ccccc2)cc1,84.0
7110154,Oc1ccc(Oc2ccccc2)cc1,84.0
7110155,Oc1ccc(Oc2ccccc2)cc1,84.0
2011650,NNC(=S)Nc1ccccc1,138.0
2231762,O=C1C=CC(=O)N1c1ccc(/N=N/c2ccccc2)cc1,164.0
2014283,c1ccc(-c2c[nH]cn2)cc1,144.0
8100968,c1ccc(-c2c[nH]cn2)cc1,144.0
2223518,NNC(=O)Nc1ccccc1,124.0
2207070,CC(C)(C)c1ccc(C(=O)CCCCl)cc1,48.0
4130606,CC(C)(C)c1ccc(C(N)=O)cc1,173.0
2004323,C=Cc1ccc(B(O)O)cc1,190.0
2011523,C=Cc1ccc(C(=O)O)cc1,142.0
2011524,C=Cc1ccc(C(=O)O)cc1,142.0
2236869,O=C1Nc2ccc(OC(F)(F)F)cc2C1=O,171.0
2201664,O=c1[nH]cc(C(F)(F)F)c(=O)[nH]1,253.0
2222348,Cc1ccc(-c2ccc(C)cn2)nc1,116.0
1558087,CC1(C)NC(=O)NC1=O,176.0
4513554,O=c1cc(-c2ccccc2)oc2cc(O)c(O)c(O)c12,269.0
7050575,O=c1cc(-c2ccccc2)oc2cc(O)c(O)c(O)c12,269.0
2002071,COc1cc2oc(-c3ccccc3)cc(=O)c2c(OC)c1OC,166.0
2238605,Cc1c(C)c2cccnc2c2ncccc12,268.0
2221765,Oc1c(Cl)cc(Cl)c2cccnc12,181.0
2211721,COc1cc(OC)c2ccc(=O)oc2c1,148.0
1546704,Cc1cc(C)c2c(c1)C(=O)C(=O)N2,246.0
2215093,N#Cc1cnn(-c2ccccc2Cl)c1N,138.0
2230623,NCCCCCO,36.0
2220534,Cc1ccc(N)cn1,97.0
2018667,Nc1cccc2cnccc12,129.0
2219482,O=C(c1ccccc1)c1cc(Br)ccc1O,110.0
2220059,O=C(c1ccccc1)c1cc(Br)ccc1O,110.0
2013402,OCc1cc(Br)ccc1O,109.0
2210514,Brc1cnc(I)nc1,101.0
7225197,COc1ccc(Br)cc1/C=C/C(=O)O,225.0
2237569,Brc1cnc2[nH]ccc2c1,179.0
8102127,Brc1cncnc1,72.0
2022371,O=C(O)c1cc(Br)ccc1O,168.0
2204084,O=C(O)c1cc(Br)ccc1O,168.0
7208263,O=C(O)c1cc(Br)ccc1O,168.0
7208264,O=C(O)c1cc(Br)ccc1O,168.0
2230566,Clc1nnnn1-c1ccccc1,123.0
2017232,Oc1cc(Cl)ccc1Oc1ccc(Cl)cc1Cl,57.0
2242122,Nc1cc(Cl)cnc1N,172.0
2006042,CNc1ccc(Cl)cc1C(=O)c1ccccc1,96.0
8103227,O=Cc1cc(Cl)ccc1O,101.0
2227575,O=C(O)c1cc(Cl)ccc1O,174.0
7208270,O=C(O)c1cc(Cl)ccc1O,174.0
2205124,CCc1ccc(CCO)nc1,42.0
7052009,CCc1c[nH]c(=O)[nH]c1=O,309.0
2010449,O=C1CCc2cc(F)ccc21,39.0
2011368,O=C1Nc2ccc(F)cc2C1=O,226.0
7240007,O=C1Nc2ccc(F)cc2C1=O,226.0
2204218,O=C(O)c1cc(F)ccc1O,180.0
2311092,O=C(O)c1cc(F)ccc1O,180.0
2227981,O=Cc1ccc(CO)o1,34.0
7208265,O=C(O)c1cc(I)ccc1O,197.0
7208266,O=C(O)c1cc(I)ccc1O,197.0
2020129,O=c1[nH]cc(I)c(=O)[nH]1,275.0
2217672,O=c1[nH]cc(I)c(=O)[nH]1,275.0
2213722,COc1cc(C=O)cc(I)c1O,183.0
2211978,COc1ccc2c(c1)CCC2=O,109.0
2012958,Cc1c[nH]c(=S)[nH]c1=O,285.0
2231949,Cc1cc(C(=O)O)no1,172.0
2224215,Cc1oncc1C(=O)O,147.0
7208268,Cc1ccc(O)c(C(=O)O)c1,153.0
2004629,Cc1ccc(C(=O)O)s1,137.0
2102700,NCCCCCCO,57.0
2235797,NC(=O)c1ccc(N)nc1,247.0
2214697,Nc1ccc2c(c1)C(=O)OC2,184.0
7150976,CC1(C)CCC(C)(C)c2cc(Br)ccc21,36.0
8104670,O=C(O)CCCCCBr,34.0
2208827,O=Cc1cccc(Br)n1,81.0
3500106,COc1cc(Cl)nc(OC)n1,72.0
4022214,OB(O)c1ccc(Cl)nc1,156.0
7208272,O=C(O)c1c(O)cccc1F,160.0
8107676,O=C(O)c1ccc2cc(O)ccc2c1,249.0
2211347,COc1ccc2[nH]c(=O)oc2c1,154.0
7218902,COc1ccc2oc(-c3ccccc3)cc(=O)c2c1,164.0
8100793,Cc1ccc(C(N)=O)cn1,197.0
2231730,Cc1ccc(C(=O)O)cn1,213.0
1551865,Cc1cc(=O)[nH]c(=O)[nH]1,319.0
2010292,Cc1cc(=O)oc2cc(N)ccc12,227.0
7202960,Cc1cc(=O)oc2cc(N)ccc12,227.0
7202959,Cc1cc(=O)oc2cc(N)ccc12,227.0
7242594,Cc1cc(=O)oc2cc(N)ccc12,227.0
7242595,Cc1cc(=O)oc2cc(N)ccc12,227.0
1542529,O=C1Nc2c(Br)cccc2C1=O,197.0
7201754,O=C1Nc2c(F)cccc2C1=O,194.0
7201756,O=C1Nc2c(F)cccc2C1=O,194.0
7201755,O=C1Nc2c(F)cccc2C1=O,194.0
7242897,COc1ccc2ccc(=O)oc2c1,119.0
7242895,COc1ccc2ccc(=O)oc2c1,119.0
7242896,COc1ccc2ccc(=O)oc2c1,119.0
2237345,COc1ccc2c(c1)OC(c1ccccc1)CC2=O,88.0
4111842,Nc1cccc2ccc(O)cc12,208.0
2007434,NCCCCCCCC(=O)O,195.0
2222252,Cc1ccc2cccc(Cl)c2n1,67.0
2216982,Cc1ccc2cccc(O)c2n1,72.0
2239864,Oc1cccc2cccnc12,74.0
7229766,Oc1cccc2cccnc12,74.0
7229767,Oc1cccc2cccnc12,74.0
2010458,O=c1c2ccccc2[nH]c2ccccc12,361.0
1562368,O=C1c2ccccc2C(=O)c2ccccc21,285.0
1562369,O=C1c2ccccc2C(=O)c2ccccc21,285.0
1562370,O=C1c2ccccc2C(=O)c2ccccc21,285.0
1562371,O=C1c2ccccc2C(=O)c2ccccc21,285.0
1562372,O=C1c2ccccc2C(=O)c2ccccc21,285.0
1562373,O=C1c2ccccc2C(=O)c2ccccc21,285.0
1562374,O=C1c2ccccc2C(=O)c2ccccc21,285.0
1562375,O=C1c2ccccc2C(=O)c2ccccc21,285.0
1562376,O=C1c2ccccc2C(=O)c2ccccc21,285.0
1562377,O=C1c2ccccc2C(=O)c2ccccc21,285.0
2105560,O=C1c2ccccc2C(=O)c2ccccc21,285.0
2105561,O=C1c2ccccc2C(=O)c2ccccc21,285.0
2105563,O=C1c2ccccc2C(=O)c2ccccc21,285.0
2105562,O=C1c2ccccc2C(=O)c2ccccc21,285.0
2105564,O=C1c2ccccc2C(=O)c2ccccc21,285.0
7242759,O=C1c2ccccc2C(=O)c2ccccc21,285.0
7242760,O=C1c2ccccc2C(=O)c2ccccc21,285.0
7242761,O=C1c2ccccc2C(=O)c2ccccc21,285.0
7242762,O=C1c2ccccc2C(=O)c2ccccc21,285.0
7242763,O=C1c2ccccc2C(=O)c2ccccc21,285.0
7242764,O=C1c2ccccc2C(=O)c2ccccc21,285.0
7242765,O=C1c2ccccc2C(=O)c2ccccc21,285.0
7242766,O=C1c2ccccc2C(=O)c2ccccc21,285.0
7242767,O=C1c2ccccc2C(=O)c2ccccc21,285.0
7242768,O=C1c2ccccc2C(=O)c2ccccc21,285.0
1548270,C(#Cc1c2ccccc2c(C#Cc2ccccc2)c2ccccc12)c1ccccc1,255.0
4001024,C(#Cc1c2ccccc2c(C#Cc2ccccc2)c2ccccc12)c1ccccc1,255.0
2214288,Cc1c2ccccc2c(C)c2ccccc12,183.0
1553180,c1ccc(-c2c3ccccc3c(-c3ccccc3)c3ccccc23)cc1,251.0
1554068,c1ccc(-c2c3ccccc3c(-c3ccccc3)c3ccccc23)cc1,251.0
4028028,c1ccc(-c2c3ccccc3c(-c3ccccc3)c3ccccc23)cc1,251.0
7224289,c1ccc(-c2c3ccccc3c(-c3ccccc3)c3ccccc23)cc1,251.0
7224290,c1ccc(-c2c3ccccc3c(-c3ccccc3)c3ccccc23)cc1,251.0
1552723,CC(=O)c1c2ccccc2cc2ccccc12,74.0
7206085,CC(=O)c1c2ccccc2cc2ccccc12,74.0
2103986,Cc1c2ccccc2cc2ccccc12,80.0
2108946,Cc1c2ccccc2cc2ccccc12,80.0
2108951,Cc1c2ccccc2cc2ccccc12,80.0
2108952,Cc1c2ccccc2cc2ccccc12,80.0
2108953,Cc1c2ccccc2cc2ccccc12,80.0
2011525,C=Cc1c2ccccc2cc2ccccc12,64.0
2011526,C=Cc1c2ccccc2cc2ccccc12,64.0
7246441,c1cc2c3c(cccc3c1)CC2,94.0
7246442,c1cc2c3c(cccc3c1)CC2,94.0
2202901,CC(N)=O,79.0
4500434,CC(=O)Nc1ccccc1,115.0
4515878,CC(=O)Nc1ccccc1,115.0
7210754,CC(=O)Nc1ccccc1,115.0
2008187,CC(=O)O,17.0
2300042,CC(=O)O,17.0
2020594,CC(=O)OC(C)=O,-73.0
2223983,CC(=O)NN,64.0
7110463,CC(C)=O,-94.0
7226608,CC(C)=O,-94.0
1504383,CC#N,-47.0
1504384,CC#N,-47.0
1504385,CC#N,-47.0
2103497,CC#N,-47.0
2103498,CC#N,-47.0
2242872,c1ccc2nc3ccccc3cc2c1,109.0
4505383,c1ccc2nc3ccccc3cc2c1,109.0
4505384,c1ccc2nc3ccccc3cc2c1,109.0
4513307,c1ccc2nc3ccccc3cc2c1,109.0
2105702,C=CC=O,-87.0
7206163,C=CC=O,-87.0
2213661,C=CC(N)=O,84.0
2008185,C=CC(=O)O,13.0
7206294,C=CC(=O)O,13.0
9013391,C1C2CC3CC1CC(C2)C3,267.0
7111201,NC(=O)CCCCC(N)=O,226.0
2221191,O=C(O)CCCCC(=O)O,153.0
4116143,O=C(O)CCCCC(=O)O,153.0
4116152,O=C(O)CCCCC(=O)O,153.0
4508010,O=C(O)CCCCC(=O)O,153.0
4508011,O=C(O)CCCCC(=O)O,153.0
4508012,O=C(O)CCCCC(=O)O,153.0
4508013,O=C(O)CCCCC(=O)O,153.0
4508014,O=C(O)CCCCC(=O)O,153.0
5900039,O=C(O)CCCCC(=O)O,153.0
7229648,O=C(O)CCCCC(=O)O,153.0
7229649,O=C(O)CCCCC(=O)O,153.0
2020899,N#CCCCCC#N,2.0
2233072,BrC(Br)c1ccccc1C(Br)Br,116.0
2200864,C=C(C)c1ccccc1,-23.0
2003688,O=c1cc(-c2ccccc2)oc2c1ccc1ccccc12,158.0
2210654,O=S(=O)(F)Cc1ccccc1,93.0
2020036,COc1ccccc1,-37.0
4513302,c1ccc2cc3ccccc3cc2c1,216.0
7247758,CCCCCCCCCCCCCCCCCCCC(=O)O,75.0
7247759,CCCCCCCCCCCCCCCCCCCC(=O)O,75.0
7246329,OC[C@H]1O[C@@H](Oc2ccc(O)cc2)[C@H](O)[C@@H](O)[C@@H]1O,198.0
2200095,O=C(O)CCCCCCCC(=O)O,102.0
4116146,O=C(O)CCCCCCCC(=O)O,102.0
4116156,O=C(O)CCCCCCCC(=O)O,102.0
4508027,O=C(O)CCCCCCCC(=O)O,102.0
4508028,O=C(O)CCCCCCCC(=O)O,102.0
4508029,O=C(O)CCCCCCCC(=O)O,102.0
4508030,O=C(O)CCCCCCCC(=O)O,102.0
4508031,O=C(O)CCCCCCCC(=O)O,102.0
4508032,O=C(O)CCCCCCCC(=O)O,102.0
2101887,c1ccc(/N=N/c2ccccc2)cc1,67.0
2101888,c1ccc(/N=N/c2ccccc2)cc1,67.0
2101889,c1ccc(/N=N/c2ccccc2)cc1,67.0
2212967,Cc1cc(-c2ccccc2)c2ccc3c(-c4ccccc4)cc(C)nc3c2n1,282.0
1500039,NC(=O)c1ccccc1,127.0
2101332,NC(=O)c1ccccc1,127.0
7152544,NC(=O)c1ccccc1,127.0
2013198,O=C(Nc1ccccc1)c1ccccc1,164.0
4515879,O=C(Nc1ccccc1)c1ccccc1,164.0
7213703,O=C(Nc1ccccc1)c1ccccc1,164.0
2100348,c1ccccc1,5.0
2100349,c1ccccc1,5.0
2100350,c1ccccc1,5.0
4501702,c1ccccc1,5.0
4501704,c1ccccc1,5.0
4501703,c1ccccc1,5.0
7238223,c1ccccc1,5.0
1547645,OB(O)c1ccccc1,217.0
8104853,O=[Se](O[Se](=O)c1ccccc1)c1ccccc1,164.0
2213750,NS(=O)(=O)c1ccccc1,153.0
8104892,O=S(=O)(O)c1ccccc1,48.0
7228673,NNS(=O)(=O)c1ccccc1,103.0
2101300,OC(c1ccccc1)c1ccccc1,66.0
2233483,S=C=NC(c1ccccc1)c1ccccc1,59.0
1572992,O=C(O)C(O)(c1ccccc1)c1ccccc1,150.0
2207607,c1ccc2[nH]cnc2c1,172.0
2232972,c1ccc2[nH]cnc2c1,172.0
4507232,c1ccc2[nH]cnc2c1,172.0
4507233,c1ccc2[nH]cnc2c1,172.0
4507234,c1ccc2[nH]cnc2c1,172.0
4507236,c1ccc2[nH]cnc2c1,172.0
4507235,c1ccc2[nH]cnc2c1,172.0
4507237,c1ccc2[nH]cnc2c1,172.0
4507238,c1ccc2[nH]cnc2c1,172.0
4507239,c1ccc2[nH]cnc2c1,172.0
4507240,c1ccc2[nH]cnc2c1,172.0
4507241,c1ccc2[nH]cnc2c1,172.0
4507243,c1ccc2[nH]cnc2c1,172.0
4507242,c1ccc2[nH]cnc2c1,172.0
3500113,c1ccc2sccc2c1,30.0
1519594,c1ccc2c(c1)OCCOCCOCCOCCO2,80.0
7050281,Nc1nc(N)nc(-c2ccccc2)n1,227.0
7210454,O=C(O)c1ccccc1,123.0
2102055,O=C(c1ccccc1)c1ccccc1,49.0
2102056,O=C(c1ccccc1)c1ccccc1,49.0
2300384,O=C(c1ccccc1)c1ccccc1,49.0
2300385,O=C(c1ccccc1)c1ccccc1,49.0
2300386,O=C(c1ccccc1)c1ccccc1,49.0
4510943,FC(F)(F)c1ccccc1,-29.0
7118966,O=C(Cl)c1ccccc1,-1.0
2242826,c1ccc(COc2ccc3ccccc3c2)cc1,97.0
7238218,OCc1ccccc1,-15.0
7238221,BrCc1ccccc1,-4.0
2018438,NC(=O)OCc1ccccc1,87.0
7238220,ClCc1ccccc1,-43.0
7238222,SCc1ccccc1,-30.0
8101681,O=S(=O)(Cc1ccccc1)c1ccccc1,149.0
4330943,N#CSCc1ccccc1,42.0
7238219,NCc1ccccc1,-43.0
2009336,CC(=O)/C=C/c1ccccc1,40.0
1520345,CC(=O)OC[C@H]1O[C@@H](OC(C)=O)[C@H](OC(C)=O)[C@@H](OC(C)=O)[C@H]1OC(C)=O,144.0
7156309,c1ccc(-c2ccccc2)cc1,71.0
7150868,OB(O)c1ccccc1-c1ccccc1,179.0
2007298,O=C(O)c1ccccc1-c1ccccc1,112.0
2202873,N#Cc1ccc(-c2ccc(C#N)cc2)cc1,234.0
2102645,Brc1ccc(Oc2ccc(Br)cc2)cc1,58.0
2101051,O=S(=O)(c1ccc(Cl)cc1)c1ccc(Cl)cc1,149.0
2005460,O=S(=O)(c1ccc(O)cc1)c1ccc(O)cc1,248.0
7050490,C1CCC(P(CP(C2CCCCC2)C2CCCCC2)C2CCCCC2)CC1,99.0
2213459,c1ccc(P(CP(c2ccccc2)c2ccccc2)c2ccccc2)cc1,119.0
7042108,c1ccc(P(CP(c2ccccc2)c2ccccc2)c2ccccc2)cc1,119.0
7042149,CC1(C)COB(B2OCC(C)(C)CO2)OC1,183.0
2009294,Brc1c(Br)c(Br)c(Oc2c(Br)c(Br)c(Br)c(Br)c2Br)c(Br)c1Br,306.0
2011635,Brc1c(Br)c(Br)c(Oc2c(Br)c(Br)c(Br)c(Br)c2Br)c(Br)c1Br,306.0
4505215,c1ccc(SCSc2ccccc2)cc1,37.0
2006827,C[Si](C)(C)C#C[Si](C)(C)C,22.0
2109078,CCBr,-119.0
2109077,CCBr,-119.0
2109079,CCBr,-119.0
2109080,CCBr,-119.0
2109081,CCBr,-119.0
2109082,CCBr,-119.0
2109083,CCBr,-119.0
1504396,BrC(Br)Br,9.0
1504397,BrC(Br)Br,9.0
2300467,BrC(=C(c1ccccc1)c1ccccc1)c1ccccc1,114.0
2300468,BrC(=C(c1ccccc1)c1ccccc1)c1ccccc1,114.0
2300469,BrC(=C(c1ccccc1)c1ccccc1)c1ccccc1,114.0
2300470,BrC(=C(c1ccccc1)c1ccccc1)c1ccccc1,114.0
2206265,CCCC(N)=O,115.0
2100202,Cn1c(=O)c2c(ncn2C)n(C)c1=O,235.0
1513377,Oc1c2cccc1Cc1cccc(c1O)Cc1cccc(c1O)Cc1cccc(c1O)C2,317.0
2019679,c1ccc2c(c1)[nH]c1ccccc12,243.0
2230883,c1ccc2c(c1)[nH]c1ccccc12,243.0
7235699,c1ccc2c(c1)[nH]c1ccccc12,243.0
1506829,S=C=S,-112.0
1506830,S=C=S,-112.0
2231790,ClP(c1cccc2ccccc12)c1cccc2ccccc12,156.0
1504394,ClC(Cl)Cl,-63.0
1504395,ClC(Cl)Cl,-63.0
7211802,ClC(Cl)Cl,-63.0
2010582,C[Si](C)(C)Cl,-58.0
2100345,C[Si](C)(C)Cl,-58.0
2100346,C[Si](C)(C)Cl,-58.0
2100347,C[Si](C)(C)Cl,-58.0
2103255,CC(C)CCC[C@@H](C)[C@H]1CC[C@H]2[C@@H]3CC=C4C[C@@H](O)CC[C@]4(C)[C@H]3CC[C@]12C,149.0
2226283,CC(C)CCC[C@@H](C)[C@H]1CC[C@H]2[C@@H]3CC=C4C[C@@H](Cl)CC[C@]4(C)[C@H]3CC[C@]12C,97.0
4026522,CC(C)CCC[C@@H](C)[C@H]1CC[C@H]2[C@@H]3CC=C4C[C@@H](Cl)CC[C@]4(C)[C@H]3CC[C@]12C,97.0
4509939,C[C@H](CCC(=O)O)[C@H]1CC[C@H]2[C@@H]3[C@H](O)C[C@@H]4C[C@H](O)CC[C@]4(C)[C@H]3C[C@H](O)[C@]12C,201.0
4511132,C[C@H](CCC(=O)O)[C@H]1CC[C@H]2[C@@H]3[C@H](O)C[C@@H]4C[C@H](O)CC[C@]4(C)[C@H]3C[C@H](O)[C@]12C,201.0
2240940,O=C(O)c1coc2ccccc2c1=O,201.0
2001647,O=C(O)[C@H]1CC=CC[C@H]1C(=O)O,168.0
2011247,O=C(O)[C@H]1CC=CC[C@H]1C(=O)O,168.0
2005684,O=C(O)/C=C(/CC(=O)O)C(=O)O,118.0
2007015,C/C(=C/C(=O)O)C(=O)O,90.0
1546043,O=c1ccc2ccccc2o1,70.0
1546044,O=c1ccc2ccccc2o1,70.0
1546045,O=c1ccc2ccccc2o1,70.0
1546046,O=c1ccc2ccccc2o1,70.0
1546047,O=c1ccc2ccccc2o1,70.0
1546048,O=c1ccc2ccccc2o1,70.0
2005772,O=C(O)c1cc2ccccc2oc1=O,192.0
2104349,O=C(O)c1cc2ccccc2oc1=O,192.0
2215232,O=C(O)c1cc2ccccc2oc1=O,192.0
7201786,O=C(O)c1cc2ccccc2oc1=O,192.0
2018007,O=C1CCC1,-51.0
1569214,O=C1CCCCCC1,-21.0
2104220,OC1CCCCC1,24.0
2104221,OC1CCCCC1,24.0
2104222,OC1CCCCC1,24.0
2206542,O=C1CCCCC1,-26.0
2013767,ON=C1CCCCC1,89.0
2013768,ON=C1CCCCC1,89.0
4503127,C1=CCCCC1,-104.0
2201618,O=C(c1ccccc1)C1CCCCC1,55.0
2016435,O=C1CCCCCCCCCCCCCC1,64.0
1504357,C1CCCC1,-94.0
1513327,OC1CCCC1,-19.0
2018006,O=C1CCCC1,-51.0
2100339,NC1CC1,-10.0
1573873,O=C(O)CCCC[C@@H]1SC[C@@H]2NC(=O)N[C@@H]21,230.0
2018774,O=C(O)CCCC[C@@H]1SC[C@@H]2NC(=O)N[C@@H]21,230.0
2312763,O=C(O)CCCC[C@@H]1SC[C@@H]2NC(=O)N[C@@H]21,230.0
7050150,CCCCCCCCCC(=O)O,31.0
2100217,C[C@H](CCC(=O)O)[C@H]1CC[C@H]2[C@@H]3C(=O)C[C@@H]4CC(=O)CC[C@]4(C)[C@H]3CC(=O)[C@]12C,237.0
4308060,COc1ccc(CC(=O)c2ccc(OC)cc2)cc1,111.0
2002019,O=C(Cc1ccccc1)c1ccccc1,55.0
2200467,CC1(C)O[C@@H]2CO[C@]3(COC(C)(C)O3)C(=O)[C@@H]2O1,102.0
2230064,O=C(c1ccccc1)C(Cl)c1ccccc1,67.0
2006353,C=CCSCC=C,-83.0
2224890,O=C1c2ccccc2CSc2ccccc21,87.0
2219628,c1ccc2c(c1)OCCOCCOc1ccccc1OCCOCCO2,162.0
4519446,c1ccc2c(c1)sc1ccccc12,99.0
2311656,O=C(CCC(=O)OCc1ccccc1)OCc1ccccc1,45.0
2209245,c1ccc(CSCc2ccccc2)cc1,49.0
2300304,O=S(=O)(Cc1ccccc1)Cc1ccccc1,151.0
2300305,O=S(=O)(Cc1ccccc1)Cc1ccccc1,151.0
2300306,O=S(=O)(Cc1ccccc1)Cc1ccccc1,151.0
2300394,O=S(=O)(Cc1ccccc1)Cc1ccccc1,151.0
2300396,O=S(=O)(Cc1ccccc1)Cc1ccccc1,151.0
2300395,O=S(=O)(Cc1ccccc1)Cc1ccccc1,151.0
2100676,BrCBr,-53.0
2102959,O=C(O)C(Cl)Cl,10.0
2102960,O=C(O)C(Cl)Cl,10.0
2102961,O=C(O)C(Cl)Cl,10.0
2102962,O=C(O)C(Cl)Cl,10.0
7042857,C[Si](C)(Cl)Cl,-76.0
2100014,ClCCl,-95.0
2100015,ClCCl,-95.0
2100285,ClCCl,-95.0
2100286,ClCCl,-95.0
8102653,CCOC(=O)c1sc(N)c(C(=O)OCC)c1C,115.0
2237049,CCOC(=O)c1sc2sc(C(=O)OCC)c(C)c2c1C,140.0
7108805,CCOC(=O)c1sc2sc(C(=O)OCC)c(C)c2c1C,140.0
7112413,CCOC(=O)c1sc2sc(C(=O)OCC)c(C)c2c1C,140.0
4500957,CCOC(=O)OCC,-43.0
2105022,CCOC(=O)C(=O)OCC,-40.0
2105023,CCOC(=O)C(=O)OCC,-40.0
2311652,CCOC(=O)CCC(=O)OCC,-21.0
7121728,CCNCC,-50.0
7121736,CCNCC,-50.0
1504381,ICI,6.0
1504382,ICI,6.0
2100677,ICI,6.0
2100678,ICI,6.0
7202135,ICI,6.0
7121732,CC(C)CNCC(C)C,-77.0
7121733,CC(C)NC(C)C,-61.0
2216224,COC(=O)c1[nH]c(C(=O)OC)c(O)c1O,211.0
7246933,COC(=O)c1cc(N)cc(C(=O)OC)c1,180.0
7246934,COC(=O)c1cc(N)cc(C(=O)OC)c1,180.0
2222345,COC(=O)c1ccc(-c2ccc(C(=O)OC)cc2)cc1,214.0
2203632,COC(=O)/C=C/C(=O)OC,104.0
2002930,COC(=O)c1ccc2cc(C(=O)OC)ccc2c1,190.0
2105024,COC(=O)C(=O)OC,52.0
2105025,COC(=O)C(=O)OC,52.0
2105026,COC(=O)C(=O)OC,52.0
2105027,COC(=O)C(=O)OC,52.0
2105028,COC(=O)C(=O)OC,52.0
2209458,COC(=O)c1cccc(C(=O)OC)n1,121.0
2311651,COC(=O)CCC(=O)OC,19.0
2242302,CS(C)=O,18.0
7121726,CCCCNCCCC,-62.0
7121727,CCCCCCNCCCCCC,3.0
7121734,CCCNCCC,-63.0
2204844,CCCC(CCC)(C(=O)O)C(=O)O,155.0
2205485,CC(=O)O[C@H]1C(=O)OC(=O)[C@@H]1OC(C)=O,132.0
2001889,O=C(Oc1ccccc1)Oc1ccccc1,79.0
4102296,c1ccc([Se][Se]c2ccccc2)cc1,62.0
4102297,c1ccc([Se][Se]c2ccccc2)cc1,62.0
1507509,c1ccc(SSc2ccccc2)cc1,60.0
4102294,c1ccc(SSc2ccccc2)cc1,60.0
4102295,c1ccc(SSc2ccccc2)cc1,60.0
4339659,c1ccc(SSc2ccccc2)cc1,60.0
7219114,c1ccc(SSc2ccccc2)cc1,60.0
4112985,c1ccc(Oc2ccccc2)cc1,28.0
4112986,c1ccc(Oc2ccccc2)cc1,28.0
4062241,N#CC(c1ccccc1)c1ccccc1,74.0
2202267,c1ccc(Nc2ccccc2)cc1,54.0
7244602,O=P(O)(c1ccccc1)c1ccccc1,195.0
7245841,O=P(O)(c1ccccc1)c1ccccc1,195.0
2013640,OC[C@@H](O)[C@@H](O)[C@H](O)[C@H](O)CO,166.0
2013641,OC[C@@H](O)[C@@H](O)[C@H](O)[C@H](O)CO,166.0
2013642,OC[C@@H](O)[C@@H](O)[C@H](O)[C@H](O)CO,166.0
7050152,CCCCCCCCCCCC(=O)O,44.0
1101132,OC[C@@H](O)[C@@H](O)[C@H](O)[C@@H](O)CO,99.0
2300046,OC[C@@H](O)[C@@H](O)[C@H](O)[C@@H](O)CO,99.0
1519959,O=C(O)[C@@H](O)[C@H](O)C(=O)O,168.0
2207301,CCCCCCCC/C=C/CCCCCCCC(=O)O,43.0
7240309,CCOC(=O)c1cnn(-c2ccccc2)c1,98.0
1561636,CCOC(=O)c1c(C)csc1N,81.0
2011648,CCOC(=O)c1sc(N)nc1-c1ccccc1,172.0
2104401,CCOC(=O)c1ccc(N)cc1,90.0
2104402,CCOC(=O)c1ccc(N)cc1,90.0
2104403,CCOC(=O)c1ccc(N)cc1,90.0
2108575,CCOC(=O)c1ccc(N)cc1,90.0
2108576,CCOC(=O)c1ccc(N)cc1,90.0
2108577,CCOC(=O)c1ccc(N)cc1,90.0
2108578,CCOC(=O)c1ccc(N)cc1,90.0
2108579,CCOC(=O)c1ccc(N)cc1,90.0
2108580,CCOC(=O)c1ccc(N)cc1,90.0
2108581,CCOC(=O)c1ccc(N)cc1,90.0
2108582,CCOC(=O)c1ccc(N)cc1,90.0
2201433,CCOC(=O)c1ccc(N)cc1,90.0
2224900,CCOC(=O)c1ccc(N(C)C)cc1,64.0
1519151,CCOC(=O)c1ccc(O)cc1,117.0
3500097,CCOC(=O)c1ccc(O)cc1,117.0
3500110,CCOC(=O)c1ccc(O)cc1,117.0
2216835,CCOC(=O)c1c[nH]cc1C,74.0
2241722,CCOC(=O)c1cc2cc(Cl)ccc2[nH]1,168.0
4500956,CCOC(C)=O,-84.0
1100666,CCOC(=O)c1cc2ccccc2oc1=O,94.0
1559019,CCOC(=O)c1cc2ccccc2[nH]1,124.0
2013612,CCOC(=O)C(=O)Nc1ccccc1,67.0
2102676,CCOC(=O)CC,-73.0
2102677,CCOC(=O)CC,-73.0
2102678,CCOC(=O)CC,-73.0
2018826,CCc1ccccc1,-95.0
2007371,OCCO,-13.0
2100665,NCCN,10.0
2100664,NCCN,10.0
2100666,NCCN,10.0
2100667,NCCN,10.0
2100668,NCCN,10.0
2100669,NCCN,10.0
2100670,NCCN,10.0
2100671,NCCN,10.0
2100672,NCCN,10.0
2100673,NCCN,10.0
4023163,O=C1OC(=O)[C@H]2[C@@H]1[C@@H]1C=C[C@H]2O1,119.0
2200617,CC1(C)C(=O)[C@]2(C)CC[C@H]1C2,4.0
2202154,O=c1cc(-c2ccccc2)oc2ccccc12,97.0
4118078,O=C(O)c1ccccc1Nc1cccc(C(F)(F)F)c1,134.0
4118079,O=C(O)c1ccccc1Nc1cccc(C(F)(F)F)c1,134.0
4118080,O=C(O)c1ccccc1Nc1cccc(C(F)(F)F)c1,134.0
4118082,O=C(O)c1ccccc1Nc1cccc(C(F)(F)F)c1,134.0
4118083,O=C(O)c1ccccc1Nc1cccc(C(F)(F)F)c1,134.0
4118081,O=C(O)c1ccccc1Nc1cccc(C(F)(F)F)c1,134.0
4116819,Fc1ccccc1,-42.0
2016483,O=CNc1ccccc1,47.0
2222435,O=CNc1ccccc1,47.0
4515875,O=CNc1ccccc1,47.0
7232752,NCc1ccco1,-70.0
4116142,O=C(O)CCCC(=O)O,97.0
4116151,O=C(O)CCCC(=O)O,97.0
4508004,O=C(O)CCCC(=O)O,97.0
4508005,O=C(O)CCCC(=O)O,97.0
4508006,O=C(O)CCCC(=O)O,97.0
4508008,O=C(O)CCCC(=O)O,97.0
4508009,O=C(O)CCCC(=O)O,97.0
7227370,COc1ccc(Cl)cc1C(=O)NCCc1ccc(S(=O)(=O)NC(=O)NC2CCCCC2)cc1,173.0
2003033,CCCCCCCCCCCCCCCC(=O)OCC(COC(=O)CCCCCCCCCCCCCCC)OC(=O)CCCCCCCCCCCCCCC,62.0
2021020,COC1=CC(=O)C[C@@H](C)[C@]12Oc1c(Cl)c(OC)cc(OC)c1C2=O,219.0
2311632,COC1=CC(=O)C[C@@H](C)[C@]12Oc1c(Cl)c(OC)cc(OC)c1C2=O,219.0
7120941,COC1=CC(=O)C[C@@H](C)[C@]12Oc1c(Cl)c(OC)cc(OC)c1C2=O,219.0
7120942,COC1=CC(=O)C[C@@H](C)[C@]12Oc1c(Cl)c(OC)cc(OC)c1C2=O,219.0
7120944,COC1=CC(=O)C[C@@H](C)[C@]12Oc1c(Cl)c(OC)cc(OC)c1C2=O,219.0
7120943,COC1=CC(=O)C[C@@H](C)[C@]12Oc1c(Cl)c(OC)cc(OC)c1C2=O,219.0
7120945,COC1=CC(=O)C[C@@H](C)[C@]12Oc1c(Cl)c(OC)cc(OC)c1C2=O,219.0
7120946,COC1=CC(=O)C[C@@H](C)[C@]12Oc1c(Cl)c(OC)cc(OC)c1C2=O,219.0
7126896,COC1=CC(=O)C[C@@H](C)[C@]12Oc1c(Cl)c(OC)cc(OC)c1C2=O,219.0
7050147,CCCCCCC(=O)O,-8.0
1552131,Cc1c(C)c(C)c(C)c(C)c1C,165.0
4077182,Cc1c(C)c(C)c(C)c(C)c1C,165.0
7117254,Cc1c(C)c(C)c(C)c(C)c1C,165.0
7117255,Cc1c(C)c(C)c(C)c(C)c1C,165.0
7117256,Cc1c(C)c(C)c(C)c(C)c1C,165.0
7117257,Cc1c(C)c(C)c(C)c(C)c1C,165.0
7117258,Cc1c(C)c(C)c(C)c(C)c1C,165.0
2016798,C1CCCNCC1,-37.0
4117218,CN(C)P(N(C)C)N(C)C,-44.0
7050146,CCCCCC(=O)O,-4.0
2007568,c1ccc([Si]2(c3ccccc3)O[Si](c3ccccc3)(c3ccccc3)O[Si](c3ccccc3)(c3ccccc3)O2)cc1,180.0
7026021,c1ccc([Si]2(c3ccccc3)O[Si](c3ccccc3)(c3ccccc3)O[Si](c3ccccc3)(c3ccccc3)O2)cc1,180.0
7026022,c1ccc([Si]2(c3ccccc3)O[Si](c3ccccc3)(c3ccccc3)O[Si](c3ccccc3)(c3ccccc3)O2)cc1,180.0
4510563,c1ccc([Si](c2ccccc2)(c2ccccc2)[Si](c2ccccc2)(c2ccccc2)c2ccccc2)cc1,369.0
2108459,O=C(O)CNC(=O)c1ccccc1,190.0
2108460,O=C(O)CNC(=O)c1ccccc1,190.0
2108461,O=C(O)CNC(=O)c1ccccc1,190.0
2022956,C1CNCCNC1,41.0
1558088,O=C1CNC(=O)N1,222.0
2014487,O=C1CNC(=O)N1,222.0
2100163,O=C1CNC(=O)N1,222.0
2100308,O=C1CNC(=O)N1,222.0
2103079,NS(=O)(=O)c1cc2c(cc1Cl)NCNS2(=O)=O,269.0
2108892,NS(=O)(=O)c1cc2c(cc1Cl)NCNS2(=O)=O,269.0
2206702,NS(=O)(=O)c1cc2c(cc1Cl)NCNS2(=O)=O,269.0
1559402,C[C@]12CCC(=O)C=C1CC[C@@H]1[C@@H]2[C@@H](O)C[C@@]2(C)[C@H]1CC[C@]2(O)C(=O)CO,214.0
2100714,Oc1ccc(O)cc1,171.0
2100715,Oc1ccc(O)cc1,171.0
2100717,Oc1ccc(O)cc1,171.0
2100716,Oc1ccc(O)cc1,171.0
2103388,Oc1ccc(O)cc1,171.0
4107211,CC(=O)CO,-17.0
1100665,c1c[nH]cn1,90.0
2228027,c1c[nH]cn1,90.0
2015716,N#CCNCC#N,77.0
3500112,c1ccc2[nH]ccc2c1,52.0
2236323,NNC(=O)Cc1c[nH]c2ccccc12,144.0
2213366,O=Cc1c[nH]c2ccccc12,197.0
2236237,O=Cc1c[nH]c2ccccc12,197.0
1572415,COc1ccc2c(c1)c(CC(=O)O)c(C)n2C(=O)c1ccc(Cl)cc1,160.0
2202423,COc1ccc2c(c1)c(CC(=O)O)c(C)n2C(=O)c1ccc(Cl)cc1,160.0
7126912,COc1ccc2c(c1)c(CC(=O)O)c(C)n2C(=O)c1ccc(Cl)cc1,160.0
7232860,O=C(O)CI,81.0
4508670,Ic1ccccc1,-31.0
2109084,CCI,-108.0
2109086,CCI,-108.0
2109085,CCI,-108.0
2109087,CCI,-108.0
2109088,CCI,-108.0
2109089,CCI,-108.0
2109090,CCI,-108.0
7201033,CI,-67.0
7201032,CI,-67.0
7201034,CI,-67.0
4505655,NC(=O)c1ccncc1,157.0
4505656,NC(=O)c1ccncc1,157.0
7105897,NC(=O)c1ccncc1,157.0
7206879,NC(=O)c1ccncc1,157.0
7206880,NC(=O)c1ccncc1,157.0
7232052,NC(=O)c1ccncc1,157.0
2105797,NNC(=O)c1ccncc1,172.0
7240290,NNC(=O)c1ccncc1,172.0
1557859,N#Cc1cccc(C#N)c1,161.0
4024410,CC1(C)OC(=O)CC(=O)O1,94.0
2105209,OC[C@H](O)C(O)[C@@H](O)CO,101.0
2238479,CC(=O)CCC(=O)O,29.0
7242509,C[C@H](O)C(=O)O,53.0
7242510,C[C@H](O)C(=O)O,53.0
7242511,C[C@H](O)C(=O)O,53.0
7241735,O=C(O)[C@H](O)[C@@H](O)C(=O)O,169.0
2200807,O=C1C=CC(=O)O1,54.0
2005476,O=C1C=CC(=O)N1,92.0
7239133,O=C1C=CC(=O)N1,92.0
2206887,NC(=O)CC(N)=O,169.0
2206888,NC(=O)CC(N)=O,169.0
1554234,N#CCC#N,32.0
1511830,O=C(O)C(O)c1ccccc1,120.0
1511831,O=C(O)C(O)c1ccccc1,120.0
1511832,O=C(O)C(O)c1ccccc1,120.0
1511833,O=C(O)C(O)c1ccccc1,120.0
1511834,O=C(O)C(O)c1ccccc1,120.0
1511835,O=C(O)C(O)c1ccccc1,120.0
1511836,O=C(O)C(O)c1ccccc1,120.0
1511837,O=C(O)C(O)c1ccccc1,120.0
1511838,O=C(O)C(O)c1ccccc1,120.0
1513043,O=C(O)C(O)c1ccccc1,120.0
1514931,O=C(O)C(O)c1ccccc1,120.0
2203010,O=C(O)C(O)c1ccccc1,120.0
2224643,Cc1cc(C)c(CC(=O)O)c(C)c1,169.0
2011307,Cc1cc(C)c(C(=O)C(=O)O)c(C)c1,121.0
7100391,C=C(C)C(N)=O,110.0
7100390,C=C(C)C(N)=O,110.0
7100392,C=C(C)C(N)=O,110.0
7100393,C=C(C)C(N)=O,110.0
1554038,C=C(C)C(=O)O,16.0
7206297,C=C(C)C(=O)O,16.0
7206298,C=C(C)C(=O)O,16.0
7206296,C=C(C)C(=O)O,16.0
4503066,CO,-98.0
4503067,CO,-98.0
7245600,CO,-98.0
7248635,COC(=O)c1ccc2nsnc2c1,91.0
2219617,COC(=O)c1cc(Cl)ccc1Cl,39.0
2201820,COC(=O)c1cc(O)ccc1O,87.0
2203652,COC(=O)c1c(N)sc2c1CCCC2,128.0
2238904,COC(=O)c1cc(OC)c(OC)cc1N,129.0
2231117,COC(=O)c1cc(Br)ccc1N,72.0
2227188,COC(=O)c1cc(Cl)ccc1N,69.0
1550314,COC(=O)CCc1ccccc1O,42.0
2220903,COC(=O)c1cc(O)c(O)c(O)c1,201.0
7212476,COC(=O)c1cc(O)c(O)c(O)c1,201.0
2216542,COC(=O)c1cc(OC)c(OC)c(OC)c1,83.0
8107366,COC(=O)c1cc(N)cc(N)c1,133.0
2225622,COC(=O)c1cc(Br)c(C)c(Br)c1,88.0
2235040,COC(=O)/C=C(/C)N,83.0
2212686,COC(=O)c1ccc(CBr)cc1,56.0
2013900,COC(=O)c1ccc(N)cc1,112.0
2208316,COC(=O)c1ccc(Br)cc1,79.0
3500034,COC(=O)c1ccc(C#N)cc1,67.0
7204878,C#Cc1ccc(C(=O)OC)cc1,93.0
2218645,COC(=O)c1ccc(O)cc1,127.0
4500726,COC(=O)c1ccc(O)cc1,127.0
4507504,COC(=O)c1ccc(O)cc1,127.0
4507505,COC(=O)c1ccc(O)cc1,127.0
4507506,COC(=O)c1ccc(O)cc1,127.0
4508638,COC(=O)c1ccc(O)cc1,127.0
2233154,COC(=O)c1ccc(Cl)nc1,86.0
2206365,COC(=O)CC(C)=O,-80.0
7246776,CO[C@H]1O[C@H](CO)[C@@H](O)[C@H](O)[C@H]1O,169.0
7246775,CO[C@H]1O[C@H](CO)[C@@H](O)[C@H](O)[C@H]1O,169.0
4500958,COC(=O)c1ccccc1,-12.0
7246773,CO[C@@H]1O[C@H](CO)[C@H](O)[C@H](O)[C@H]1O,177.0
2205866,COC(=O)c1c[nH]c2ccccc12,151.0
2000973,CS(=O)(=O)c1ccccc1,87.0
7225252,CCC(=O)OC,-88.0
2218237,COC(=O)c1ccc(C)cc1,34.0
2213542,Cc1ccc(S(C)(=O)=O)cc1,88.0
2223859,COC(=O)c1cnccn1,58.0
4517140,CN(C)c1ccc(/N=N/c2ccccc2C(=O)O)cc1,181.0
2208541,CC1CCCC1,-143.0
2231372,CP(=O)(O)c1ccccc1,133.0
2239402,CP(=O)(O)O,105.0
7042860,C[Si](Cl)(Cl)Cl,-78.0
2206756,C[Si](c1ccccc1)(c1ccccc1)c1ccccc1,67.0
2102304,C1COCCN1,-5.0
2220155,Nc1cccc(N)c1,63.0
7157818,Nc1cccc(N)c1,63.0
1101139,Cc1cccc(N)c1,-30.0
2300100,Cc1cccc(N)c1,-30.0
2211508,BrCc1cccc(CBr)c1,75.0
2238221,ClCc1cccc(CCl)c1,35.0
2232265,O=C1c2ccccc2C(=O)N1CCBr,82.0
2210704,O=C1c2ccccc2C(=O)N1CCO,128.0
2223760,O=C1c2ccccc2C(=O)N1CCCBr,74.0
2200144,Cc1ccc(N2C(=O)C=CC2=O)cc1Cl,146.0
2016674,O=C1c2ccccc2C(=O)N1CCCO,78.0
2216182,CC(=O)c1ccc(-n2c(C)ccc2C)cc1,111.0
7040847,CN(C)C(=O)Nc1ccc(Cl)cc1,173.0
2210539,O=C1c2ccccc2C(=O)N1c1ccc(O)cc1,296.0
2218788,O=C(OCc1ccccc1)ON1C(=O)CCC1=O,80.0
2238797,O=C(O)CNC(=O)CCl,102.0
2210811,O=C1c2ccccc2C(=O)N1CO,144.0
2215090,Cc1ccc(S(=O)(=O)NCC(=O)O)cc1,148.0
8102185,CC(=O)N(CCN(C(C)=O)C(C)=O)C(C)=O,151.0
2243950,CN(C)CCN(C)C,-55.0
2011233,O=C(NNC(=O)c1ccccc1)c1ccccc1,239.0
2212839,c1ccc(CN(Cc2ccccc2)c2ccccc2)cc1,70.0
2216379,c1ccc(CN(Cc2ccccc2)c2ccccc2)cc1,70.0
2006324,O=C(NC1CCCCC1)NC1CCCCC1,232.0
4069440,O=C(NC1CCCCC1)NC1CCCCC1,232.0
1573314,CCN(CC)C(=O)c1ccccc1,30.0
2004085,CCNC(=S)NCC,77.0
7204197,CN(C)C(=O)c1ccccc1,44.0
7203856,CN(C)C=O,-61.0
7205656,CN(C)C=O,-61.0
4510304,CN(C)CC(=O)O,181.0
4510306,CN(C)CC(=O)O,181.0
4510305,CN(C)CC(=O)O,181.0
4510309,CN(C)CC(=O)O,181.0
4510307,CN(C)CC(=O)O,181.0
4510308,CN(C)CC(=O)O,181.0
4510311,CN(C)CC(=O)O,181.0
4510310,CN(C)CC(=O)O,181.0
4510312,CN(C)CC(=O)O,181.0
4510313,CN(C)CC(=O)O,181.0
4510314,CN(C)CC(=O)O,181.0
4510315,CN(C)CC(=O)O,181.0
4510316,CN(C)CC(=O)O,181.0
4510318,CN(C)CC(=O)O,181.0
4510317,CN(C)CC(=O)O,181.0
4510319,CN(C)CC(=O)O,181.0
4510320,CN(C)CC(=O)O,181.0
4510321,CN(C)CC(=O)O,181.0
7218134,CN(C)CC(=O)O,181.0
1516355,CNC(=O)NC,102.0
2102390,CNC(=O)NC,102.0
2105328,CNC(=O)NC,102.0
2105329,CNC(=O)NC,102.0
2229833,CCCCNC(=S)NCCCC,66.0
2212370,Cc1ccccc1NC(=S)Nc1ccccc1C,158.0
2216502,Cc1ccccc1NC(=S)Nc1ccccc1C,158.0
2010858,c1ccc(Nc2ccc(Nc3ccccc3)cc2)cc1,147.0
2012822,c1ccc(Nc2ccc(Nc3ccccc3)cc2)cc1,147.0
2004087,S=C(Nc1ccccc1)Nc1ccccc1,152.0
1520178,O=C(Nc1ccccc1)Nc1ccccc1,242.0
1553614,O=C(Nc1ccccc1)Nc1ccccc1,242.0
7209249,O=C(Nc1ccccc1)Nc1ccccc1,242.0
7226481,O=C(Nc1ccccc1)Nc1ccccc1,242.0
2003435,C=CC(=O)NC(CO)(CO)CO,136.0
2203551,CC(=O)N[C@@H](C)C(=O)O,137.0
2203698,CC(=O)N[C@H](C(=O)O)C(C)C,148.0
7208458,CC(=O)N[C@@H](CS)C(=O)O,110.0
7208457,CC(=O)N[C@@H](CS)C(=O)O,110.0
7208459,CC(=O)N[C@@H](CS)C(=O)O,110.0
7208461,CC(=O)N[C@@H](CS)C(=O)O,110.0
7208460,CC(=O)N[C@@H](CS)C(=O)O,110.0
7210398,CC(=O)N[C@@H](CS)C(=O)O,110.0
7210399,CC(=O)N[C@@H](CS)C(=O)O,110.0
2010756,CC(=O)N[C@@H](Cc1ccccc1)C(=O)O,168.0
2006710,CC(=O)NNc1ccccc1,130.0
4506808,CCn1cc(C(=O)O)c(=O)c2ccc(C)nc21,229.0
2100604,c1ccc2ccccc2c1,81.0
2100603,c1ccc2ccccc2c1,81.0
2100605,c1ccc2ccccc2c1,81.0
2100606,c1ccc2ccccc2c1,81.0
2311088,c1ccc2ccccc2c1,81.0
2311090,c1ccc2ccccc2c1,81.0
3500021,N#Cc1cccc2ccccc12,36.0
3500029,O=S(=O)(Cl)c1ccc2ccccc2c1,76.0
4511506,O=C(c1ccccc1)N(O)c1ccccc1,119.0
2016875,O=CNCc1ccccc1,61.0
2102584,C(=N/c1ccccc1)\c1ccccc1,53.0
7247869,CC(C)(C)OC(=O)N[C@@H](CI)C(=O)OCc1ccccc1,81.0
2238522,COC(=O)[C@H](Cc1ccc(O)cc1)NC(=O)OC(C)(C)C,107.0
2205224,CCCCOC(C)=O,-78.0
1100992,CCCCNC(N)=O,95.0
2209235,Cc1ccc(S(=O)(=O)NC2CCCCC2)cc1,88.0
2200853,CCCCCCCCCC,-30.0
7247706,CCCCCCCCCCCC,-10.0
2211378,CCN1C(=O)c2ccccc2C1=O,76.0
2203550,O=CNCC(=O)O,149.0
7120393,NC(=O)NC=O,169.0
2202407,O=C1CCC(=O)N1O,97.0
2003051,NC(=O)c1cccnc1,130.0
2003052,NC(=O)c1cccnc1,130.0
2003053,NC(=O)c1cccnc1,130.0
4500094,NC(=O)c1cccnc1,130.0
4511296,NC(=O)c1cccnc1,130.0
7105898,NC(=O)c1cccnc1,130.0
2221008,O=C(Nc1ccccc1)c1cccnc1,120.0
2311082,O=C(O)c1cccnc1,238.0
2311084,O=C(O)c1cccnc1,238.0
2216893,NNC(=O)c1cccnc1,162.0
2216894,NNC(=O)c1cccnc1,162.0
7210761,CNC(=O)c1ccccc1,79.0
4511821,CNC[C@H](O)[C@@H](O)[C@H](O)[C@H](O)CO,130.0
4511822,CNC[C@H](O)[C@@H](O)[C@H](O)[C@H](O)CO,130.0
7206162,CNC=O,-4.0
2210687,CN1C(=O)c2ccccc2C1=O,134.0
2010914,CN1C(=O)CCC1=O,66.0
7050149,CCCCCCCCC(=O)O,10.0
7238858,CCCCCc1ccccc1,-75.0
7104491,O=C(O)c1ccccc1Nc1ccccc1,187.0
2004742,O=C(O)CN1C(=O)c2ccccc2C1=O,196.0
2003601,C#CCON1C(=O)c2ccccc2C1=O,151.0
2224953,CCCOC(=O)c1ccc(O)cc1,97.0
2215272,CCCNC(N)=O,102.0
7247707,CCCCCCCCCCC,-26.0
1515581,CC(=O)Oc1ccccc1C(=O)O,138.0
1515582,CC(=O)Oc1ccccc1C(=O)O,138.0
1516479,CC(=O)Oc1ccccc1C(=O)O,138.0
1516480,CC(=O)Oc1ccccc1C(=O)O,138.0
1516481,CC(=O)Oc1ccccc1C(=O)O,138.0
1516482,CC(=O)Oc1ccccc1C(=O)O,138.0
2104857,CC(=O)Oc1ccccc1C(=O)O,138.0
4100978,CC(=O)Oc1ccccc1C(=O)O,138.0
4506597,CC(=O)Oc1ccccc1C(=O)O,138.0
7050897,CC(=O)Oc1ccccc1C(=O)O,138.0
7050898,CC(=O)Oc1ccccc1C(=O)O,138.0
7050899,CC(=O)Oc1ccccc1C(=O)O,138.0
7050900,CC(=O)Oc1ccccc1C(=O)O,138.0
7050901,CC(=O)Oc1ccccc1C(=O)O,138.0
7050902,CC(=O)Oc1ccccc1C(=O)O,138.0
7050903,CC(=O)Oc1ccccc1C(=O)O,138.0
7126911,CC(=O)Oc1ccccc1C(=O)O,138.0
7247819,CC(=O)Oc1ccccc1C(=O)O,138.0
7247818,CC(=O)Oc1ccccc1C(=O)O,138.0
1517163,O=C1NS(=O)(=O)c2ccccc21,229.0
2206019,O=C1NS(=O)(=O)c2ccccc21,229.0
2300331,O=C1NS(=O)(=O)c2ccccc21,229.0
2300332,O=C1NS(=O)(=O)c2ccccc21,229.0
2300421,O=C1NS(=O)(=O)c2ccccc21,229.0
2300422,O=C1NS(=O)(=O)c2ccccc21,229.0
7226402,O=C1NS(=O)(=O)c2ccccc21,229.0
7200374,Cc1ccccc1O,32.0
7200375,Cc1ccccc1O,32.0
7223985,Fc1c(F)c(F)c2c(F)c(F)c(F)c(F)c2c1F,87.0
7050148,CCCCCCCC(=O)O,17.0
2006837,c1ccc([Si]2(c3ccccc3)O[Si](c3ccccc3)(c3ccccc3)O[Si](c3ccccc3)(c3ccccc3)O[Si](c3ccccc3)(c3ccccc3)O2)cc1,201.0
2017606,Nc1ccccc1N,102.0
7157810,Nc1ccccc1N,102.0
2108158,O=P(O)(O)O,20.0
2108159,O=P(O)(O)O,20.0
2103408,Cc1ccccc1S(N)(=O)=O,156.0
2223057,Cc1ccccc1S(N)(=O)=O,156.0
7157808,Cc1ccccc1S(N)(=O)=O,156.0
7202391,Cc1ccccc1C(=O)O,105.0
7160379,c1cocn1,-86.0
7160413,c1cocn1,-86.0
7230099,O=C1Cc2ccccc2N1,126.0
7230100,O=C1Cc2ccccc2N1,126.0
7230098,O=C1Cc2ccccc2N1,126.0
7230104,O=C1Cc2ccccc2N1,126.0
7230101,O=C1Cc2ccccc2N1,126.0
7230105,O=C1Cc2ccccc2N1,126.0
7230102,O=C1Cc2ccccc2N1,126.0
7230103,O=C1Cc2ccccc2N1,126.0
2014316,CCCCCCCCCCCCCCCC(=O)O,61.0
2219687,Oc1c(Br)c(Br)c(Br)c(Br)c1Br,226.0
7225380,ClC(Cl)C(Cl)(Cl)Cl,-29.0
7225378,ClC(Cl)C(Cl)(Cl)Cl,-29.0
7225379,ClC(Cl)C(Cl)(Cl)Cl,-29.0
7225381,ClC(Cl)C(Cl)(Cl)Cl,-29.0
7225382,ClC(Cl)C(Cl)(Cl)Cl,-29.0
7225383,ClC(Cl)C(Cl)(Cl)Cl,-29.0
7221871,Clc1nc(Cl)c(Cl)c(Cl)c1Cl,125.0
7221873,Clc1nc(Cl)c(Cl)c(Cl)c1Cl,125.0
7221872,Clc1nc(Cl)c(Cl)c(Cl)c1Cl,125.0
7221874,Clc1nc(Cl)c(Cl)c(Cl)c1Cl,125.0
7221875,Clc1nc(Cl)c(Cl)c(Cl)c1Cl,125.0
1557661,O=C(O)CCCCCCCCCCCCCC(=O)O,114.0
7050155,CCCCCCCCCCCCCCC(=O)O,53.0
1557299,OCC(CO)(CO)CO,262.0
2100483,OCC(CO)(CO)CO,262.0
2101361,OCC(CO)(CO)CO,262.0
2200234,N#Cc1c(F)c(F)c(F)c(F)c1F,2.0
7100700,Oc1c(F)c(F)c(F)c(F)c1F,34.0
7100701,Oc1c(F)c(F)c(F)c(F)c1F,34.0
7202685,Oc1c(F)c(F)c(F)c(F)c1F,34.0
7202686,Oc1c(F)c(F)c(F)c(F)c1F,34.0
7032578,c1ccc(C2=C(c3ccccc3)C(c3ccccc3)C(c3ccccc3)=C2c2ccccc2)cc1,256.0
4104316,c1cc2cccc3c4cccc5cccc(c(c1)c23)c54,278.0
7235697,c1ccc2c(c1)ccc1ccccc12,99.0
9011267,c1ccc2c(c1)ccc1ccccc12,99.0
2000328,c1ccc2nc3ccccc3nc2c1,176.0
2012602,c1ccc2nc3ccccc3nc2c1,176.0
4506730,c1ccc2nc3ccccc3nc2c1,176.0
2103472,Oc1ccccc1,42.0
2007144,O=C1OC(c2ccc(O)cc2)(c2ccc(O)cc2)c2ccccc21,260.0
5000047,O=C1OC(c2ccc(O)cc2)(c2ccc(O)cc2)c2ccccc21,260.0
7237872,c1ccc2c(c1)Nc1ccccc1S2,184.0
7237871,c1ccc2c(c1)Nc1ccccc1S2,184.0
7237874,c1ccc2c(c1)Nc1ccccc1S2,184.0
2010427,O=C(Oc1ccccc1)c1ccccc1,69.0
7129419,O=C(Oc1ccccc1)c1ccccc1,69.0
7246960,S=C=Nc1ccccc1,-21.0
7232859,O=C(Oc1ccccc1)c1cccnc1,72.0
7062230,Cc1ccc(S(=O)(=O)c2ccccc2)cc1,127.0
7159885,Cc1ccc(S(=O)(=O)c2ccccc2)cc1,127.0
2007611,C=CS(=O)(=O)c1ccccc1,69.0
7238225,N#CCc1ccccc1,-24.0
4110043,C#Cc1ccccc1,-45.0
4110045,C#Cc1ccccc1,-45.0
4110046,C#Cc1ccccc1,-45.0
4110044,C#Cc1ccccc1,-45.0
4110047,C#Cc1ccccc1,-45.0
2011306,O=C(O)C(=O)c1ccccc1,65.0
2011250,O=[PH](O)c1ccccc1,84.0
2219495,Oc1cc(O)cc(O)c1,218.0
7027033,O=C1OCc2ccccc21,74.0
2000630,O=C1NC(=O)c2ccccc21,234.0
2012460,O=C1NC(=O)c2ccccc21,234.0
7151659,O=C1NC(=O)c2ccccc21,234.0
1557861,N#Cc1ccccc1C#N,140.0
2003687,N#Cc1ccccc1C#N,140.0
7230844,N#Cc1ccccc1C#N,140.0
7230845,N#Cc1ccccc1C#N,140.0
7230847,N#Cc1ccccc1C#N,140.0
4116144,O=C(O)CCCCCC(=O)O,104.0
4116153,O=C(O)CCCCCC(=O)O,104.0
4116154,O=C(O)CCCCCC(=O)O,104.0
4508015,O=C(O)CCCCCC(=O)O,104.0
4508017,O=C(O)CCCCCC(=O)O,104.0
4508018,O=C(O)CCCCCC(=O)O,104.0
4508016,O=C(O)CCCCCC(=O)O,104.0
4508019,O=C(O)CCCCCC(=O)O,104.0
4508020,O=C(O)CCCCCC(=O)O,104.0
2100340,CC(C)(O)C(C)(C)O,44.0
2100341,CC(C)(O)C(C)(C)O,44.0
4513829,CC(=O)C(C)(C)C,-53.0
4513830,CC(=O)C(C)(C)C,-53.0
4513831,CC(=O)C(C)(C)C,-53.0
4513832,CC(=O)C(C)(C)C,-53.0
4513833,CC(=O)C(C)(C)C,-53.0
4513834,CC(=O)C(C)(C)C,-53.0
4513835,CC(=O)C(C)(C)C,-53.0
4513836,CC(=O)C(C)(C)C,-53.0
2102303,C1CNCCN1,110.0
2102695,C1CNCCN1,110.0
2102305,C1CCNCC1,-11.0
4512853,O=C(/C=C/C=C/c1ccc2c(c1)OCO2)N1CCCCC1,131.0
4513135,O=C(/C=C/C=C/c1ccc2c(c1)OCO2)N1CCCCC1,131.0
2205991,O=Cc1ccc2c(c1)OCO2,36.0
2208920,O=C(O)c1ccc2c(c1)OCO2,233.0
2017552,Nc1ccc(N)cc1,140.0
1556544,CCC#N,-92.0
7157809,Cc1ccc(S(N)(=O)=O)cc1,138.0
7209773,Cc1ccc(S(N)(=O)=O)cc1,138.0
7228672,Cc1ccc(S(N)(=O)=O)cc1,138.0
7130835,Cc1ccc(S(=O)(=O)Cl)cc1,69.0
4500433,Cc1ccc(C(=O)O)cc1,180.0
7204882,C#Cc1ccc(C)cc1,21.0
4516568,c1cnccn1,53.0
4516573,c1cnccn1,53.0
4516572,c1cnccn1,53.0
4516574,c1cnccn1,53.0
4516576,c1cnccn1,53.0
4516569,c1cnccn1,53.0
4516575,c1cnccn1,53.0
4516577,c1cnccn1,53.0
4516571,c1cnccn1,53.0
4516578,c1cnccn1,53.0
4516570,c1cnccn1,53.0
2100607,c1cc2ccc3cccc4ccc(c1)c2c34,150.0
2100608,c1cc2ccc3cccc4ccc(c1)c2c34,150.0
4513628,c1cc2ccc3cccc4ccc(c1)c2c34,150.0
7212505,c1ccnnc1,-8.0
7212506,c1ccnnc1,-8.0
1556893,c1ccncc1,-42.0
1556894,c1ccncc1,-42.0
4512702,c1ccncc1,-42.0
7160412,c1ccncc1,-42.0
7214363,NC(=O)c1ccccn1,106.0
7214680,NC(=O)c1ccccn1,106.0
7214681,NC(=O)c1ccccn1,106.0
7214683,NC(=O)c1ccccn1,106.0
4510572,NC(=S)c1ccccn1,123.0
4516342,c1cncnc1,21.0
4516344,c1cncnc1,21.0
4516343,c1cncnc1,21.0
4516345,c1cncnc1,21.0
4516347,c1cncnc1,21.0
4516346,c1cncnc1,21.0
4516348,c1cncnc1,21.0
4516350,c1cncnc1,21.0
4516349,c1cncnc1,21.0
4516352,c1cncnc1,21.0
4516351,c1cncnc1,21.0
4516353,c1cncnc1,21.0
4516356,c1cncnc1,21.0
4516354,c1cncnc1,21.0
4516355,c1cncnc1,21.0
4516357,c1cncnc1,21.0
4516358,c1cncnc1,21.0
4516359,c1cncnc1,21.0
4516360,c1cncnc1,21.0
4516363,c1cncnc1,21.0
4516361,c1cncnc1,21.0
4516362,c1cncnc1,21.0
4506453,Oc1cccc(O)c1O,133.0
4508226,Oc1cccc(O)c1O,133.0
4508227,Oc1cccc(O)c1O,133.0
2016797,C1CCNC1,-63.0
4513596,C1CCNC1,-63.0
4513593,C1CCNC1,-63.0
4513595,C1CCNC1,-63.0
4513594,C1CCNC1,-63.0
7206439,C1CCNC1,-63.0
7206440,C1CCNC1,-63.0
7206441,C1CCNC1,-63.0
2242954,CC(=O)C(=O)O,11.0
7124499,c1ccc2ncncc2c1,47.0
2200768,c1ccc2ncccc2c1,-15.0
2227495,N#Cc1ccc2ccccc2n1,95.0
2231888,O=Cc1ccc2ccccc2n1,68.0
2007936,O=C(O)c1ccnc2ccccc12,254.0
2227401,c1ccc2nccnc2c1,30.0
7050194,O=C(O)COc1cccc(OCC(=O)O)c1,194.0
2212639,O=C1CSC(=S)N1,169.0
1516682,c1ccc(-c2c3ccccc3c(-c3ccccc3)c3c(-c4ccccc4)c4ccccc4c(-c4ccccc4)c23)cc1,333.0
1516683,c1ccc(-c2c3ccccc3c(-c3ccccc3)c3c(-c4ccccc4)c4ccccc4c(-c4ccccc4)c23)cc1,333.0
1516684,c1ccc(-c2c3ccccc3c(-c3ccccc3)c3c(-c4ccccc4)c4ccccc4c(-c4ccccc4)c23)cc1,333.0
1516685,c1ccc(-c2c3ccccc3c(-c3ccccc3)c3c(-c4ccccc4)c4ccccc4c(-c4ccccc4)c23)cc1,333.0
1516686,c1ccc(-c2c3ccccc3c(-c3ccccc3)c3c(-c4ccccc4)c4ccccc4c(-c4ccccc4)c23)cc1,333.0
1516687,c1ccc(-c2c3ccccc3c(-c3ccccc3)c3c(-c4ccccc4)c4ccccc4c(-c4ccccc4)c23)cc1,333.0
1516688,c1ccc(-c2c3ccccc3c(-c3ccccc3)c3c(-c4ccccc4)c4ccccc4c(-c4ccccc4)c23)cc1,333.0
1516689,c1ccc(-c2c3ccccc3c(-c3ccccc3)c3c(-c4ccccc4)c4ccccc4c(-c4ccccc4)c23)cc1,333.0
1556806,c1ccc(-c2c3ccccc3c(-c3ccccc3)c3c(-c4ccccc4)c4ccccc4c(-c4ccccc4)c23)cc1,333.0
1556807,c1ccc(-c2c3ccccc3c(-c3ccccc3)c3c(-c4ccccc4)c4ccccc4c(-c4ccccc4)c23)cc1,333.0
2100410,c1ccc(-c2c3ccccc3c(-c3ccccc3)c3c(-c4ccccc4)c4ccccc4c(-c4ccccc4)c23)cc1,333.0
2100411,c1ccc(-c2c3ccccc3c(-c3ccccc3)c3c(-c4ccccc4)c4ccccc4c(-c4ccccc4)c23)cc1,333.0
2100413,c1ccc(-c2c3ccccc3c(-c3ccccc3)c3c(-c4ccccc4)c4ccccc4c(-c4ccccc4)c23)cc1,333.0
2100412,c1ccc(-c2c3ccccc3c(-c3ccccc3)c3c(-c4ccccc4)c4ccccc4c(-c4ccccc4)c23)cc1,333.0
2100414,c1ccc(-c2c3ccccc3c(-c3ccccc3)c3c(-c4ccccc4)c4ccccc4c(-c4ccccc4)c23)cc1,333.0
2100415,c1ccc(-c2c3ccccc3c(-c3ccccc3)c3c(-c4ccccc4)c4ccccc4c(-c4ccccc4)c23)cc1,333.0
2100417,c1ccc(-c2c3ccccc3c(-c3ccccc3)c3c(-c4ccccc4)c4ccccc4c(-c4ccccc4)c23)cc1,333.0
2100416,c1ccc(-c2c3ccccc3c(-c3ccccc3)c3c(-c4ccccc4)c4ccccc4c(-c4ccccc4)c23)cc1,333.0
2300670,c1ccc(-c2c3ccccc3c(-c3ccccc3)c3c(-c4ccccc4)c4ccccc4c(-c4ccccc4)c23)cc1,333.0
2312005,c1ccc(-c2c3ccccc3c(-c3ccccc3)c3c(-c4ccccc4)c4ccccc4c(-c4ccccc4)c23)cc1,333.0
2312006,c1ccc(-c2c3ccccc3c(-c3ccccc3)c3c(-c4ccccc4)c4ccccc4c(-c4ccccc4)c23)cc1,333.0
2312007,c1ccc(-c2c3ccccc3c(-c3ccccc3)c3c(-c4ccccc4)c4ccccc4c(-c4ccccc4)c23)cc1,333.0
2312008,c1ccc(-c2c3ccccc3c(-c3ccccc3)c3c(-c4ccccc4)c4ccccc4c(-c4ccccc4)c23)cc1,333.0
2312009,c1ccc(-c2c3ccccc3c(-c3ccccc3)c3c(-c4ccccc4)c4ccccc4c(-c4ccccc4)c23)cc1,333.0
2312010,c1ccc(-c2c3ccccc3c(-c3ccccc3)c3c(-c4ccccc4)c4ccccc4c(-c4ccccc4)c23)cc1,333.0
7211770,c1ccc(-c2c3ccccc3c(-c3ccccc3)c3c(-c4ccccc4)c4ccccc4c(-c4ccccc4)c23)cc1,333.0
7211771,c1ccc(-c2c3ccccc3c(-c3ccccc3)c3c(-c4ccccc4)c4ccccc4c(-c4ccccc4)c23)cc1,333.0
2018250,O=Cc1ccccc1O,-7.0
2224125,N/N=C/c1ccccc1O,97.0
2210123,O/N=C/c1ccccc1O,57.0
7102312,O/N=C/c1ccccc1O,57.0
7113171,O/N=C/c1ccccc1O,57.0
7212169,NC(=O)c1ccccc1O,140.0
7212170,NC(=O)c1ccccc1O,140.0
7212171,NC(=O)c1ccccc1O,140.0
7212172,NC(=O)c1ccccc1O,140.0
7212174,NC(=O)c1ccccc1O,140.0
2022076,O=C(O)c1ccccc1O,159.0
2100548,O=C(O)c1ccccc1O,159.0
7208274,O=C(O)c1ccccc1O,159.0
4503915,Oc1ccccc1C=Nc1ccccc1,50.0
2200094,O=C(O)CCCCCCCCC(=O)O,133.0
4116147,O=C(O)CCCCCCCCC(=O)O,133.0
4508035,O=C(O)CCCCCCCCC(=O)O,133.0
4508034,O=C(O)CCCCCCCCC(=O)O,133.0
4508033,O=C(O)CCCCCCCCC(=O)O,133.0
4508036,O=C(O)CCCCCCCCC(=O)O,133.0
4508037,O=C(O)CCCCCCCCC(=O)O,133.0
4508038,O=C(O)CCCCCCCCC(=O)O,133.0
5900040,O=C(O)CCCCCCCCC(=O)O,133.0
2010114,C/C=C/C=C/C(=O)O,134.0
2009481,CCCCCCCCCCCCCCCCCC(=O)O,71.0
2200630,C=Cc1ccccc1,-31.0
2200727,C=Cc1ccccc1,-31.0
2101219,O=C(O)CCCCCCC(=O)O,143.0
2101220,O=C(O)CCCCCCC(=O)O,143.0
2101221,O=C(O)CCCCCCC(=O)O,143.0
4116145,O=C(O)CCCCCCC(=O)O,143.0
4116155,O=C(O)CCCCCCC(=O)O,143.0
4508021,O=C(O)CCCCCCC(=O)O,143.0
4508022,O=C(O)CCCCCCC(=O)O,143.0
4508023,O=C(O)CCCCCCC(=O)O,143.0
4508024,O=C(O)CCCCCCC(=O)O,143.0
4508026,O=C(O)CCCCCCC(=O)O,143.0
4508025,O=C(O)CCCCCCC(=O)O,143.0
4511617,NC(=O)CCC(=O)O,155.0
4116141,O=C(O)CCC(=O)O,187.0
4116150,O=C(O)CCC(=O)O,187.0
4507998,O=C(O)CCC(=O)O,187.0
4507999,O=C(O)CCC(=O)O,187.0
4508001,O=C(O)CCC(=O)O,187.0
4508002,O=C(O)CCC(=O)O,187.0
4508000,O=C(O)CCC(=O)O,187.0
4508003,O=C(O)CCC(=O)O,187.0
7230808,O=C(O)CCC(=O)O,187.0
2236720,O=C1CCC(=O)N1,124.0
2300264,OC[C@H]1O[C@@](CO)(O[C@H]2O[C@H](CO)[C@@H](O)[C@H](O)[C@H]2O)[C@@H](O)[C@@H]1O,188.0
2300557,OC[C@H]1O[C@@](CO)(O[C@H]2O[C@H](CO)[C@@H](O)[C@H](O)[C@H]2O)[C@@H](O)[C@@H]1O,188.0
3500015,OC[C@H]1O[C@@](CO)(O[C@H]2O[C@H](CO)[C@@H](O)[C@H](O)[C@H]2O)[C@@H](O)[C@@H]1O,188.0
7153120,OC[C@H]1O[C@@](CO)(O[C@H]2O[C@H](CO)[C@@H](O)[C@H](O)[C@H]2O)[C@@H](O)[C@@H]1O,188.0
1519279,Nc1ccc(S(=O)(=O)Nc2ncccn2)cc1,255.0
2010446,Nc1ccc(S(=O)(=O)Nc2ncccn2)cc1,255.0
1547408,Cc1ccnc(NS(=O)(=O)c2ccc(N)cc2)n1,236.0
1547409,Cc1ccnc(NS(=O)(=O)c2ccc(N)cc2)n1,236.0
1547410,Cc1ccnc(NS(=O)(=O)c2ccc(N)cc2)n1,236.0
1547411,Cc1ccnc(NS(=O)(=O)c2ccc(N)cc2)n1,236.0
1547412,Cc1ccnc(NS(=O)(=O)c2ccc(N)cc2)n1,236.0
1547413,Cc1ccnc(NS(=O)(=O)c2ccc(N)cc2)n1,236.0
1547414,Cc1ccnc(NS(=O)(=O)c2ccc(N)cc2)n1,236.0
1547415,Cc1ccnc(NS(=O)(=O)c2ccc(N)cc2)n1,236.0
1547416,Cc1ccnc(NS(=O)(=O)c2ccc(N)cc2)n1,236.0
1547417,Cc1ccnc(NS(=O)(=O)c2ccc(N)cc2)n1,236.0
1547418,Cc1ccnc(NS(=O)(=O)c2ccc(N)cc2)n1,236.0
1547419,Cc1ccnc(NS(=O)(=O)c2ccc(N)cc2)n1,236.0
1547420,Cc1ccnc(NS(=O)(=O)c2ccc(N)cc2)n1,236.0
1547421,Cc1ccnc(NS(=O)(=O)c2ccc(N)cc2)n1,236.0
1547422,Cc1ccnc(NS(=O)(=O)c2ccc(N)cc2)n1,236.0
1547423,Cc1ccnc(NS(=O)(=O)c2ccc(N)cc2)n1,236.0
1547424,Cc1ccnc(NS(=O)(=O)c2ccc(N)cc2)n1,236.0
1547425,Cc1ccnc(NS(=O)(=O)c2ccc(N)cc2)n1,236.0
1547426,Cc1ccnc(NS(=O)(=O)c2ccc(N)cc2)n1,236.0
1547427,Cc1ccnc(NS(=O)(=O)c2ccc(N)cc2)n1,236.0
1547428,Cc1ccnc(NS(=O)(=O)c2ccc(N)cc2)n1,236.0
1547429,Cc1ccnc(NS(=O)(=O)c2ccc(N)cc2)n1,236.0
1547430,Cc1ccnc(NS(=O)(=O)c2ccc(N)cc2)n1,236.0
1547431,Cc1ccnc(NS(=O)(=O)c2ccc(N)cc2)n1,236.0
1547432,Cc1ccnc(NS(=O)(=O)c2ccc(N)cc2)n1,236.0
1547433,Cc1ccnc(NS(=O)(=O)c2ccc(N)cc2)n1,236.0
1547434,Cc1ccnc(NS(=O)(=O)c2ccc(N)cc2)n1,236.0
1547435,Cc1ccnc(NS(=O)(=O)c2ccc(N)cc2)n1,236.0
1547436,Cc1ccnc(NS(=O)(=O)c2ccc(N)cc2)n1,236.0
1547437,Cc1ccnc(NS(=O)(=O)c2ccc(N)cc2)n1,236.0
1547438,Cc1ccnc(NS(=O)(=O)c2ccc(N)cc2)n1,236.0
1547439,Cc1ccnc(NS(=O)(=O)c2ccc(N)cc2)n1,236.0
1547440,Cc1ccnc(NS(=O)(=O)c2ccc(N)cc2)n1,236.0
1547441,Cc1ccnc(NS(=O)(=O)c2ccc(N)cc2)n1,236.0
1547442,Cc1ccnc(NS(=O)(=O)c2ccc(N)cc2)n1,236.0
1547443,Cc1ccnc(NS(=O)(=O)c2ccc(N)cc2)n1,236.0
1547444,Cc1ccnc(NS(=O)(=O)c2ccc(N)cc2)n1,236.0
1547445,Cc1ccnc(NS(=O)(=O)c2ccc(N)cc2)n1,236.0
1547446,Cc1ccnc(NS(=O)(=O)c2ccc(N)cc2)n1,236.0
1547447,Cc1ccnc(NS(=O)(=O)c2ccc(N)cc2)n1,236.0
1547448,Cc1ccnc(NS(=O)(=O)c2ccc(N)cc2)n1,236.0
1547449,Cc1ccnc(NS(=O)(=O)c2ccc(N)cc2)n1,236.0
1547450,Cc1ccnc(NS(=O)(=O)c2ccc(N)cc2)n1,236.0
1547451,Cc1ccnc(NS(=O)(=O)c2ccc(N)cc2)n1,236.0
1547452,Cc1ccnc(NS(=O)(=O)c2ccc(N)cc2)n1,236.0
2100787,Cc1ccnc(NS(=O)(=O)c2ccc(N)cc2)n1,236.0
2209208,Cc1ccnc(NS(=O)(=O)c2ccc(N)cc2)n1,236.0
2310829,NS(N)(=O)=O,92.0
1519191,Nc1ccc(S(N)(=O)=O)cc1,166.0
1519207,Nc1ccc(S(N)(=O)=O)cc1,166.0
1519208,Nc1ccc(S(N)(=O)=O)cc1,166.0
1519216,Nc1ccc(S(N)(=O)=O)cc1,166.0
1519228,Nc1ccc(S(N)(=O)=O)cc1,166.0
2016567,Nc1ccc(S(N)(=O)=O)cc1,166.0
2203981,COc1cc(C=O)cc(OC)c1O,112.0
2207152,COc1cc(C=O)cc(OC)c1O,112.0
2218899,O=Cc1ccc(C=O)cc1,116.0
1557736,N#Cc1ccc(C#N)cc1,226.0
1557860,N#Cc1ccc(C#N)cc1,226.0
2100564,CC(C)(C)O,25.0
2100565,CC(C)(C)O,25.0
2100563,CC(C)(C)O,25.0
2100566,CC(C)(C)O,25.0
2100567,CC(C)(C)O,25.0
2100568,CC(C)(C)O,25.0
2006725,CC(C)(C)OC(N)=O,108.0
2104943,CCOC(C)(C)C,-94.0
2105534,Oc1c(Br)c(Br)c(O)c(Br)c1Br,244.0
2102927,Brc1sc(Br)c(Br)c1Br,115.0
2102928,Brc1sc(Br)c(Br)c1Br,115.0
2102929,Brc1sc(Br)c(Br)c1Br,115.0
2102931,Brc1sc(Br)c(Br)c1Br,115.0
2102932,Brc1sc(Br)c(Br)c1Br,115.0
2102933,Brc1sc(Br)c(Br)c1Br,115.0
2102934,Brc1sc(Br)c(Br)c1Br,115.0
7050154,CCCCCCCCCCCCCC(=O)O,55.0
1506822,N#Cc1c(F)c(F)c(F)c(C#N)c1F,77.0
2000475,N#Cc1c(F)c(F)c(F)c(C#N)c1F,77.0
2104690,C[Si](C)(C)C,-100.0
4503063,C[Si](C)(C)C,-100.0
2005729,CN(C)C(=O)N(C)C,-1.0
1515993,O=C1C(c2ccccc2)=C(c2ccccc2)C(c2ccccc2)=C1c1ccccc1,218.0
1553440,O=C1C(c2ccccc2)=C(c2ccccc2)C(c2ccccc2)=C1c1ccccc1,218.0
1513769,c1ccc(C(=C(c2ccccc2)c2ccccc2)c2ccccc2)cc1,224.0
1547193,c1ccc(C(=C(c2ccccc2)c2ccccc2)c2ccccc2)cc1,224.0
1554228,c1ccc(C(=C(c2ccccc2)c2ccccc2)c2ccccc2)cc1,224.0
4321582,c1ccc(C(=C(c2ccccc2)c2ccccc2)c2ccccc2)cc1,224.0
7005529,c1ccc(C(=C(c2ccccc2)c2ccccc2)c2ccccc2)cc1,224.0
7115713,c1ccc(C(=C(c2ccccc2)c2ccccc2)c2ccccc2)cc1,224.0
1553413,c1ccc(-c2sc(-c3ccccc3)c(-c3ccccc3)c2-c2ccccc2)cc1,182.0
2015484,C1=CSC(=C2SC=CS2)S1,118.0
2015485,C1=CSC(=C2SC=CS2)S1,118.0
2015486,C1=CSC(=C2SC=CS2)S1,118.0
7202468,C1=CSC(=C2SC=CS2)S1,118.0
2007943,Cn1cnc2c1c(=O)[nH]c(=O)n2C,348.0
8101921,Cn1c(=O)c2c(ncn2CC(=O)O)n(C)c1=O,270.0
4084388,NC(=S)c1ccccc1,116.0
2104213,c1ccsc1,-38.0
7239749,NNC(=O)c1cccs1,139.0
7117753,Sc1ccccc1,-15.0
3000152,NC(N)=S,177.0
3000154,NC(N)=S,177.0
3000155,NC(N)=S,177.0
3000153,NC(N)=S,177.0
3000156,NC(N)=S,177.0
3000157,NC(N)=S,177.0
3000158,NC(N)=S,177.0
3000159,NC(N)=S,177.0
3000160,NC(N)=S,177.0
3000162,NC(N)=S,177.0
3000161,NC(N)=S,177.0
2022066,Cc1cn([C@H]2C[C@H](O)[C@@H](CO)O2)c(=O)[nH]c1=O,188.0
2104143,Cc1cn([C@H]2C[C@H](O)[C@@H](CO)O2)c(=O)[nH]c1=O,188.0
1518688,Cc1c[nH]c(=O)[nH]c1=O,317.0
2300451,CCCCNC(=O)NS(=O)(=O)c1ccc(C)cc1,129.0
2300452,CCCCNC(=O)NS(=O)(=O)c1ccc(C)cc1,129.0
2300453,CCCCNC(=O)NS(=O)(=O)c1ccc(C)cc1,129.0
7205115,CCCCNC(=O)NS(=O)(=O)c1ccc(C)cc1,129.0
7205117,CCCCNC(=O)NS(=O)(=O)c1ccc(C)cc1,129.0
7225536,CCCCNC(=O)NS(=O)(=O)c1ccc(C)cc1,129.0
7225537,CCCCNC(=O)NS(=O)(=O)c1ccc(C)cc1,129.0
7225539,CCCCNC(=O)NS(=O)(=O)c1ccc(C)cc1,129.0
7225538,CCCCNC(=O)NS(=O)(=O)c1ccc(C)cc1,129.0
7225535,CCCCNC(=O)NS(=O)(=O)c1ccc(C)cc1,129.0
7238224,Cc1ccccc1,-93.0
2240652,CCC/C=C/C(=O)O,33.0
7204469,COc1ccccc1/C=C/C(=O)O,185.0
2240611,CC/C=C/C(=O)O,9.0
4506994,COc1cc(/C=C/C(=O)O)ccc1O,173.0
2210917,COc1ccc(/C=C/C(=O)O)cc1,173.0
2019769,O=C(/C=C/c1ccccc1)c1ccccc1,56.0
8101997,O=C(/C=C/c1ccccc1)c1ccccc1,56.0
2018251,O=C/C=C/c1ccccc1,-8.0
1516347,O=C(O)/C=C/c1ccccc1,135.0
2104350,O=C(O)/C=C/c1ccccc1,135.0
4505188,O=C(O)/C=C/c1ccccc1,135.0
4112339,C(=C/c1ccccc1)\c1ccccc1,124.0
4112341,C(=C/c1ccccc1)\c1ccccc1,124.0
4112340,C(=C/c1ccccc1)\c1ccccc1,124.0
4112342,C(=C/c1ccccc1)\c1ccccc1,124.0
4112343,C(=C/c1ccccc1)\c1ccccc1,124.0
4115754,C(=C/c1ccccc1)\c1ccccc1,124.0
4115753,C(=C/c1ccccc1)\c1ccccc1,124.0
4115756,C(=C/c1ccccc1)\c1ccccc1,124.0
4115755,C(=C/c1ccccc1)\c1ccccc1,124.0
7014142,c1coc(P(c2ccco2)c2ccco2)c1,62.0
2219381,Cc1ccc(P(c2ccc(C)cc2)c2ccc(C)cc2)cc1,145.0
2019017,c1ccc(CP(Cc2ccccc2)Cc2ccccc2)cc1,96.0
2201821,O=C(O)C(Br)(Br)Br,132.0
1010777,FC(Br)(Br)Br,-74.0
2201886,O=C(O)C(Cl)(Cl)Cl,56.0
7206207,N#CC(Cl)(Cl)Cl,-44.0
4021652,O=C(Cl)OC(Cl)(Cl)Cl,-57.0
2100579,CCOC(=O)c1cc(C(=O)OCC)cc(C(=O)OCC)c1,134.0
2202218,CCOC(=O)c1cc(C(=O)OCC)cc(C(=O)OCC)c1,134.0
2003553,CCCCP(CCCC)CCCC,-65.0
7018007,CCCCP(=O)(CCCC)CCCC,67.0
2019883,CCCCCCCCP(=O)(CCCCCCCC)CCCCCCCC,55.0
2300102,c1ccc(OP(Oc2ccccc2)Oc2ccccc2)cc1,23.0
7216120,c1ccc(OP(Oc2ccccc2)Oc2ccccc2)cc1,23.0
1563956,N#CC(=C(c1ccccc1)c1ccccc1)c1ccccc1,166.0
2004366,c1ccc(C(c2ccccc2)c2ccccc2)cc1,93.0
2007788,c1ccc(P(c2ccccc2)c2ccccc2)cc1,80.0
2010658,c1ccc(P(c2ccccc2)c2ccccc2)cc1,80.0
2010659,S=P(c1ccccc1)(c1ccccc1)c1ccccc1,161.0
2222258,COc1ccccc1P(c1ccccc1OC)c1ccccc1OC,200.0
2005402,Clc1ccc(P(c2ccc(Cl)cc2)c2ccc(Cl)cc2)cc1,103.0
2005403,Fc1ccc(P(c2ccc(F)cc2)c2ccc(F)cc2)cc1,80.0
2006075,NC(CO)(CO)CO,172.0
2003554,CC(C)(C)P(C(C)(C)C)C(C)(C)C,30.0
2009778,NC(c1ccccc1)(c1ccccc1)c1ccccc1,102.0
8102126,CN1[C@@H]2CC[C@H]1CC(=O)C2,42.0
7050151,CCCCCCCCCCC(=O)O,28.0
1008775,NC(N)=O,134.0
1008776,NC(N)=O,134.0
1008785,NC(N)=O,134.0
1008786,NC(N)=O,134.0
1008787,NC(N)=O,134.0
1544223,NC(N)=O,134.0
1544224,NC(N)=O,134.0
1544225,NC(N)=O,134.0
1544226,NC(N)=O,134.0
1566501,NC(N)=O,134.0
1566502,NC(N)=O,134.0
1566503,NC(N)=O,134.0
1566504,NC(N)=O,134.0
1566505,NC(N)=O,134.0
1566506,NC(N)=O,134.0
1566507,NC(N)=O,134.0
1566508,NC(N)=O,134.0
1566509,NC(N)=O,134.0
1566510,NC(N)=O,134.0
1566511,NC(N)=O,134.0
1566512,NC(N)=O,134.0
1566513,NC(N)=O,134.0
1566514,NC(N)=O,134.0
1566515,NC(N)=O,134.0
1566516,NC(N)=O,134.0
1566517,NC(N)=O,134.0
1566518,NC(N)=O,134.0
1566519,NC(N)=O,134.0
1566520,NC(N)=O,134.0
2003112,NC(N)=O,134.0
2019369,NC(N)=O,134.0
2022025,NC(N)=O,134.0
2311086,NC(N)=O,134.0
4318476,CCCCC(N)=O,103.0
2003578,COc1cc(C=O)ccc1O,82.0
4506731,COc1cc(C=O)ccc1O,82.0
7220499,COc1cc(C=O)ccc1O,82.0
7242089,COc1cc(C=O)ccc1O,82.0
7242090,COc1cc(C=O)ccc1O,82.0
1543619,COc1ccc(C=O)cc1OC,44.0
7155468,O=c1c2ccccc2oc2ccccc12,176.0
7218901,O=c1c2ccccc2oc2ccccc12,176.0
4507582,O=C(O)COC(=O)Cc1ccccc1Nc1c(Cl)cccc1Cl,149.0
4511958,CC(=O)Nc1ccc(S(=O)(=O)c2ccc(NC(C)=O)cc2)cc1,289.0
4511959,CC(=O)Nc1ccc(S(=O)(=O)c2ccc(NC(C)=O)cc2)cc1,289.0
7209087,COc1ccc2c(c1)c(CC(=O)OCC(=O)O)c(C)n2C(=O)c1ccc(Cl)cc1,150.0
7209086,COc1ccc2c(c1)c(CC(=O)OCC(=O)O)c(C)n2C(=O)c1ccc(Cl)cc1,150.0
3500024,CC(=O)Nc1ccc(OC(=O)c2ccccc2O)cc1,187.0
2105164,Nc1nc2c(ncn2COCCO)c(=O)[nH]1,255.0
2006060,c1ccc(CN(CC2=NCCN2)c2ccccc2)cc1,120.0
4512911,O=C(CCCN1CCC(n2c(=O)[nH]c3ccccc32)CC1)c1ccc(F)cc1,170.0
4509257,CC(C)(Oc1ccc(CCNC(=O)c2ccc(Cl)cc2)cc1)C(=O)O,186.0
4509258,CC(C)(Oc1ccc(CCNC(=O)c2ccc(Cl)cc2)cc1)C(=O)O,186.0
4511819,CCCCOc1ccc(CC(=O)NO)cc1,153.0
2107460,NC(=O)N1c2ccccc2C=Cc2ccccc21,190.0
2108470,NC(=O)N1c2ccccc2C=Cc2ccccc21,190.0
2300327,NC(=O)N1c2ccccc2C=Cc2ccccc21,190.0
2300417,NC(=O)N1c2ccccc2C=Cc2ccccc21,190.0
2311081,NC(=O)N1c2ccccc2C=Cc2ccccc21,190.0
2311083,NC(=O)N1c2ccccc2C=Cc2ccccc21,190.0
2311085,NC(=O)N1c2ccccc2C=Cc2ccccc21,190.0
4509215,NC(=O)N1c2ccccc2C=Cc2ccccc21,190.0
4509217,NC(=O)N1c2ccccc2C=Cc2ccccc21,190.0
4509220,NC(=O)N1c2ccccc2C=Cc2ccccc21,190.0
4509221,NC(=O)N1c2ccccc2C=Cc2ccccc21,190.0
4509222,NC(=O)N1c2ccccc2C=Cc2ccccc21,190.0
4510732,NC(=O)N1c2ccccc2C=Cc2ccccc21,190.0
4510731,NC(=O)N1c2ccccc2C=Cc2ccccc21,190.0
4510733,NC(=O)N1c2ccccc2C=Cc2ccccc21,190.0
7106548,NC(=O)N1c2ccccc2C=Cc2ccccc21,190.0
7227180,NC(=O)N1c2ccccc2C=Cc2ccccc21,190.0
2010167,NC(=O)CN1Cc2ccccc2OC1=O,203.0
1557642,CCN(CC)CCCC(C)Nc1ccnc2cc(Cl)ccc12,87.0
4502705,O=C(O)c1cn(C2CC2)c2cc(N3CCNCC3)c(F)cc2c1=O,266.0
2007778,Clc1ccccc1C(c1ccccc1)(c1ccccc1)n1ccnc1,147.0
7126902,Clc1ccccc1C(c1ccccc1)(c1ccccc1)n1ccnc1,147.0
8103339,O=C(O)CSCC(=O)NC1CCSC1=O,156.0
2205758,NC(=O)OCC(COC(N)=O)c1ccccc1,151.0
2312368,CCOC(=O)C1=C(C)NC(C)=C(C(=O)OC)C1c1cccc(Cl)c1Cl,145.0
4506482,CCOC(=O)C1=C(C)NC(C)=C(C(=O)OC)C1c1cccc(Cl)c1Cl,145.0
4509173,CCOC(=O)C1=C(C)NC(C)=C(C(=O)OC)C1c1cccc(Cl)c1Cl,145.0
7126915,CCOC(=O)C1=C(C)NC(C)=C(C(=O)OC)C1c1cccc(Cl)c1Cl,145.0
2206229,Cc1ccc(C)c(OCCCC(C)(C)C(=O)O)c1,61.0
1545548,O=C(CCCN1CCC(O)(c2ccc(Cl)cc2)CC1)c1ccc(F)cc1,148.0
1550146,CC(C(=O)O)c1cccc(C(=O)c2ccccc2)c1,94.0
1547985,NC(=O)CS(=O)C(c1ccccc1)c1ccccc1,164.0
2203327,NC(=O)CS(=O)C(c1ccccc1)c1ccccc1,164.0
4507374,NC(=O)CS(=O)C(c1ccccc1)c1ccccc1,164.0
4508774,NC(=O)CS(=O)C(c1ccccc1)c1ccccc1,164.0
4501397,COc1ccc2cc(C(C)C(=O)O)ccc2c1,152.0
4504057,CN1C(C(=O)Nc2ccccn2)=C(O)c2ccccc2S1(=O)=O,198.0
4512652,CN1C(C(=O)Nc2ccccn2)=C(O)c2ccccc2S1(=O)=O,198.0
7119162,CN1C(C(=O)Nc2ccccn2)=C(O)c2ccccc2S1(=O)=O,198.0
7119163,CN1C(C(=O)Nc2ccccn2)=C(O)c2ccccc2S1(=O)=O,198.0
7219754,CN1C(C(=O)Nc2ccccn2)=C(O)c2ccccc2S1(=O)=O,198.0
7219755,CN1C(C(=O)Nc2ccccn2)=C(O)c2ccccc2S1(=O)=O,198.0
7224731,CN1C(C(=O)Nc2ccccn2)=C(O)c2ccccc2S1(=O)=O,198.0
7226401,CN1C(C(=O)Nc2ccccn2)=C(O)c2ccccc2S1(=O)=O,198.0
7226772,CN1C(C(=O)Nc2ccccn2)=C(O)c2ccccc2S1(=O)=O,198.0
7206419,C=C(Br)CC1(C(C)C)C(=O)NC(=O)NC1=O,177.0
2105817,NC(=O)c1cnccn1,189.0
2108999,NC(=O)c1cnccn1,189.0
2109000,NC(=O)c1cnccn1,189.0
2109001,NC(=O)c1cnccn1,189.0
2109002,NC(=O)c1cnccn1,189.0
2109003,NC(=O)c1cnccn1,189.0
2109004,NC(=O)c1cnccn1,189.0
2109005,NC(=O)c1cnccn1,189.0
2109006,NC(=O)c1cnccn1,189.0
4501762,NC(=O)c1cnccn1,189.0
4501764,NC(=O)c1cnccn1,189.0
4511295,NC(=O)c1cnccn1,189.0
2006182,Cn1c(=O)c2[nH]cnc2n(C)c1=O,270.0
2018307,Cn1c(=O)c2[nH]cnc2n(C)c1=O,270.0
2018308,Cn1c(=O)c2[nH]cnc2n(C)c1=O,270.0
2232996,Cn1c(=O)c2[nH]cnc2n(C)c1=O,270.0
4505532,Cn1c(=O)c2[nH]cnc2n(C)c1=O,270.0
4505533,Cn1c(=O)c2[nH]cnc2n(C)c1=O,270.0
7121265,Cn1c(=O)c2[nH]cnc2n(C)c1=O,270.0
7232823,Cn1c(=O)c2[nH]cnc2n(C)c1=O,270.0
7244972,Cn1c(=O)c2[nH]cnc2n(C)c1=O,270.0
4513446,COc1cc(C(=O)NS(=O)(=O)c2ccccc2C)ccc1Cc1cn(C)c2ccc(NC(=O)OC3CCCC3)cc12,138.0
2204380,Nc1nc2cc(Cl)ccc2o1,184.0
2004039,COc1ccc(CCN2CCC(Nc3nc4ccccc4n3Cc3ccc(F)cc3)CC2)cc1,149.0
2212333,Cn1c(=O)c2c(ncn2CC2OCCO2)n(C)c1=O,144.0
2208198,O=Cc1cccc2c1CCOC2=O,140.0
1551786,CCC(=O)N(c1ccccc1)C1CCN(CCc2ccccc2)CC1,83.0
2004773,CC(C)Oc1ccc2c(=O)c(-c3ccccc3)coc2c1,115.0
7228127,O=C(O)c1nn(Cc2ccc(Cl)cc2Cl)c2ccccc12,207.0
2016981,CCC1(c2ccccc2)C(=O)NC(=O)N(C)C1=O,176.0
2205586,CCC1(c2ccccc2)C(=O)NC(=O)N(C)C1=O,176.0
4505829,COc1ccc2cc(CCC(C)=O)ccc2c1,80.0
4505830,COc1ccc2cc(CCC(C)=O)ccc2c1,80.0
7224759,O=C(O)CCc1nc(-c2ccccc2)c(-c2ccccc2)o1,161.0
2208280,CNS(=O)(=O)Cc1ccc2[nH]cc(CCN(C)C)c2c1,169.0
2021596,Cc1ccc(S(=O)(=O)NC(=O)NN2CCCCCC2)cc1,170.0
2021598,Cc1ccc(S(=O)(=O)NC(=O)NN2CCCCCC2)cc1,170.0
2021597,Cc1ccc(S(=O)(=O)NC(=O)NN2CCCCCC2)cc1,170.0
2021599,Cc1ccc(S(=O)(=O)NC(=O)NN2CCCCCC2)cc1,170.0
2021600,Cc1ccc(S(=O)(=O)NC(=O)NN2CCCCCC2)cc1,170.0
2021601,Cc1ccc(S(=O)(=O)NC(=O)NN2CCCCCC2)cc1,170.0
2021602,Cc1ccc(S(=O)(=O)NC(=O)NN2CCCCCC2)cc1,170.0
2021603,Cc1ccc(S(=O)(=O)NC(=O)NN2CCCCCC2)cc1,170.0
2021604,Cc1ccc(S(=O)(=O)NC(=O)NN2CCCCCC2)cc1,170.0
2021605,Cc1ccc(S(=O)(=O)NC(=O)NN2CCCCCC2)cc1,170.0
2021606,Cc1ccc(S(=O)(=O)NC(=O)NN2CCCCCC2)cc1,170.0
2021607,Cc1ccc(S(=O)(=O)NC(=O)NN2CCCCCC2)cc1,170.0
2021608,Cc1ccc(S(=O)(=O)NC(=O)NN2CCCCCC2)cc1,170.0
2021609,Cc1ccc(S(=O)(=O)NC(=O)NN2CCCCCC2)cc1,170.0
7228012,Cc1ccc(S(=O)(=O)NC(=O)NN2CCCCCC2)cc1,170.0
7228017,Cc1ccc(S(=O)(=O)NC(=O)NN2CCCCCC2)cc1,170.0
7228014,Cc1ccc(S(=O)(=O)NC(=O)NN2CCCCCC2)cc1,170.0
7228015,Cc1ccc(S(=O)(=O)NC(=O)NN2CCCCCC2)cc1,170.0
7228016,Cc1ccc(S(=O)(=O)NC(=O)NN2CCCCCC2)cc1,170.0
7228018,Cc1ccc(S(=O)(=O)NC(=O)NN2CCCCCC2)cc1,170.0
7228019,Cc1ccc(S(=O)(=O)NC(=O)NN2CCCCCC2)cc1,170.0
7228020,Cc1ccc(S(=O)(=O)NC(=O)NN2CCCCCC2)cc1,170.0
7228013,Cc1ccc(S(=O)(=O)NC(=O)NN2CCCCCC2)cc1,170.0
7228021,Cc1ccc(S(=O)(=O)NC(=O)NN2CCCCCC2)cc1,170.0
7228022,Cc1ccc(S(=O)(=O)NC(=O)NN2CCCCCC2)cc1,170.0
7228023,Cc1ccc(S(=O)(=O)NC(=O)NN2CCCCCC2)cc1,170.0
7228025,Cc1ccc(S(=O)(=O)NC(=O)NN2CCCCCC2)cc1,170.0
7228026,Cc1ccc(S(=O)(=O)NC(=O)NN2CCCCCC2)cc1,170.0
7228029,Cc1ccc(S(=O)(=O)NC(=O)NN2CCCCCC2)cc1,170.0
7228024,Cc1ccc(S(=O)(=O)NC(=O)NN2CCCCCC2)cc1,170.0
7228027,Cc1ccc(S(=O)(=O)NC(=O)NN2CCCCCC2)cc1,170.0
7228028,Cc1ccc(S(=O)(=O)NC(=O)NN2CCCCCC2)cc1,170.0
7229950,CC(c1cc2ccccc2s1)N(O)C(N)=O,157.0
4336649,CN(C)CCOC1=Cc2ccccc2Sc2ccc(Cl)cc21,90.0
2212018,BrCc1ccc(CBr)cc1,142.0
7107797,N#Cc1cc2ccccc2oc1=N,200.0
2216936,Cc1ccc(NC(=O)c2ccccc2)cc1,156.0
8101089,ON=Cc1ccc(Br)cc1,118.0
8101088,ON=Cc1ccc(Br)cc1,118.0
7229659,O=C1C=C(NCCc2ccccn2)C(=O)c2ccccc21,129.0
4029744,O=C1C=C(NCc2cccnc2)C(=O)c2ccccc21,209.0
7155439,c1ccc2c(c1)ccc1ccc3ccc4ccc5cccnc5c4c3c12,270.0
7206771,CC(=O)C(CC(=O)c1ccccc1)C(=O)c1ccccc1,90.0
2219883,COc1ccc(C2Cc3ccccc3C(=O)O2)cc1,108.0
7219596,c1ccc(N=Nc2ccccc2N=Nc2ccccc2)cc1,111.0
2210869,CCOC(=O)C1=C(C)NC(=S)NC1c1ccccc1,205.0
1543822,Cc1c(-c2ccccc2)n(C)c2ccccc12,69.0
2220216,CCOC(=O)c1c(SC)n[nH]c1N,143.0
4133894,COc1ccc(NC(=S)c2ccccc2)cc1,133.0
2229141,Cc1ccc(C=C2C(=O)OC(C)(C)OC2=O)o1,93.0
1544769,CCOC(=O)C1=C(C)NC(=O)NC1c1ccco1,206.0
2227361,CCOC(=O)C1=C(C)NC(=O)NC1c1ccco1,206.0
7205103,CCOC(=O)C1=C(C)NC(=O)NC1c1ccc(Cl)cc1,185.0
2232834,Cc1n[nH]c(C)c1Cc1ccccc1,119.0
2223482,CC1(C)OC(=O)C(=Cc2ccccc2F)C(=O)O1,142.0
2205065,O=C(C(=S)N1CCOCC1)c1ccccc1,75.0
7229351,O=C(C(=S)N1CCOCC1)c1ccccc1,75.0
2242105,CC1=Nc2ccccc2N=C(C)C1,194.0
7241487,CN(C)C(=S)Oc1ccc2ccccc2c1,90.0
2224206,O=C(O)c1cccc2c1CCCC2,149.0
2219257,CCOC(=O)C1=C(C)NC(=O)NC1c1ccccc1,180.0
1570308,OC1(C2(O)CCCCC2)CCCCC1,127.0
2222765,Cn1ncc2c(NN)ncnc21,257.0
2208515,c1cc2c3c(cccc3c1)-c1nccnc1-2,146.0
2244037,COc1ccc(NC(=O)c2ccccc2)cc1,153.0
2018584,CC1(C)OC(=O)CC1C(=O)O,176.0
2006810,O=C1CC(C(=O)O)c2ccccc21,116.0
2205617,Nc1ccccc1CCc1ccccc1N,33.0
2004215,Cc1cccc2c1C(=O)OC2=O,116.0
2007657,CC1(C)CC(C)(c2ccc(O)cc2)c2ccccc2O1,140.0
2018054,CC1(C)CC(C)(c2ccc(O)cc2)c2ccccc2O1,140.0
7105970,CC1(C)CC(C)(c2ccc(O)cc2)c2ccccc2O1,140.0
2105572,O=C1OC(Cl)c2ccccc21,60.0
2006495,O=C(O)c1cc2ccccc2c2ccccc12,253.0
2206396,O=C(c1ccccc1)N1CCN(C(=O)c2ccccc2)CC1,194.0
3500040,BrCc1c(CBr)c(CBr)c(CBr)c(CBr)c1CBr,292.0
2233180,CC1(C)OC(=O)c2ccccc21,70.0
2219679,O=C1CSC(=S)N1c1ccccc1,240.0
2002938,O=C1OC(=O)c2cc(Cl)c(Cl)cc21,186.0
1557194,c1ccc2cc(-c3ccc4ccccc4c3)ccc2c1,187.0
2219851,Cc1cccc(NC(=O)c2ccccc2)c1,125.0
1542934,CSC(=NC#N)SC,54.0
2209435,CCCC(=O)c1ccc(O)cc1,91.0
7120060,CC(=O)n1cc(C)c2ccccc21,65.0
2218118,CC1(C)CC(C)(c2ccccc2)c2ccccc21,50.0
2226488,O=C(NC1CCCCC1)c1ccccc1,145.0
2221340,CCOC(=O)C1=C(C)NC(C)=C(C(=O)OCC)C1c1ccccc1,157.0
2227559,Cc1cc2ccccc2cn1,63.0
8107539,O=C1c2ccccc2C(=O)c2cc3ccccc3cc21,291.0
2214901,Cc1ccc(OC(=O)c2ccccc2)cc1,70.0
2008766,c1ccc2c(-c3cccc4ccccc34)cccc2c1,154.0
3000132,c1ccc2c(-c3cccc4ccccc34)cccc2c1,154.0
3000133,c1ccc2c(-c3cccc4ccccc34)cccc2c1,154.0
3000135,c1ccc2c(-c3cccc4ccccc34)cccc2c1,154.0
3000134,c1ccc2c(-c3cccc4ccccc34)cccc2c1,154.0
3000136,c1ccc2c(-c3cccc4ccccc34)cccc2c1,154.0
3000137,c1ccc2c(-c3cccc4ccccc34)cccc2c1,154.0
3000138,c1ccc2c(-c3cccc4ccccc34)cccc2c1,154.0
3000139,c1ccc2c(-c3cccc4ccccc34)cccc2c1,154.0
3000140,c1ccc2c(-c3cccc4ccccc34)cccc2c1,154.0
3000141,c1ccc2c(-c3cccc4ccccc34)cccc2c1,154.0
3000142,c1ccc2c(-c3cccc4ccccc34)cccc2c1,154.0
3000143,c1ccc2c(-c3cccc4ccccc34)cccc2c1,154.0
3000146,c1ccc2c(-c3cccc4ccccc34)cccc2c1,154.0
3000144,c1ccc2c(-c3cccc4ccccc34)cccc2c1,154.0
3000145,c1ccc2c(-c3cccc4ccccc34)cccc2c1,154.0
3000147,c1ccc2c(-c3cccc4ccccc34)cccc2c1,154.0
3000148,c1ccc2c(-c3cccc4ccccc34)cccc2c1,154.0
3000149,c1ccc2c(-c3cccc4ccccc34)cccc2c1,154.0
3000150,c1ccc2c(-c3cccc4ccccc34)cccc2c1,154.0
3000151,c1ccc2c(-c3cccc4ccccc34)cccc2c1,154.0
2008717,c1ccc2c(c1)-c1ccccc1-2,115.0
9015081,c1ccc2c(c1)Cc1ccccc1-2,116.0
1511808,CCCC,-138.0
1511809,CCCC,-138.0
1511810,CCCC,-138.0
1511811,CCCC,-138.0
1511812,CCCC,-138.0
7214421,CCCCN,-49.0
1504348,CC(Cl)Cl,-97.0
1504349,CC(Cl)Cl,-97.0
1504350,CC(Cl)Cl,-97.0
1504351,CC(Cl)Cl,-97.0
2208058,C[C@H]1CC[C@H](C)CC1,-37.0
2102964,ClCBr,-88.0
2102965,ClCBr,-88.0
2102966,ClCBr,-88.0
2102967,ClCBr,-88.0
7103362,ClCC(Cl)Cl,-37.0
7103364,ClCC(Cl)Cl,-37.0
7103365,ClCC(Cl)Cl,-37.0
7103363,ClCC(Cl)Cl,-37.0
7103361,ClCC(Cl)Cl,-37.0
7205401,CC(Cl)(Cl)Cl,-30.0
7205400,CC(Cl)(Cl)Cl,-30.0
7205402,CC(Cl)(Cl)Cl,-30.0
7205403,CC(Cl)(Cl)Cl,-30.0
2013021,O=Cc1ccccc1C=O,56.0
2013022,O=Cc1cccc(C=O)c1,89.0
2013023,O=Cc1cccc(C=O)c1,89.0
2205191,O=C(CO)c1ccccc1,6.0
2213344,NC(=O)c1cccc(O)c1,170.0
2017140,C1CC[C@H]2CCCC[C@@H]2C1,-32.0
7053268,O=C(O)c1cc(O)ccc1O,205.0
7053269,O=C(O)c1cc(O)ccc1O,205.0
7053270,O=C(O)c1cc(O)ccc1O,205.0
7053271,O=C(O)c1cc(O)ccc1O,205.0
7053272,O=C(O)c1cc(O)ccc1O,205.0
7053273,O=C(O)c1cc(O)ccc1O,205.0
7053277,O=C(O)c1cc(O)ccc1O,205.0
7053278,O=C(O)c1cc(O)ccc1O,205.0
7053279,O=C(O)c1cc(O)ccc1O,205.0
2102782,O=C(O)c1ccc(O)cc1O,225.0
2102785,O=C(O)c1ccc(O)cc1O,225.0
4500158,O=C(O)c1ccc(O)cc1O,225.0
7053274,O=C(O)c1ccc(O)cc1O,225.0
7053276,O=C(O)c1ccc(O)cc1O,225.0
7053275,O=C(O)c1ccc(O)cc1O,225.0
2208558,CC(=O)c1ccc(C(C)=O)cc1,112.0
7212025,ClCC(Cl)(Cl)Cl,-70.0
7212026,ClCC(Cl)(Cl)Cl,-70.0
7212023,ClCC(Cl)(Cl)Cl,-70.0
7212022,ClCC(Cl)(Cl)Cl,-70.0
4512100,O=C(O)c1ccccc1C(=O)O,210.0
4130843,O=C(O)c1ccc(C(=O)O)cc1,300.0
4130844,O=C(O)c1ccc(C(=O)O)cc1,300.0
4130845,O=C(O)c1ccc(C(=O)O)cc1,300.0
2003310,O=C(O)Cc1cc(O)ccc1O,127.0
7208258,O=C(O)c1ccc(Cl)cc1O,210.0
1520231,CC(=O)Nc1ccc(C(=O)O)cc1,259.0
1520240,CC(=O)Nc1ccc(C(=O)O)cc1,259.0
4500429,CC(=O)Nc1ccc(C(=O)O)cc1,259.0
4500431,CC(=O)Nc1ccc(C(=O)O)cc1,259.0
8105642,COC(=O)c1ccc(C(=O)O)cc1,221.0
4112344,c1ccc(N=Nc2ccccc2)cc1,69.0
4112346,c1ccc(N=Nc2ccccc2)cc1,69.0
4112345,c1ccc(N=Nc2ccccc2)cc1,69.0
4112347,c1ccc(N=Nc2ccccc2)cc1,69.0
4112348,c1ccc(N=Nc2ccccc2)cc1,69.0
4112349,c1ccc(N=Nc2ccccc2)cc1,69.0
4112350,c1ccc(N=Nc2ccccc2)cc1,69.0
2005321,O=C(O)c1cccc(-c2ccccc2)c1,167.0
2005322,O=C(O)c1cccc(-c2ccccc2)c1,167.0
1520028,NC(=O)c1cccc(Br)c1,155.0
2013857,Clc1cccc2cc3ccccc3cc12,77.0
2108288,Clc1ccc(Cl)c(Cl)c1Cl,47.0
2108289,Clc1ccc(Cl)c(Cl)c1Cl,47.0
2108290,Clc1cc(Cl)c(Cl)c(Cl)c1,53.0
2108291,Clc1cc(Cl)c(Cl)c(Cl)c1,53.0
2201107,CCCCCCCCCCc1ccccc1,-14.0
7209814,O=C(O)/C=C/c1ccc(Br)cc1,262.0
7209815,O=C(O)/C=C/c1ccc(Br)cc1,262.0
1506380,O=C(O)c1ccc(I)cc1,273.0
1506381,O=C(O)c1ccc(I)cc1,273.0
1506382,O=C(O)c1ccc(I)cc1,273.0
1506383,O=C(O)c1ccc(I)cc1,273.0
1506384,O=C(O)c1ccc(I)cc1,273.0
1506385,O=C(O)c1ccc(I)cc1,273.0
1506386,O=C(O)c1ccc(I)cc1,273.0
7110465,[2H]C([2H])([2H])C(=O)C([2H])([2H])[2H],-93.0
4507481,C#C[C@]1(O)CC[C@H]2[C@@H]3CCc4cc(O)ccc4[C@H]3CC[C@@]21C,144.0
5000030,C[C@]12CC[C@H]3[C@@H](CCC4=CC(=O)CC[C@@]43C)[C@@H]1CC[C@@H]2O,155.0
2100464,CN[C@@H](C)[C@H](O)c1ccccc1,36.0
7209603,OC[C@H]1O[C@@H]2O[C@H]3[C@H](O)[C@@H](O)[C@@H](O[C@H]4[C@H](O)[C@@H](O)[C@@H](O[C@H]5[C@H](O)[C@@H](O)[C@@H](O[C@H]6[C@H](O)[C@@H](O)[C@@H](O[C@H]7[C@H](O)[C@@H](O)[C@@H](O[C@H]8[C@H](O)[C@@H](O)[C@@H](O[C@H]1[C@H](O)[C@H]2O)O[C@@H]8CO)O[C@@H]7CO)O[C@@H]6CO)O[C@@H]5CO)O[C@@H]4CO)O[C@@H]3CO,290.0
4104865,CC1=CC(=C(C#N)C#N)C=C(/C=C/c2ccc(N(C)C)cc2)O1,212.0
4121331,O=C(O)[C@H](O)c1ccccc1,132.0
2312805,OC[C@@H](O)[C@@H](O)CO,122.0
2013375,C=C(C)[C@@H]1CCC2=CC(=O)C[C@@H](C)[C@]2(C)C1,36.0
7245629,O=C1N[C@H]2[C@H](CS[C@H]2CCCCC(=O)ON2C(=O)CCC2=O)N1,212.0
2219903,CC(C)(OOC(C)(C)c1ccccc1)c1ccccc1,40.0
7126960,ClC1=C(Cl)C(Cl)(Cl)C(Cl)=C1Cl,-9.0
4116825,Fc1cc(F)c(F)c(F)c1F,-48.0
2212624,OC1Cc2cccc3cccc1c23,147.5
2205105,Nc1nc(N)nc(N)n1,345.0
4516261,Nc1nc(N)nc(N)n1,345.0
2217607,COc1c(Cl)cc(Cl)cc1Cl,61.0
3500033,O=C=Nc1ccc(N=C=O)cc1,94.0
2203730,O=C(CCCCC(=O)c1ccccc1)c1ccccc1,107.0
2019870,C[C@H](CS)C(=O)N1CCC[C@H]1C(=O)O,106.0
2206524,CC(C)Cn1cnc2c(N)nc3ccccc3c21,293.0
2203912,NC(=S)Nc1ccccc1,149.0
1513335,O=C1CCC(N2C(=O)c3ccccc3C2=O)C(=O)N1,270.0
1513336,O=C1CCC(N2C(=O)c3ccccc3C2=O)C(=O)N1,270.0
1518142,O=C1CCC(N2C(=O)c3ccccc3C2=O)C(=O)N1,270.0
7213545,O=C1CCC(N2C(=O)c3ccccc3C2=O)C(=O)N1,270.0
2014562,COc1cc2c(cc1OC)[C@@]13CCN4CC5=CCO[C@H]6CC(=O)N2[C@H]1[C@H]6[C@H]5C[C@H]43,177.0
4512403,COc1cc2c(cc1OC)[C@@]13CCN4CC5=CCO[C@H]6CC(=O)N2[C@H]1[C@H]6[C@H]5C[C@H]43,177.0
4511724,CC1OC(C)OC(C)O1,12.0
1542882,Cc1cc(C)c(N)c(C)c1N,90.0
2224944,O=C1C(O)=C(Cl)C(=O)C(O)=C1Cl,283.0
2310010,NC(=O)CF,108.0
2005557,O=C1C=C(O)C(=O)c2ccccc21,192.0
2230381,O=C(COC(=O)c1ccccc1)c1ccccc1,119.0
7116365,O=C(COC(=O)c1ccccc1)c1ccccc1,119.0
7244581,O=C(COC(=O)c1ccccc1)c1ccccc1,119.0
4501136,Oc1cc(Cl)c(Cl)c(Cl)c1,101.0
4501137,Oc1cc(Cl)c(Cl)c(Cl)c1,101.0
4501138,Oc1cc(Cl)c(Cl)c(Cl)c1,101.0
4501139,Oc1cc(Cl)c(Cl)c(Cl)c1,101.0
4501140,Oc1cc(Cl)c(Cl)c(Cl)c1,101.0
4501676,O=C(O)c1ccc(O)c(O)c1,201.0
7242564,COc1ccc(O)cc1C(C)(C)C,48.0
2015130,CN(C)c1ccc(C(=O)O)cc1,243.0
7123323,Cc1ncc(CO)c(CO)c1O,160.5
2239861,Clc1nc(Cl)nc(Nc2ccccc2Cl)n1,159.5
4508169,Cc1noc(NS(=O)(=O)c2ccc(N)cc2)c1C,196.5
2015997,Nc1ccc(S(=O)(=O)Nc2ccccn2)cc1,191.5
2017706,Brc1ccc(N(c2ccc(Br)cc2)c2ccc(Br)cc2)cc1,142.0
2016001,CCCNC(=O)NS(=O)(=O)c1ccc(Cl)cc1,128.0
2016887,CCCNC(=O)NS(=O)(=O)c1ccc(Cl)cc1,128.0
2016888,CCCNC(=O)NS(=O)(=O)c1ccc(Cl)cc1,128.0
2021879,CCCNC(=O)NS(=O)(=O)c1ccc(Cl)cc1,128.0
2021878,CCCNC(=O)NS(=O)(=O)c1ccc(Cl)cc1,128.0
2021880,CCCNC(=O)NS(=O)(=O)c1ccc(Cl)cc1,128.0
2021881,CCCNC(=O)NS(=O)(=O)c1ccc(Cl)cc1,128.0
2021882,CCCNC(=O)NS(=O)(=O)c1ccc(Cl)cc1,128.0
2021883,CCCNC(=O)NS(=O)(=O)c1ccc(Cl)cc1,128.0
2104623,CCCNC(=O)NS(=O)(=O)c1ccc(Cl)cc1,128.0
2104624,CCCNC(=O)NS(=O)(=O)c1ccc(Cl)cc1,128.0
2104625,CCCNC(=O)NS(=O)(=O)c1ccc(Cl)cc1,128.0
2104626,CCCNC(=O)NS(=O)(=O)c1ccc(Cl)cc1,128.0
2104627,CCCNC(=O)NS(=O)(=O)c1ccc(Cl)cc1,128.0
2104628,CCCNC(=O)NS(=O)(=O)c1ccc(Cl)cc1,128.0
2104908,CCCNC(=O)NS(=O)(=O)c1ccc(Cl)cc1,128.0
2104909,CCCNC(=O)NS(=O)(=O)c1ccc(Cl)cc1,128.0
2105320,CCCNC(=O)NS(=O)(=O)c1ccc(Cl)cc1,128.0
2105321,CCCNC(=O)NS(=O)(=O)c1ccc(Cl)cc1,128.0
2105323,CCCNC(=O)NS(=O)(=O)c1ccc(Cl)cc1,128.0
2105322,CCCNC(=O)NS(=O)(=O)c1ccc(Cl)cc1,128.0
2105324,CCCNC(=O)NS(=O)(=O)c1ccc(Cl)cc1,128.0
2105325,CCCNC(=O)NS(=O)(=O)c1ccc(Cl)cc1,128.0
2210783,CCCNC(=O)NS(=O)(=O)c1ccc(Cl)cc1,128.0
7225442,CCCNC(=O)NS(=O)(=O)c1ccc(Cl)cc1,128.0
4512813,COc1cc(Cc2cnc(N)nc2N)cc(OC)c1OC,201.0
4512814,COc1cc(Cc2cnc(N)nc2N)cc(OC)c1OC,201.0
2018300,CCc1nc(N)nc(N)c1-c1ccc(Cl)cc1,233.0
2201437,CCc1nc(N)nc(N)c1-c1ccc(Cl)cc1,233.0
7123832,CCc1nc(N)nc(N)c1-c1ccc(Cl)cc1,233.0
2212166,c1ccc(-c2nnc(-c3ccccn3)nc2-c2ccccc2)cc1,191.0
2215059,c1ccc(-c2nnc(-c3ccccn3)nc2-c2ccccc2)cc1,191.0
7200789,Nc1cc(-c2ccccc2)c(O)c(-c2ccccc2)c1,149.0
2311429,N#Cc1nn(-c2c(Cl)cc(C(F)(F)F)cc2Cl)c(N)c1S(=O)C(F)(F)F,199.0
2105490,O=c1[nH]c2ccccc2n1CCCN1CCC(n2c(=O)[nH]c3cc(Cl)ccc32)CC1,237.5
2214290,Cn1sc(Cl)cc1=O,52.0
8104904,O=C1c2ccccc2-c2cccc3cccc1c23,170.0
7155469,O=C1c2ccccc2-c2ccccc21,83.0
2100840,C#C,-80.8
2100841,C#C,-80.8
2312295,CC(N)C(=O)O,264.0
2312293,CC(N)C(=O)O,264.0
2312291,CC(N)C(=O)O,264.0
2312292,CC(N)C(=O)O,264.0
2312294,CC(N)C(=O)O,264.0
1518432,OC[C@H]1O[C@H](O)[C@H](O)[C@@H](O)[C@@H]1O,154.5
1518433,OC[C@H]1O[C@H](O)[C@H](O)[C@@H](O)[C@@H]1O,154.5
1518434,OC[C@H]1O[C@H](O)[C@H](O)[C@@H](O)[C@@H]1O,154.5
1518435,OC[C@H]1O[C@H](O)[C@H](O)[C@@H](O)[C@@H]1O,154.5
1518436,OC[C@H]1O[C@H](O)[C@H](O)[C@@H](O)[C@@H]1O,154.5
1518437,OC[C@H]1O[C@H](O)[C@H](O)[C@@H](O)[C@@H]1O,154.5
1518438,OC[C@H]1O[C@H](O)[C@H](O)[C@@H](O)[C@@H]1O,154.5
1518439,OC[C@H]1O[C@H](O)[C@H](O)[C@@H](O)[C@@H]1O,154.5
1518440,OC[C@H]1O[C@H](O)[C@H](O)[C@@H](O)[C@@H]1O,154.5
1518441,OC[C@H]1O[C@H](O)[C@H](O)[C@@H](O)[C@@H]1O,154.5
1518442,OC[C@H]1O[C@H](O)[C@H](O)[C@@H](O)[C@@H]1O,154.5
1518443,OC[C@H]1O[C@H](O)[C@H](O)[C@@H](O)[C@@H]1O,154.5
1518444,OC[C@H]1O[C@H](O)[C@H](O)[C@@H](O)[C@@H]1O,154.5
1518445,OC[C@H]1O[C@H](O)[C@H](O)[C@@H](O)[C@@H]1O,154.5
1518446,OC[C@H]1O[C@H](O)[C@H](O)[C@@H](O)[C@@H]1O,154.5
1558408,OC[C@H]1O[C@H](O)[C@H](O)[C@@H](O)[C@@H]1O,154.5
1502757,O=C(O)c1c2ccccc2cc2ccccc12,213.0
1502758,O=C(O)c1c2ccccc2cc2ccccc12,213.0
2005843,O=C(O)c1c2ccccc2cc2ccccc12,213.0
4501204,O=C(O)c1c2ccccc2cc2ccccc12,213.0
7215124,O=C(O)c1c2ccccc2cc2ccccc12,213.0
7215125,O=C(O)c1c2ccccc2cc2ccccc12,213.0
3500025,c1ccc2cccc-2cc1,99.5
1554212,c1cc2ccc3ccc4ccc5cccc6c(c1)c2c3c4c56,278.0
4110870,Nc1ccc(-c2ccc(N)cc2)cc1,128.0
2014979,[2H]C([2H])([2H])S(=O)C([2H])([2H])[2H],18.4
2014980,[2H]C([2H])([2H])S(=O)C([2H])([2H])[2H],18.4
1010096,BrBr,-7.2
1512496,BrBr,-7.2
9008594,BrBr,-7.2
9013116,BrBr,-7.2
9013117,BrBr,-7.2
9013119,BrBr,-7.2
9013118,BrBr,-7.2
7216473,CBr,-93.7
7216475,CBr,-93.7
7216477,CBr,-93.7
7216476,CBr,-93.7
7216474,CBr,-93.7
1512503,[Cs],28.5
9008532,[Cs],28.5
9008533,[Cs],28.5
9011010,[Cs],28.5
9011011,[Cs],28.5
9011551,[Cs],28.5
9011550,[Cs],28.5
9011641,[Cs],28.5
9011642,[Cs],28.5
9011643,[Cs],28.5
9012722,[Cs],28.5
9012725,[Cs],28.5
7208074,CCCl,-139.0
7208075,CCCl,-139.0
7208076,CCCl,-139.0
7208077,CCCl,-139.0
7216469,CCl,-97.0
7216470,CCl,-97.0
7216471,CCl,-97.0
7216472,CCl,-97.0
4036537,c1ccc2c(c1)ccc1c3ccccc3ccc21,253.0
2001311,Nc1ccn([C@@H]2O[C@H](CO)[C@@H](O)[C@H]2O)c(=O)n1,210.0
2300371,Nc1ccn([C@@H]2O[C@H](CO)[C@@H](O)[C@H]2O)c(=O)n1,210.0
7243942,Nc1ccn([C@@H]2O[C@H](CO)[C@@H](O)[C@H]2O)c(=O)n1,210.0
2100457,COS(=O)(=O)OC,-32.0
2100458,COS(=O)(=O)OC,-32.0
2231343,C[As](C)(=O)O,195.0
7214418,CCN,-81.0
7214419,CCN,-81.0
7228737,c1ccc2c(c1)-c1cccc3cccc-2c13,107.5
9015108,Cl,-114.2
9016437,Cl,-114.2
1008189,OO,-40.0
1010091,II,113.5
1512512,II,113.5
1525259,II,113.5
1561945,II,113.5
2240574,II,113.5
4511285,II,113.5
9008595,II,113.5
9016166,II,113.5
8000310,C[C@H](N)C(=O)O,314.0
8000309,C[C@H](N)C(=O)O,314.0
8000311,C[C@H](N)C(=O)O,314.0
8000315,C[C@H](N)C(=O)O,314.0
8000316,C[C@H](N)C(=O)O,314.0
8000317,C[C@H](N)C(=O)O,314.0
1543872,CSCC[C@H](N)C(=O)O,284.0
1543873,CSCC[C@H](N)C(=O)O,284.0
1543874,CSCC[C@H](N)C(=O)O,284.0
1566834,N[C@@H](Cc1ccc(O)cc1)C(=O)O,295.0
1554235,O=C(O)CC(=O)O,136.0
2104046,O=C(O)CC(=O)O,136.0
2104047,O=C(O)CC(=O)O,136.0
2104048,O=C(O)CC(=O)O,136.0
4116140,O=C(O)CC(=O)O,136.0
4116149,O=C(O)CC(=O)O,136.0
4507992,O=C(O)CC(=O)O,136.0
4507993,O=C(O)CC(=O)O,136.0
4507994,O=C(O)CC(=O)O,136.0
4507995,O=C(O)CC(=O)O,136.0
4507996,O=C(O)CC(=O)O,136.0
4507997,O=C(O)CC(=O)O,136.0
7244973,O=C(O)CC(=O)O,136.0
2240077,CSCCC(N)C(=O)O,281.0
2101172,CNN,-21.0
1520432,CC(=O)Nc1cccc(C)c1,65.0
2016820,CC(=O)Nc1cccc(C)c1,65.0
7027501,CN(C)P(=O)(N(C)C)N(C)C,7.2
2005356,O=P1(N(CCCl)CCCl)NCCCO1,43.0
4518576,c1ccc(Nc2ccc3ccccc3c2)cc1,108.0
2104132,C1CO1,-111.0
4026067,C1CO1,-111.0
9010972,O=S=O,-73.0
5000136,Oc1c(Cl)c(Cl)c(Cl)c(Cl)c1Cl,174.0
1548057,O=C(O)C(F)(F)C(F)(F)C(F)(F)C(F)(F)C(F)(F)C(F)(F)C(F)(F)F,55.5
4511761,CC(=O)[C@H]1CC[C@H]2[C@@H]3CCC4=CC(=O)CC[C@]4(C)[C@H]3CC[C@]12C,128.0
1511801,CCC,-188.0
1511802,CCC,-188.0
1511803,CCC,-188.0
1511804,CCC,-188.0
1511805,CCC,-188.0
1511806,CCC,-188.0
1511807,CCC,-188.0
2100198,O=C1C[C@@H]2OCC=C3CN4CC[C@]56c7ccccc7N1[C@H]5[C@H]2[C@H]3C[C@H]46,286.0
2100199,O=C1C[C@@H]2OCC=C3CN4CC[C@]56c7ccccc7N1[C@H]5[C@H]2[C@H]3C[C@H]46,286.0
2100200,O=C1C[C@@H]2OCC=C3CN4CC[C@]56c7ccccc7N1[C@H]5[C@H]2[C@H]3C[C@H]46,286.0
2100201,O=C1C[C@@H]2OCC=C3CN4CC[C@]56c7ccccc7N1[C@H]5[C@H]2[C@H]3C[C@H]46,286.0
1535480,O=S(=O)(O)O,-2.0
2005680,O=S(=O)(O)O,-2.0
7011245,O=S(=O)(O)O,-2.0
7036538,O=S(=O)(O)O,-2.0
7036539,O=S(=O)(O)O,-2.0
9007741,O=S(=O)(O)F,-87.3
8102925,Br[Ge](Br)(Br)Br,26.0
8102926,Br[Ge](Br)(Br)Br,26.0
1541116,FC(F)(F)F,-184.0
6000536,FC(F)(F)F,-184.0
1010776,FC(Cl)(Cl)Cl,-110.5
7050153,CCCCCCCCCCCCC(=O)O,41.5
7246649,CC(=O)OCC(CCn1cnc2cnc(N)nc21)COC(C)=O,103.0
2232472,CC(=O)CCCCn1c(=O)c2c(ncn2C)n(C)c1=O,105.0
2221976,CCCCCOC(=O)Nc1nc(=O)n([C@@H]2O[C@H](C)[C@@H](O)[C@H]2O)cc1F,115.5
2021695,Nc1nc2ccc(OC(F)(F)F)cc2s1,119.0
2212055,C[C@@H](c1ncncc1F)[C@](O)(Cn1cncn1)c1ccc(F)cc1F,128.5
7227366,Clc1cccc(Cl)c1NC1=NCCN1,130.0
7230267,Clc1cccc(Cl)c1NC1=NCCN1,130.0
2206507,CC(C)(C#N)c1cc(Cn2cncn2)cc(C(C)(C)C#N)c1,130.14
7126906,CCOc1cc(CC(=O)N[C@@H](CC(C)C)c2ccccc2N2CCCCC2)ccc1C(=O)O,130.5
2241650,CCN[C@H]1CN(CCCOC)S(=O)(=O)c2sc(S(N)(=O)=O)cc21,131.0
4502863,OC(Cn1cncn1)(Cn1cncn1)c1ccc(F)cc1F,139.0
4502864,OC(Cn1cncn1)(Cn1cncn1)c1ccc(F)cc1F,139.0
4502865,OC(Cn1cncn1)(Cn1cncn1)c1ccc(F)cc1F,139.0
4502866,OC(Cn1cncn1)(Cn1cncn1)c1ccc(F)cc1F,139.0
7126905,OC(Cn1cncn1)(Cn1cncn1)c1ccc(F)cc1F,139.0
1556730,C=C1C[C@@H]2[C@H](CC[C@]3(C)C(=O)CC[C@@H]23)[C@@]2(C)C=CC(=O)C=C12,155.13
2022607,Clc1ccc(COC(Cn2ccnc2)c2ccc(Cl)cc2Cl)c(Cl)c1,161.0
2222848,Nc1nc(NC2CC2)c2ncn([C@H]3C=C[C@@H](CO)C3)c2n1,165.0
4119930,Cc1oncc1C(=O)Nc1ccc(C(F)(F)F)cc1,165.5
2207132,CC(O)(CS(=O)(=O)c1ccc(F)cc1)C(=O)Nc1ccc(C#N)c(C(F)(F)F)c1,192.0
2211445,O=C1CC2(CCCC2)CC(=O)N1CCCCN1CCN(c2ncccn2)CC1,202.0
2311997,O=C1CN2CCOC2(c2ccccc2Cl)c2cc(Cl)ccc2N1,203.0
4508578,COc1cc2c(cc1OC)C(=O)C(CC1CCN(Cc3ccccc3)CC1)C2,206.72
4508579,COc1cc2c(cc1OC)C(=O)C(CC1CCN(Cc3ccccc3)CC1)C2,206.72
2006017,CCC1=C(C)CN(C(=O)NCCc2ccc(S(=O)(=O)NC(=O)NC3CCC(C)CC3)cc2)C1=O,207.0
2100284,Cc1cnc(C(=O)NCCc2ccc(S(=O)(=O)NC(=O)NC3CCCCC3)cc2)cn1,208.5
2017275,Nc1nnc(-c2cccc(Cl)c2Cl)c(N)n1,217.0
7216312,NS(=O)(=O)c1cc2c(cc1Cl)NC(CSCc1ccccc1)=NS2(=O)=O,231.5
2006252,O=C(O)Cc1ccccc1Nc1c(Cl)cccc1Cl,284.0
2006253,O=C(O)Cc1ccccc1Nc1c(Cl)cccc1Cl,284.0
2300060,O=C(O)Cc1ccccc1Nc1c(Cl)cccc1Cl,284.0
2300059,O=C(O)Cc1ccccc1Nc1c(Cl)cccc1Cl,284.0
2023184,NS(=O)(=O)c1cc2c(cc1Cl)NC=NS2(=O)=O,350.0
2103078,NS(=O)(=O)c1cc2c(cc1Cl)NC=NS2(=O)=O,350.0
2300205,NS(=O)(=O)c1cc2c(cc1Cl)NC=NS2(=O)=O,350.0
2300204,NS(=O)(=O)c1cc2c(cc1Cl)NC=NS2(=O)=O,350.0
2300206,NS(=O)(=O)c1cc2c(cc1Cl)NC=NS2(=O)=O,350.0
2300207,NS(=O)(=O)c1cc2c(cc1Cl)NC=NS2(=O)=O,350.0
2300208,NS(=O)(=O)c1cc2c(cc1Cl)NC=NS2(=O)=O,350.0
7212539,NS(=O)(=O)c1cc2c(cc1Cl)NC=NS2(=O)=O,350.0
7212538,NS(=O)(=O)c1cc2c(cc1Cl)NC=NS2(=O)=O,350.0
7212541,NS(=O)(=O)c1cc2c(cc1Cl)NC=NS2(=O)=O,350.0
7212543,NS(=O)(=O)c1cc2c(cc1Cl)NC=NS2(=O)=O,350.0
7212544,NS(=O)(=O)c1cc2c(cc1Cl)NC=NS2(=O)=O,350.0
7212545,NS(=O)(=O)c1cc2c(cc1Cl)NC=NS2(=O)=O,350.0
7119123,NS(=O)(=O)c1cc(C(=O)O)c(NCc2ccco2)cc1Cl,206.0
2206708,O=C1c2cccc(O)c2C(=O)c2c(O)cccc21,193.0
4503803,O=C1c2cccc(O)c2C(=O)c2c(O)cccc21,193.0
4503804,O=C1c2cccc(O)c2C(=O)c2c(O)cccc21,193.0
4503805,O=C1c2cccc(O)c2C(=O)c2c(O)cccc21,193.0
4503806,O=C1c2cccc(O)c2C(=O)c2c(O)cccc21,193.0
4503807,O=C1c2cccc(O)c2C(=O)c2c(O)cccc21,193.0
4503809,O=C1c2cccc(O)c2C(=O)c2c(O)cccc21,193.0
4503808,O=C1c2cccc(O)c2C(=O)c2c(O)cccc21,193.0
2213772,C[C@@H]1C[C@H]2[C@@H]3CCC4=CC(=O)C=C[C@]4(C)[C@@]3(F)[C@@H](O)C[C@]2(C)[C@@]1(O)C(=O)CO,262.0
7223974,COc1ccc([C@@H]2Sc3ccccc3N(CCN(C)C)C(=O)[C@@H]2OC(C)=O)cc1,231.0
2300646,O=C1O[C@H]([C@@H](O)CO)C(O)=C1O,191.0
2300647,O=C1O[C@H]([C@@H](O)CO)C(O)=C1O,191.0
2300648,O=C1O[C@H]([C@@H](O)CO)C(O)=C1O,191.0
1569376,C[C@@H](O)[C@H](N)C(=O)O,256.0
2006881,C[C@@H](O)[C@H](N)C(=O)O,256.0
7232730,C[C@@H](O)[C@H](N)C(=O)O,256.0
7232733,C[C@@H](O)[C@H](N)C(=O)O,256.0
7232736,C[C@@H](O)[C@H](N)C(=O)O,256.0
7232738,C[C@@H](O)[C@H](N)C(=O)O,256.0
7232740,C[C@@H](O)[C@H](N)C(=O)O,256.0
7232741,C[C@@H](O)[C@H](N)C(=O)O,256.0
7232742,C[C@@H](O)[C@H](N)C(=O)O,256.0
7232744,C[C@@H](O)[C@H](N)C(=O)O,256.0
7232745,C[C@@H](O)[C@H](N)C(=O)O,256.0
7232746,C[C@@H](O)[C@H](N)C(=O)O,256.0
7232747,C[C@@H](O)[C@H](N)C(=O)O,256.0
7232748,C[C@@H](O)[C@H](N)C(=O)O,256.0
7232750,C[C@@H](O)[C@H](N)C(=O)O,256.0
7232749,C[C@@H](O)[C@H](N)C(=O)O,256.0
2100592,N[C@@H](CO)C(=O)O,222.0
2100593,N[C@@H](CO)C(=O)O,222.0
2100594,N[C@@H](CO)C(=O)O,222.0
2100595,N[C@@H](CO)C(=O)O,222.0
2227452,COc1nccnc1NS(=O)(=O)c1ccc(N)cc1,169.5
4508168,COc1nccnc1NS(=O)(=O)c1ccc(N)cc1,169.5
2200456,O=C(O)c1cc(-c2ccc(F)cc2F)ccc1O,215.5
7246588,NC(=O)NO,144.0
7246587,NC(=O)NO,144.0
1100654,CCn1cc(C(=O)O)c(=O)c2cc(F)c(N3CCNCC3)nc21,222.0
7207513,CCn1cc(C(=O)O)c(=O)c2cc(F)c(N3CCNCC3)nc21,222.0
4509377,NS(=O)(=O)c1cc(C2(O)NC(=O)c3ccccc32)ccc1Cl,241.0
4509378,NS(=O)(=O)c1cc(C2(O)NC(=O)c3ccccc32)ccc1Cl,241.0
4134117,O=c1[nH]cc(F)c(=O)[nH]1,281.0
4506049,O=c1[nH]cc(F)c(=O)[nH]1,281.0
2005880,O=C(O)CP(=O)(O)O,144.5
2008976,N[C@@H](CCC(=O)N[C@@H](CS)C(=O)NCC(=O)O)C(=O)O,193.5
4500467,CN1C(=O)C(O)N=C(c2ccccc2)c2cc(Cl)ccc21,120.0
4500468,CN1C(=O)C(O)N=C(c2ccccc2)c2cc(Cl)ccc21,120.0
1549732,CCOC(=O)N1CCC(=C2c3ccc(Cl)cc3CCc3cccnc32)CC1,135.0
1549733,CCOC(=O)N1CCC(=C2c3ccc(Cl)cc3CCc3cccnc32)CC1,135.0
1549734,CCOC(=O)N1CCC(=C2c3ccc(Cl)cc3CCc3cccnc32)CC1,135.0
1549735,CCOC(=O)N1CCC(=C2c3ccc(Cl)cc3CCc3cccnc32)CC1,135.0
1549736,CCOC(=O)N1CCC(=C2c3ccc(Cl)cc3CCc3cccnc32)CC1,135.0
1549737,CCOC(=O)N1CCC(=C2c3ccc(Cl)cc3CCc3cccnc32)CC1,135.0
1549738,CCOC(=O)N1CCC(=C2c3ccc(Cl)cc3CCc3cccnc32)CC1,135.0
7241344,CCOC(=O)N1CCC(=C2c3ccc(Cl)cc3CCc3cccnc32)CC1,135.0
2008147,Nc1ccc(C(=O)NCC(=O)O)cc1,199.5
7243944,CC(C)(C)NC(=O)[C@H]1CC[C@H]2[C@@H]3CC[C@H]4NC(=O)C=C[C@]4(C)[C@H]3CC[C@]12C,253.0
1100668,CCC(=O)O[C@]1(C(=O)CCl)[C@@H](C)C[C@H]2[C@@H]3CCC4=CC(=O)C=C[C@]4(C)[C@@]3(F)[C@@H](O)C[C@@]21C,196.25
1574201,Cc1ccc(-c2cc(C(F)(F)F)nn2-c2ccc(S(N)(=O)=O)cc2)cc1,157.5
2009313,Cc1ccc(-c2cc(C(F)(F)F)nn2-c2ccc(S(N)(=O)=O)cc2)cc1,157.5
4002956,Cc1ccc(-c2cc(C(F)(F)F)nn2-c2ccc(S(N)(=O)=O)cc2)cc1,157.5
7126910,Cc1ccc(-c2cc(C(F)(F)F)nn2-c2ccc(S(N)(=O)=O)cc2)cc1,157.5
4508825,CCn1cc(C(=O)O)c(=O)c2cc(F)c(N3CCNCC3)cc21,227.5
7207511,CCn1cc(C(=O)O)c(=O)c2cc(F)c(N3CCNCC3)cc21,227.5
7207512,CCn1cc(C(=O)O)c(=O)c2cc(F)c(N3CCNCC3)cc21,227.5
4502707,CC1COc2c(N3CCN(C)CC3)c(F)cc3c(=O)c(C(=O)O)cn1c23,253.5
7208662,CC[C@@H](C)O,-114.7
7208663,CC[C@@H](C)O,-114.7
7206161,C=O,-92.0
4507696,N=C(N)N,50.0
4507697,N=C(N)N,50.0
2106651,CCN(CC)CC(=O)Nc1c(C)cccc1C,68.5
2212162,CCN(CC)CC(=O)Nc1c(C)cccc1C,68.5
2200302,CCOC(=O)[C@H](CCc1ccccc1)N[C@@H](C)C(=O)N1[C@H](C(=O)O)C[C@@H]2CCC[C@@H]21,109.0
2021308,Cc1cccc(N(C)C(=S)Oc2ccc3ccccc3c2)c1,111.0
7241489,Cc1cccc(N(C)C(=S)Oc2ccc3ccccc3c2)c1,111.0
7214515,Clc1cc(Cl)c(OCC#CI)cc1Cl,113.5
7214513,Clc1cc(Cl)c(OCC#CI)cc1Cl,113.5
7214514,Clc1cc(Cl)c(OCC#CI)cc1Cl,113.5
4501051,Cc1cc(C)cc(OCC2CNC(=O)O2)c1,122.0
4501052,Cc1cc(C)cc(OCC2CNC(=O)O2)c1,122.0
2014902,CCCCC1(CC)C(=O)NC(=O)NC1=O,128.5
2016360,CCCCC1(CC)C(=O)NC(=O)NC1=O,128.5
2215477,CCCCC1(CC)C(=O)NC(=O)NC1=O,128.5
7207653,CCCC(C)C1(CC)C(=O)NC(=O)NC1=O,129.5
7126904,Cc1cc(C2CCCCC2)n(O)c(=O)c1,144.0
4510537,O=C(CCCN1CC=C(n2c(=O)[nH]c3ccccc32)CC1)c1ccc(F)cc1,145.75
7208257,Nc1ccc(C(=O)O)c(O)c1,150.5
4502706,Cc1ncc2n1-c1ccc(Cl)cc1C(c1ccccc1F)=NC2,159.0
2012866,O=C1CCc2cc(OCCCCc3nnnn3C3CCCCC3)ccc2N1,160.0
2012867,O=C1CCc2cc(OCCCCc3nnnn3C3CCCCC3)ccc2N1,160.0
7218151,CCc1cc(C(N)=S)ccn1,163.0
4100620,Cc1cc(NS(=O)(=O)c2ccc(N)cc2)no1,167.0
4100621,Cc1cc(NS(=O)(=O)c2ccc(N)cc2)no1,167.0
4508170,Cc1cc(NS(=O)(=O)c2ccc(N)cc2)no1,167.0
7001205,CN(C)CCOC(c1ccccc1)c1ccccc1,168.0
2001416,Cc1nc2n(c(=O)c1CCN1CCC(c3noc4cc(F)ccc34)CC1)CCCC2,170.0
2209872,Cc1nc2n(c(=O)c1CCN1CCC(c3noc4cc(F)ccc34)CC1)CCCC2,170.0
2004559,CC(=O)Oc1ccc2c3c1O[C@H]1[C@@H](OC(C)=O)C=C[C@H]4[C@@H](C2)N(C)CC[C@@]341,173.0
2100185,CCC1(c2ccccc2)C(=O)NC(=O)NC1=O,174.0
2100186,CCC1(c2ccccc2)C(=O)NC(=O)NC1=O,174.0
7118805,CCC1(c2ccccc2)C(=O)NC(=O)NC1=O,174.0
7118806,CCC1(c2ccccc2)C(=O)NC(=O)NC1=O,174.0
7125494,CN1CCN(C(=O)OC2c3nccnc3C(=O)N2c2ccc(Cl)cn2)CC1,178.0
7125496,CN1CCN(C(=O)OC2c3nccnc3C(=O)N2c2ccc(Cl)cn2)CC1,178.0
7125498,CN1CCN(C(=O)OC2c3nccnc3C(=O)N2c2ccc(Cl)cn2)CC1,178.0
7125497,CN1CCN(C(=O)OC2c3nccnc3C(=O)N2c2ccc(Cl)cn2)CC1,178.0
2230387,COc1ccc2c(c1)C(=O)N(CCc1ccc(S(=O)(=O)NC(=O)NC3CCCCC3)cc1)C(=O)C2(C)C,181.0
4512912,Cc1nnc(NS(=O)(=O)c2ccc(N)cc2)s1,208.0
2226565,CN1C(CSCC(F)(F)F)Nc2cc(Cl)c(S(N)(=O)=O)cc2S1(=O)=O,214.0
2205756,NC(=O)N1c2ccccc2CC(=O)c2ccccc21,215.5
2018299,CCCc1cc(=O)[nH]c(=S)[nH]1,219.0
7206402,CCCc1cc(=O)[nH]c(=S)[nH]1,219.0
2209488,CN1C(CCl)Nc2cc(Cl)c(S(N)(=O)=O)cc2S1(=O)=O,225.0
7241586,O=C(O)/C=C/c1ccc(O)c(O)c1,225.0
1100667,NS(=O)(=O)c1cc(Cl)c(Cl)c(S(N)(=O)=O)c1,228.7
7246398,NS(=O)(=O)c1cc(Cl)c(Cl)c(S(N)(=O)=O)c1,228.7
4510776,CC(=O)O[C@@]12CO[C@@H]1C[C@H](O)[C@@]1(C)C(=O)[C@H](O)C3=C(C)[C@@H](OC(=O)[C@H](O)[C@@H](NC(=O)OC(C)(C)C)c4ccccc4)C[C@@](O)([C@@H](OC(=O)c4ccccc4)[C@H]21)C3(C)C,232.0
7243614,N[C@@H](Cc1cc(I)c(Oc2cc(I)c(O)c(I)c2)c(I)c1)C(=O)O,235.5
2008240,C[C@]12CC[C@H]3C(=CCc4cc(O)ccc43)[C@@H]1CCC2=O,239.0
1506803,Oc1ccc(/C=C/c2cc(O)cc(O)c2)cc1,254.0
1573579,Cc1cnc(NC(=O)C2=C(O)c3ccccc3S(=O)(=O)N2C)s1,254.0
2008040,Cc1cnc(NC(=O)C2=C(O)c3ccccc3S(=O)(=O)N2C)s1,254.0
7119022,CC(=O)Nc1nnc(S(N)(=O)=O)s1,260.5
7221877,CC(=O)Nc1nnc(S(N)(=O)=O)s1,260.5
2241668,CN1CC[C@]23c4c5ccc(O)c4O[C@H]2C(=O)CC[C@H]3[C@H]1C5,266.5
2241667,CN1CC[C@]23c4c5ccc(O)c4O[C@H]2C(=O)CC[C@H]3[C@H]1C5,266.5
3500095,CC1(C)O[C@@H]2C[C@H]3[C@@H]4CCC5=CC(=O)C=C[C@]5(C)[C@H]4[C@@H](O)C[C@]3(C)[C@]2(C(=O)CO)O1,274.0
7242890,Nc1ccc2cc3ccc(N)cc3nc2c1,285.0
1547210,Nc1nc(N)c2nc(-c3ccccc3)c(N)nc2n1,316.0
2205971,CNC(=O)Oc1cccc2c1OC(C)(C)C2,151.5
4502712,O=c1[nH]cnc2c1ncn2[C@H]1CC[C@@H](CO)O1,161.5
2241022,N#CC(CCc1ccc(Cl)cc1)(Cn1cncn1)c1ccccc1,125.0
2009635,CC(C(=O)O)c1ccc(N2Cc3ccccc3C2=O)cc1,212.5
2203322,CC(=O)N1CCN(c2ccc(OC[C@H]3CO[C@](Cn4ccnc4)(c4ccc(Cl)cc4Cl)O3)cc2)CC1,146.0
2220888,CNC(=O)Oc1ccccc1OC(C)C,91.5
2212951,C=CCC1(C(C)CCC)C(=O)NC(=O)NC1=O,95.0
2239524,CO[C@]12CC[C@@]3(C[C@@H]1[C@](C)(O)C(C)(C)C)[C@H]1Cc4ccc(O)c5c4[C@@]3(CCN1CC1CC1)[C@H]2O5,210.0
7223725,CCNc1nc(Cl)nc(NC(C)C)n1,172.5
2227961,c1ccc(-c2ccc(C(c3ccccc3)n3ccnc3)cc2)cc1,142.0
1559398,C[C@]12CCC(=O)C=C1CC[C@@H]1[C@@H]2C(=O)C[C@@]2(C)[C@H]1CC[C@]2(O)C(=O)CO,222.0
2236793,CCOC(=O)NCCOc1ccc(Oc2ccccc2)cc1,53.5
2218627,CN(C)C(=O)Nc1cccc(C(F)(F)F)c1,163.5
2001581,CON(C)C(=O)Nc1ccc(Cl)c(Cl)c1,93.5
1552845,CCC(C)(C)C(=O)O[C@H]1C[C@@H](C)C=C2C=C[C@H](C)[C@H](CC[C@@H]3C[C@@H](O)CC(=O)O3)[C@H]21,136.5
1552846,CCC(C)(C)C(=O)O[C@H]1C[C@@H](C)C=C2C=C[C@H](C)[C@H](CC[C@@H]3C[C@@H](O)CC(=O)O3)[C@H]21,136.5
1552847,CCC(C)(C)C(=O)O[C@H]1C[C@@H](C)C=C2C=C[C@H](C)[C@H](CC[C@@H]3C[C@@H](O)CC(=O)O3)[C@H]21,136.5
2224811,C#CC(C)(C)NC(=O)c1cc(Cl)cc(Cl)c1,155.0
2227080,Cc1nc(N(C)C)nc(OC(=O)N(C)C)c1C,90.5
4001652,Cc1ccc(Nc2ccc(Nc3ccc(C)cc3)c3c2C(=O)c2ccccc2C3=O)cc1,218.0
7200672,FC(F)(Br)C(F)(F)Br,-110.4
4500959,CC(=O)Oc1ccccc1,-30.0
7216061,CSc1nnc(C(C)(C)C)c(=O)n1N,126.0
7216062,CSc1nnc(C(C)(C)C)c(=O)n1N,126.0
2208524,CC(C)Oc1cc(-n2nc(C(C)(C)C)oc2=O)c(Cl)cc1Cl,90.0
2001053,Nc1c(Oc2ccccc2)cc(O)c2c1C(=O)c1ccccc1C2=O,185.0
2211775,Clc1cnc(Cl)c(Cl)c1,49.0
4501141,Oc1ccc(Cl)c(Cl)c1Cl,83.5
2204130,Clc1cc(Cl)c(-c2ccccc2)cc1Cl,76.3
8101178,Cc1ccc(NC(=O)N(C)C)cc1Cl,148.1
2003557,CCP(CC)CC,-88.0
2242569,O=C(Nc1ccccc1)c1ccccc1I,137.0
7121731,CCCCNCC,-78.0
2227277,CON(C)C(=O)Nc1ccc(Br)c(Cl)c1,96.0
1511048,ClB(Cl)Cl,-107.0
1511049,ClB(Cl)Cl,-107.0
1511460,BrB(Br)Br,-46.0
1511461,BrB(Br)Br,-46.0
1010411,ClP(Cl)(Cl)(Cl)Cl,148.0
1010068,ClCl,-101.0
1010328,ClCl,-101.0
1010471,ClCl,-101.0
1512500,ClCl,-101.0
2310799,ClCl,-101.0
9008593,ClCl,-101.0
9013120,ClCl,-101.0
9013121,ClCl,-101.0
9013122,ClCl,-101.0
9013123,ClCl,-101.0
9014077,ClCl,-101.0
9014479,ClCl,-101.0
9015583,ClCl,-101.0
7232397,N#Cc1nc(C#N)nc(C#N)n1,119.0
7232398,N#Cc1nc(C#N)nc(C#N)n1,119.0
7232399,N#Cc1nc(C#N)nc(C#N)n1,119.0
7232401,N#Cc1nc(C#N)nc(C#N)n1,119.0
7232400,N#Cc1nc(C#N)nc(C#N)n1,119.0
7232402,N#Cc1nc(C#N)nc(C#N)n1,119.0
7232404,N#Cc1nc(C#N)nc(C#N)n1,119.0
7232403,N#Cc1nc(C#N)nc(C#N)n1,119.0
7232405,N#Cc1nc(C#N)nc(C#N)n1,119.0
7232406,N#Cc1nc(C#N)nc(C#N)n1,119.0
7232407,N#Cc1nc(C#N)nc(C#N)n1,119.0
2204073,O=S(=O)(O)CCN1CCN(CCO)CC1,234.0
2211802,NC(=O)C1c2ccccc2CCc2ccccc21,193.5
7119165,NC(=O)C1c2ccccc2CCc2ccccc21,193.5
7201674,NC(=O)C1c2ccccc2CCc2ccccc21,193.5
4504830,CCCCCCCCCCCCOP(=O)(O)OCCCCCCCCCCCC,59.0
2016738,CCNc1nc(Cl)nc(NC(C)(C)C)n1,178.0
2227408,CC1=C(C(=O)Nc2ccccc2)S(=O)(=O)CCO1,120.0
2242733,CC1=C(C(=O)Nc2ccccc2)SCCO1,91.5
2242734,CC1=C(C(=O)Nc2ccccc2)SCCO1,91.5
2240950,CON(C)C(=O)Nc1ccc(Br)cc1,95.0
4111837,Cc1ccc(O)cc1N,157.8
2105484,CN(C)C(=S)N(C)C,79.3
7223986,Clc1c(Cl)c(Cl)c2c(Cl)c(Cl)c(Cl)c(Cl)c2c1Cl,197.5
2239437,ON=C1c2ccccc2-c2ccccc21,195.5
4001172,Clc1ccc2cc(Cl)ccc2c1,140.5
5000024,Clc1c(Cl)c(Cl)c(-c2c(Cl)c(Cl)c(Cl)c(Cl)c2Cl)c(Cl)c1Cl,305.8
2105031,CCCCOC(=O)C(=O)OCCCC,-30.5
2105032,CCCCOC(=O)C(=O)OCCCC,-30.5
2016630,CCc1nc(CC)nc(NS(=O)(=O)c2ccc(N)cc2)n1,187.0
2228023,NC(=O)Nc1ccc(Br)cc1,226.0
2014247,O=c1n(-c2ccccc2)c(=O)n(-c2ccccc2)c(=O)n1-c1ccccc1,285.0
2014248,O=c1n(-c2ccccc2)c(=O)n(-c2ccccc2)c(=O)n1-c1ccccc1,285.0
2100369,N#Cc1cc(Br)c(O)c(Br)c1,190.0
2100370,N#Cc1cc(Br)c(O)c(Br)c1,190.0
2007623,OC1CCCCCCCCC1,40.5
2001104,c1ccc(Nc2ccccn2)nc1,90.5
2101614,c1ccc(Nc2ccccn2)nc1,90.5
2101615,c1ccc(Nc2ccccn2)nc1,90.5
1545567,Cc1cccc2c1NC(=O)C2=O,267.0
2101417,O=C1C(Cl)=C(Nc2ccccc2)C(=O)c2ccccc21,215.0
2213867,O=C(Nc1ccccc1Cl)c1ccccc1,99.0
2229429,COc1nn(CSP(=S)(OC)OC)c(=O)s1,39.0
2203485,c1ccc(C2=NCCN2)cc1,96.5
2311653,CCCOC(=O)CCC(=O)OCCC,-5.9
2006950,Cn1c(=O)n(C)c(=O)n(C)c1=O,176.5
2240948,CC1=C(C)C(=O)OC1=O,96.0
2233713,CC(C)OP(=S)(OC(C)C)SCCNS(=O)(=O)c1ccccc1,34.4
2226974,COP(=S)(OC)SCN1C(=O)c2ccccc2C1=O,72.0
2201019,CC(C)C1CCCCC1,-89.4
2211489,Ic1cc(I)c(I)cc1I,254.0
7716187,O=C1c2ccccc2C(=O)c2c(Br)cccc21,186.5
4129308,O=C1OC(=O)c2c(Br)c(Br)c(Br)c(Br)c21,275.0
4129309,O=C1OC(=O)c2c(Br)c(Br)c(Br)c(Br)c21,275.0
2311095,O=CNNC=O,156.0
2207958,Ic1cc(I)cc(I)c1,184.2
1513587,Oc1cc(Br)cc(Br)c1,81.0
1100989,CCNC(N)=O,92.5
2228788,O=S(Cc1ccccc1)Cc1ccccc1,134.0
4502103,O=S(Cc1ccccc1)Cc1ccccc1,134.0
1571262,Cn1ccc(=O)[nH]c1=O,237.0
1571263,Cn1ccc(=O)[nH]c1=O,237.0
1571264,Cn1ccc(=O)[nH]c1=O,237.0
2108759,Cn1ccc(=O)[nH]c1=O,237.0
2108760,Cn1ccc(=O)[nH]c1=O,237.0
2212248,Ic1cccc(I)c1I,116.0
2108847,Brc1cccc(Br)c1Br,87.5
2108848,Brc1cccc(Br)c1Br,87.5
2108849,Brc1cccc(Br)c1Br,87.5
7118364,c1ccc(-c2c3ccccc3cc3ccccc23)cc1,156.0
2220819,Nc1cccc(S(=O)(=O)c2cccc(N)c2)c1,171.5
7209247,CNC(N)=O,103.0
7236167,CNC(N)=O,103.0
7236168,CNC(N)=O,103.0
2013049,FCCl,-133.0
2200863,Cc1ccc(C)nc1,-16.0
2214957,CC(=O)NCc1ccccc1,61.0
2218416,O=C(CCl)Nc1ccccc1,87.0
2101890,Cc1ccccc1/N=N/c1ccccc1C,55.5
2101891,Cc1ccccc1/N=N/c1ccccc1C,55.5
2002928,Cc1ccc2cc(C)ccc2c1,112.0
4026425,Cc1ccc2cc(C)ccc2c1,112.0
2016982,Oc1ccc2ncccc2c1,195.0
7051321,Cc1cccc2cccc(C)c12,65.0
7051322,Cc1cccc2cccc(C)c12,65.0
7051323,Cc1cccc2cccc(C)c12,65.0
7051324,Cc1cccc2cccc(C)c12,65.0
4114173,BrC(Br)(Br)Br,90.1
2103655,CCCCCCCCCCCCCC(=O)OCC(COC(=O)CCCCCCCCCCCCC)OC(=O)CCCCCCCCCCCCC,56.5
2103656,CCCCCCCCCCCCCCCCCC(=O)OCC(COC(=O)CCCCCCCCCCCCCCCCC)OC(=O)CCCCCCCCCCCCCCCCC,55.0
7206876,COC(=O)c1ccc(O)c(N)c1,143.0
2235419,CC(=O)Oc1ccccc1C(=O)Oc1ccccc1C(=O)O,159.0
4306814,NN(c1ccccc1)c1ccccc1,50.5
8102147,O=C(C(=O)c1cc(Br)ccc1O)c1cc(Br)ccc1O,212.5
5900010,IC(I)=C(I)I,187.0
7211274,IC(I)=C(I)I,187.0
7203152,CN(C)c1ccc(C(O)(c2ccccc2)c2ccc(N(C)C)cc2)cc1,113.0
1557660,O=C(O)CCCCCCCCCCCC(=O)O,111.0
2100301,O=C(O)c1cncc(C(=O)O)c1,324.0
2100302,O=C(O)c1cncc(C(=O)O)c1,324.0
2100303,O=C(O)c1cncc(C(=O)O)c1,324.0
2100305,O=C(O)c1cncc(C(=O)O)c1,324.0
2100304,O=C(O)c1cncc(C(=O)O)c1,324.0
1566788,O=C(O)c1ccnc(C(=O)O)c1,249.0
4127948,Fc1ccc(C(c2ccc(F)cc2)C(Cl)(Cl)Cl)cc1,44.5
4127949,Fc1ccc(C(c2ccc(F)cc2)C(Cl)(Cl)Cl)cc1,44.5
7129351,N#CN=C(N)N,211.0
2216552,CC(=O)Oc1cc(C(F)(F)F)ccc1C(=O)O,121.0
2230736,OCCN1CCN(CCCN2c3ccccc3C=Cc3ccccc32)CC1,229.0
2005722,O=C(O)c1cccc(-c2ccccc2)c1O,186.5
7249753,c1ccn2cccc2c1,75.0
7249755,c1ccn2cccc2c1,75.0
7249754,c1ccn2cccc2c1,75.0
7249756,c1ccn2cccc2c1,75.0
7249758,c1ccn2cccc2c1,75.0
7249757,c1ccn2cccc2c1,75.0
7249759,c1ccn2cccc2c1,75.0
2001358,c1ccc2c(c1)cnc1ccccc12,107.4
7121801,c1ccc2c(c1)cnc1ccccc12,107.4
2205760,c1ccc2cc3c4ccccc4c4ccccc4c3cc2c1,206.0
4510041,c1ccc2c(c1)ccc1c2ccc2c3ccccc3ccc21,368.0
1548038,c1cc2ccc3ccc4ccc5ccc6ccc1c1c2c3c4c5c61,437.3
1548039,c1cc2ccc3ccc4ccc5ccc6ccc1c1c2c3c4c5c61,437.3
4516530,c1cc2ccc3ccc4ccc5ccc6ccc1c1c2c3c4c5c61,437.3
2012157,c1ccc2cc3cc4cc5ccccc5cc4cc3cc2c1,257.0
2012158,c1ccc2cc3cc4cc5ccccc5cc4cc3cc2c1,257.0
4109822,c1ccc2cc3cc4cc5ccccc5cc4cc3cc2c1,257.0
4109833,c1ccc2cc3cc4cc5ccccc5cc4cc3cc2c1,257.0
4109834,c1ccc2cc3cc4cc5ccccc5cc4cc3cc2c1,257.0
2203156,CCCCOC(=O)c1ccccc1C(=O)O,73.5
2231221,COc1ccc(C(=O)c2ccccc2O)c(O)c1,68.0
2208300,O=C(O)c1cc2ccccc2c(Cc2c(O)c(C(=O)O)cc3ccccc23)c1O,315.0
2234234,CC(=O)Nc1ccc(S(N)(=O)=O)cc1,219.5
2019296,O=C1NCCN1,131.0
2202853,O=C(O)c1ccccc1SSc1ccccc1C(=O)O,288.5
4500517,O=C(O)c1ccccc1SSc1ccccc1C(=O)O,288.5
2214260,O=c1[nH]ncc2ccccc12,188.0
7202469,O=C1C(Cl)=C(Cl)C(=O)C(Cl)=C1Cl,290.0
2002075,O=C1c2cccc(O)c2C(=O)c2cccc(O)c21,280.0
1520406,CCC(CC)(CO)CO,61.5
7017524,CN1CN(C)CN(C)C1,-27.0
2214563,O=C1CCCC(=O)O1,56.3
2013259,OB(O)O,170.9
2016172,OB(O)O,170.9
2228948,O=C(O)CCC(=O)Nc1ccccc1,148.5
4310744,CN(C)C(=O)Nc1ccccc1,133.5
2200616,CC1=CCC(C(C)C)=CC1,-10.0
2100197,O=C1CCCO1,-43.3
2021301,CNCC(O)c1ccc(O)cc1,184.5
7233538,CNCC(O)c1ccc(O)cc1,184.5
1554223,c1ccc2c(c1)Sc1ccccc1S2,159.3
2225792,Nc1ccc(-c2ccc(N)c(N)c2)cc1N,176.0
2241507,CCN(CC)c1cccc(O)c1,78.0
7235696,C1CCC2CCCCC2C1,-30.3
7248447,C1CCC2CCCCC2C1,-30.3
7248448,C1CCC2CCCCC2C1,-30.3
7248451,C1CCC2CCCCC2C1,-30.3
7248452,C1CCC2CCCCC2C1,-30.3
7248454,C1CCC2CCCCC2C1,-30.3
7248456,C1CCC2CCCCC2C1,-30.3
7248457,C1CCC2CCCCC2C1,-30.3
7248459,C1CCC2CCCCC2C1,-30.3
7248461,C1CCC2CCCCC2C1,-30.3
7248458,C1CCC2CCCCC2C1,-30.3
7248462,C1CCC2CCCCC2C1,-30.3
7248464,C1CCC2CCCCC2C1,-30.3
7248465,C1CCC2CCCCC2C1,-30.3
7248466,C1CCC2CCCCC2C1,-30.3
7248467,C1CCC2CCCCC2C1,-30.3
7248468,C1CCC2CCCCC2C1,-30.3
7248469,C1CCC2CCCCC2C1,-30.3
7248470,C1CCC2CCCCC2C1,-30.3
2104249,CCC(C(=O)O)c1ccccc1,47.5
2242948,CCC(C(N)=O)c1ccccc1,86.0
4511390,CCC(C(N)=O)c1ccccc1,86.0
1542519,O=C1Nc2ccc(Br)cc2C1=O,249.5
2210554,O=C(Oc1cccc2cccnc12)c1ccccc1,119.0
2106007,O=C(O)c1ccc2ccccc2c1O,195.0
2106008,O=C(O)c1ccc2ccccc2c1O,195.0
2229631,CCN(C(=O)N(CC)c1ccccc1)c1ccccc1,79.0
2202273,COc1ccc2c(OC)c3ccoc3nc2c1OC,177.0
2006823,O=C1OC(=O)c2ccc3c4c(ccc1c24)C(=O)OC3=O,450.0
2205990,Nc1ccc(S(=O)(=O)Nc2ccc(Cl)nn2)cc1,187.0
2239699,Cc1ccc(S(=O)(=O)N(C)N=O)cc1,60.0
2012340,CC(C)(c1cc(Cl)c(O)c(Cl)c1)c1cc(Cl)c(O)c(Cl)c1,135.0
2012342,CC(C)(c1cc(Br)c(O)c(Br)c1)c1cc(Br)c(O)c(Br)c1,181.0
2239828,CN1C(=O)CC(C)(c2ccccc2)C1=O,52.5
7042858,C[SiH](Cl)Cl,-93.0
1511120,FB(F)F,-126.8
7236739,FB(F)F,-126.8
4071535,Cc1ccc2c(Cl)cc(Cl)c(O)c2n1,114.5
4507297,ClC(Cl)(Cl)C(Cl)(Cl)Cl,187.0
4507298,ClC(Cl)(Cl)C(Cl)(Cl)Cl,187.0
4507299,ClC(Cl)(Cl)C(Cl)(Cl)Cl,187.0
4507300,ClC(Cl)(Cl)C(Cl)(Cl)Cl,187.0
7229662,ClC(Cl)(Cl)C(Cl)(Cl)Cl,187.0
7229664,ClC(Cl)(Cl)C(Cl)(Cl)Cl,187.0
7229663,ClC(Cl)(Cl)C(Cl)(Cl)Cl,187.0
7229665,ClC(Cl)(Cl)C(Cl)(Cl)Cl,187.0
7229666,ClC(Cl)(Cl)C(Cl)(Cl)Cl,187.0
7229667,ClC(Cl)(Cl)C(Cl)(Cl)Cl,187.0
7229668,ClC(Cl)(Cl)C(Cl)(Cl)Cl,187.0
4505326,O=C1CC(=O)NC(=O)N1,248.0
4505327,O=C1CC(=O)NC(=O)N1,248.0
7207829,O=C1CC(=O)NC(=O)N1,248.0
7209248,NC(=O)Nc1ccccc1,147.0
2207173,CCOc1cc(NC(C)=O)ccc1C(=O)OC,148.5
2006806,COP(=S)(OC)Oc1ccc(S(=O)(=O)N(C)C)cc1,53.0
7057033,CC(=O)c1c(O)c(C)c(O)c2c1OC1=CC(=O)C(C(C)=O)C(=O)C12C,204.0
2228919,CCOC(=O)c1c(N)sc2c1CCN(Cc1ccccc1)C2,112.5
2020204,COc1cnc(NS(=O)(=O)c2ccc(N)cc2)nc1,215.0
2227149,CC(C)N(C(=O)CCl)c1ccccc1,77.0
2007914,CCn1cc(C(=O)O)c(=O)c2cnc(N3CCCC3)nc21,315.0
2238167,c1cnc(N2CCN(Cc3ccc4c(c3)OCO4)CC2)nc1,98.0
2100167,NC(=O)CN1CCCC1=O,152.0
2100169,NC(=O)CN1CCCC1=O,152.0
2100168,NC(=O)CN1CCCC1=O,152.0
2100170,NC(=O)CN1CCCC1=O,152.0
2100171,NC(=O)CN1CCCC1=O,152.0
2100172,NC(=O)CN1CCCC1=O,152.0
2100173,NC(=O)CN1CCCC1=O,152.0
2100174,NC(=O)CN1CCCC1=O,152.0
2100175,NC(=O)CN1CCCC1=O,152.0
2100176,NC(=O)CN1CCCC1=O,152.0
2100177,NC(=O)CN1CCCC1=O,152.0
2100178,NC(=O)CN1CCCC1=O,152.0
2100179,NC(=O)CN1CCCC1=O,152.0
2100180,NC(=O)CN1CCCC1=O,152.0
2100181,NC(=O)CN1CCCC1=O,152.0
2100182,NC(=O)CN1CCCC1=O,152.0
2100312,NC(=O)CN1CCCC1=O,152.0
2100313,NC(=O)CN1CCCC1=O,152.0
2100314,NC(=O)CN1CCCC1=O,152.0
2100316,NC(=O)CN1CCCC1=O,152.0
2100315,NC(=O)CN1CCCC1=O,152.0
2100317,NC(=O)CN1CCCC1=O,152.0
2100318,NC(=O)CN1CCCC1=O,152.0
2100320,NC(=O)CN1CCCC1=O,152.0
2100319,NC(=O)CN1CCCC1=O,152.0
2100321,NC(=O)CN1CCCC1=O,152.0
2100322,NC(=O)CN1CCCC1=O,152.0
2100323,NC(=O)CN1CCCC1=O,152.0
2100324,NC(=O)CN1CCCC1=O,152.0
2100325,NC(=O)CN1CCCC1=O,152.0
2100326,NC(=O)CN1CCCC1=O,152.0
2100327,NC(=O)CN1CCCC1=O,152.0
2101279,NC(=O)CN1CCCC1=O,152.0
2105048,NC(=O)CN1CCCC1=O,152.0
4500780,NC(=O)CN1CCCC1=O,152.0
4500781,NC(=O)CN1CCCC1=O,152.0
4504083,NC(=O)CN1CCCC1=O,152.0
4504084,NC(=O)CN1CCCC1=O,152.0
4504085,NC(=O)CN1CCCC1=O,152.0
4504086,NC(=O)CN1CCCC1=O,152.0
4504087,NC(=O)CN1CCCC1=O,152.0
7203723,NC(=O)CN1CCCC1=O,152.0
2014552,COc1c(OC)c2occc2c2oc(=O)ccc12,119.0
7158367,COc1cc(CCN)cc(OC)c1OC,35.5
4500718,O=C(O)C(O)Cc1ccccc1,98.0
2211971,Oc1c(I)cc(I)c2cccnc12,210.0
2205415,CN1C(=O)NC(=O)C(C)(C2=CCCCC2)C1=O,146.5
1549491,O=C(O)CNCP(=O)(O)O,189.5
4504656,Nc1nc(=O)[nH]cc1F,296.0
4504658,Nc1nc(=O)[nH]cc1F,296.0
2201994,CC(C)OC(=O)C(C)(C)Oc1ccc(C(=O)c2ccc(Cl)cc2)cc1,80.5
4513550,CC(C)OC(=O)C(C)(C)Oc1ccc(C(=O)c2ccc(Cl)cc2)cc1,80.5
7230468,CC(C)OC(=O)C(C)(C)Oc1ccc(C(=O)c2ccc(Cl)cc2)cc1,80.5
2019367,NC(N)=Nc1nc(CSCC/C(N)=N/S(N)(=O)=O)cs1,163.5
2019368,NC(N)=Nc1nc(CSCC/C(N)=N/S(N)(=O)=O)cs1,163.5
2300058,NC(N)=Nc1nc(CSCC/C(N)=N/S(N)(=O)=O)cs1,163.5
2004989,Clc1ccc(Cn2c(CN3CCCC3)nc3ccccc32)cc1,167.0
8102411,CC(C)OC(=O)Nc1cccc(Cl)c1,41.0
2241778,COc1c2ccoc2cc2oc(=O)ccc12,188.0
2005512,N=C(N)c1ccccc1,87.0
4512005,CC(C)N1C(=O)c2ccccc2NS1(=O)=O,138.0
4512006,CC(C)N1C(=O)c2ccccc2NS1(=O)=O,138.0
2227164,CNC(=O)Oc1cccc2c1OC(C)(C)O2,129.5
2216223,CCC1(C)CC(=O)NC(=O)C1,126.5
2216566,NNC(=O)c1ccc(O)cc1,265.0
2222839,NNC(=O)c1ccc(O)cc1,265.0
7211563,NNC(=O)c1ccc(O)cc1,265.0
2011096,Nc1ccc2c(c1)Cc1ccccc1-2,129.0
4116139,O=C(O)C(=O)O,101.5
4116148,O=C(O)C(=O)O,101.5
4507987,O=C(O)C(=O)O,101.5
4507988,O=C(O)C(=O)O,101.5
4507990,O=C(O)C(=O)O,101.5
4507991,O=C(O)C(=O)O,101.5
4507989,O=C(O)C(=O)O,101.5
1010439,O,0.0
1011023,O,0.0
1011024,O,0.0
1011063,O,0.0
9009215,O,0.0
1543051,OC1C(O)C(O)C(O)C(O)C1O,249.5
1543052,OC1C(O)C(O)C(O)C(O)C1O,249.5
1543054,OC1C(O)C(O)C(O)C(O)C1O,249.5
1543055,OC1C(O)C(O)C(O)C(O)C1O,249.5
1543056,OC1C(O)C(O)C(O)C(O)C1O,249.5
2209684,OC1C(O)C(O)C(O)C(O)C1O,249.5
2212154,OC1C(O)C(O)C(O)C(O)C1O,249.5
2312417,OC1C(O)C(O)C(O)C(O)C1O,249.5
7114842,OC1C(O)C(O)C(O)C(O)C1O,249.5
7114843,OC1C(O)C(O)C(O)C(O)C1O,249.5
4025533,NO,33.0
4123369,O=C1CCC(C(=O)O)N1,184.7
4123370,O=C1CCC(C(=O)O)N1,184.7
4123371,O=C1CCC(C(=O)O)N1,184.7
1010060,O=C=O,-56.5
1010150,O=C=O,-56.5
1010489,O=C=O,-56.5
1010492,O=C=O,-56.5
1010496,O=C=O,-56.5
1010498,O=C=O,-56.5
1512248,O=C=O,-56.5
1517803,O=C=O,-56.5
2007414,O=C=O,-56.5
9007643,O=C=O,-56.5
9007889,O=C=O,-56.5
9009241,O=C=O,-56.5
9009242,O=C=O,-56.5
9014134,N,-77.7
7111634,CC1=CC(=O)NS(=O)(=O)O1,123.25
7111633,CC1=CC(=O)NS(=O)(=O)O1,123.25
2230525,C=CCOC(Cn1ccnc1)c1ccc(Cl)cc1Cl,52.7
2206977,CCCCCCOc1ccc(N)cc1,44.0
2015903,Cc1nnc(-c2ccccc2)c(=O)n1N,166.9
2239645,C=CC1(C)OC(=O)N(c2cc(Cl)cc(Cl)c2)C1=O,108.0
2204964,CC(C)OC(=O)C(C(=O)OC(C)C)=C1SCCS1,54.0
2203265,CC1=C(C)S(=O)(=O)CCS1(=O)=O,165.0
2239836,O=C(O)COc1nc(Cl)c(Cl)cc1Cl,149.0
2240219,CC1(C)C(C(=O)OC(C#N)c2cccc(Oc3ccccc3)c2)C1(C)C,47.0
2218751,O=C(NC(=O)c1ccccc1Cl)Nc1ccc(OC(F)(F)F)cc1,195.0
2227814,CC(C)Oc1cccc(NC(=O)c2ccccc2C(F)(F)F)c1,104.5
2241960,Nc1c(Cl)c(F)nc(OCC(=O)O)c1Cl,232.0
2218381,CCc1cnc(C2=NC(C)(C(C)C)C(=O)N2)c(C(=O)O)c1,171.0
2217737,COC(=O)c1ccccc1CS(=O)(=O)NC(=O)Nc1nc(OC)cc(OC)n1,187.0
7215035,O=C1CCc2ccc(OCCCCN3CCN(c4cccc(Cl)c4Cl)CC3)cc2N1,139.25
7223876,O=C1CCc2ccc(OCCCCN3CCN(c4cccc(Cl)c4Cl)CC3)cc2N1,139.25
4515620,Oc1c(Cl)cccc1-c1ccccc1,6.0
1515441,Cc1ccc(SSc2ccc(C)cc2)cc1,47.5
7115793,Cc1ccc(SSc2ccc(C)cc2)cc1,47.5
2207451,c1ccc(CCCCc2ccccc2)cc1,52.5
2224376,Cc1ccc(S(=O)(=O)Nc2ccccc2C)cc1,110.0
2204773,CCCCC(O)(Cn1cncn1)c1ccc(Cl)cc1Cl,111.0
2226673,Cc1coc2ccccc2c1=O,68.0
2228729,Nc1cc(Cl)ccc1C(=O)O,232.0
7242297,Nc1cc(Cl)ccc1C(=O)O,232.0
4501308,Nc1cc(C(=O)O)cc(C(=O)O)c1,360.0
7054240,CC(C)OC(=S)SSC(=S)OC(C)C,55.0
7054321,CC(C)OC(=S)SSC(=S)OC(C)C,55.0
2012267,Cc1nnc(N)s1,224.5
2018351,O=C1Nc2cccc3cccc1c23,175.5
2018352,O=C1Nc2cccc3cccc1c23,175.5
2018353,O=C1Nc2cccc3cccc1c23,175.5
2200096,c1cnc2ccc3ncccc3c2c1,177.0
2201607,COC(=O)c1c(C)cc(OC(=O)c2c(C)cc(O)c(C=O)c2O)c(C)c1O,195.0
7206336,O=C1C(Br)=C(Br)C(=O)C(Br)=C1Br,293.0
2010290,O=c1cccco1,-12.5
2221069,O=C1c2ccccc2C(=O)N1c1ccccc1,210.0
7158628,O=C1c2ccccc2C(=O)N1c1ccccc1,210.0
2201557,CC(=O)O[Si](OC(C)=O)(OC(C)=O)OC(C)=O,110.0
7226889,c1ccc(-c2c3ccccc3nc3ccccc23)cc1,184.0
7155126,O=C(CC(c1ccccc1)c1ccccc1)c1ccccc1,96.0
2213979,O=C(Nc1cccc2ccccc12)Nc1cccc2ccccc12,296.0
4114329,O=C(Nc1cccc2ccccc12)Nc1cccc2ccccc12,296.0
7017929,c1ccc(N2CCN(c3ccccc3)CC2)cc1,165.0
2242023,Cc1ccc(O)c(C=O)c1,56.0
2209308,O=C(Nc1ccccc1)C(=O)Nc1ccccc1,254.0
4078674,CCCNC(=O)NCCC,105.0
4088728,Nc1cccc2nsnc12,68.0
7216995,Nc1cccc2nsnc12,68.0
2231159,O=C(c1ccccc1O)c1ccccc1O,59.5
4505912,O=C(c1ccccc1O)c1ccccc1O,59.5
1100686,Nc1nccnn1,175.5
2012828,Nc1nccnn1,175.5
2206368,CC(NC(=O)c1ccccc1)C(=O)O,165.5
1545043,O=Cc1ccc(N(CCCl)CCCl)cc1,86.5
4507620,CCN1CCN(c2cc3c(cc2F)c(=O)c(C(=O)O)cn3C2CC2)CC1,220.0
2241312,O=CNC(O)C(Cl)(Cl)Cl,120.0
2219363,O=C(NC(=O)c1c(F)cccc1F)Nc1cc(Cl)c(OC(F)(F)C(F)C(F)(F)F)cc1Cl,166.0
2017944,OCC(CO)(CCl)CCl,83.0
2013936,O=c1oc2cc(O)ccc2s1,160.0
2235628,NNC(=O)c1ccc(N)cc1O,195.0
4125894,NNC(=O)c1ccc(N)cc1O,195.0
7212769,O=c1oc(=O)c2ccccc2c2ccccc12,217.0
2240046,Clc1ccccc1-c1nnc(-c2ccccc2Cl)nn1,182.0
7018339,COC(=O)c1sccc1S(=O)(=O)NC(=O)Nc1nc(C)nc(OC)n1,176.0
2221110,CCCCn1c2ccccc2c2ccccc21,58.0
7206868,CC(=O)Oc1ccc(Br)cc1C(=O)O,60.0
7212088,CC(=O)Oc1ccc(Br)cc1C(=O)O,60.0
2213657,NN1C(=O)CSC1=S,101.5
2242616,COC(=O)CC(O)(CC(=O)OC)C(=O)OC,79.3
2005766,c1cc2c3c(ccc4c3c1CCC4)CCC2,133.0
2016728,CC(CC(=O)c1ccccc1)C(=O)O,141.0
1506823,N#Cc1c(F)c(F)c(F)c(F)c1C#N,83.0
2218069,O=C1NCCCN1,265.0
1553068,O=C1c2ccccc2C(=O)N1Cc1ccccc1,116.0
2209065,O=C1c2ccccc2C(=O)N1Cc1ccccc1,116.0
2209372,O=C1c2ccccc2C(=O)N1Cc1ccccc1,116.0
2217350,O=C1c2ccccc2C(=O)N1Cc1ccccc1,116.0
2237472,C=C1CC(=O)OC1=O,69.0
4504832,CCCCCCCCCCCCCCCCOP(=O)(O)OCCCCCCCCCCCCCCCC,74.5
1550386,CCOC(=O)c1c(C)cc(O)cc1O,132.0
4111840,Cc1cc(N)ccc1O,176.5
2213498,c1ccc2c(c1)NCCN2,99.0
2241067,Clc1cc(Cl)nc(-c2ccccc2)n1,96.9
4134457,Fc1cc(F)c(F)c(-c2c(F)c(F)cc(F)c2F)c1F,85.0
4501389,CC(=O)Nc1cccnc1,133.0
2244158,CS(=O)(=O)c1cc(C(F)(F)F)ccc1C(=O)c1cnoc1C1CC1,140.0
2241369,CC(C1CC1)C(O)(Cn1cncn1)c1ccc(Cl)cc1,106.65
4510090,COCc1cnc(C2=NC(C)(C(C)C)C(=O)N2)c(C(=O)O)c1,166.0
2240833,COc1cc(OC)nc(NC(=O)NS(=O)(=O)c2c(-c3nnn(C)n3)cnn2C)n1,170.0
2241854,COc1cc(OC)nc(NC(=O)NS(=O)(=O)c2c(-c3nnn(C)n3)cnn2C)n1,170.0
2240307,Cc1cc(C2CC2)nc(Nc2ccccc2)n1,75.9
2009043,OCCCCCCCCCCCCCCO,85.8
2241782,NC(=O)C1CO1,33.0
2242150,Cc1cc(C)nc(Nc2ccccc2)n1,96.3
2240944,OC(c1ccc(F)cc1)(c1cncnc1)c1ccccc1Cl,126.0
2240895,O=C(Nc1ccccc1)N(Cc1ccc(Cl)cc1)C1CCCC1,130.0
2221373,CCCC(Cn1cncn1)c1ccc(Cl)cc1Cl,58.5
2228595,CN(C(=O)COc1nc2ccccc2s1)c1ccccc1,134.8
1554757,O=C(Nc1ccc(F)cc1F)c1cccnc1Oc1cccc(C(F)(F)F)c1,160.0
2004219,O=C(Nc1ccc(F)cc1F)c1cccnc1Oc1cccc(C(F)(F)F)c1,160.0
2219478,O=C(O)c1c(Cl)ccc2cc(Cl)cnc12,274.0
2204776,CCOC(=O)c1cnn(C)c1S(=O)(=O)NC(=O)Nc1nc(OC)cc(OC)n1,181.5
2240949,CC(COc1ccc(Oc2ccccc2)cc1)Oc1ccccn1,46.0
2020316,Cc1nn(C)c(OCC(=O)c2ccccc2)c1C(=O)c1ccc(Cl)cc1Cl,111.5
2241106,C#CCN1C(=O)COc2cc(F)c(N3C(=O)C4=C(CCCC4)C3=O)cc21,202.5
1556824,c1ccc2c(c1)C1c3ccccc3C2c2ccccc21,253.5
1556825,c1ccc2c(c1)C1c3ccccc3C2c2ccccc21,253.5
1556826,c1ccc2c(c1)C1c3ccccc3C2c2ccccc21,253.5
1556827,c1ccc2c(c1)C1c3ccccc3C2c2ccccc21,253.5
1556828,c1ccc2c(c1)C1c3ccccc3C2c2ccccc21,253.5
2109075,c1ccc2c(c1)C1c3ccccc3C2c2ccccc21,253.5
2228562,Cc1c(Cl)cc(-c2ccc(=O)[nH]n2)cc1Cl,251.5
2240856,C#CCOc1cc(-n2nc(C(C)(C)C)oc2=O)c(Cl)cc1Cl,131.0
2222425,Nc1ccc(Oc2ccc(C(c3ccc(Oc4ccc(N)cc4)cc3)(C(F)(F)F)C(F)(F)F)cc2)cc1,161.0
2017478,C=CCC1(C(C)C)C(=O)NC(=O)N(C)C1=O,56.5
2108132,O=C(O)c1ccc(S)cc1,168.5
2018391,CCC1(N2CCCCC2)C(=O)NC(=O)NC1=O,215.0
2018392,CCC1(N2CCCCC2)C(=O)NC(=O)NC1=O,215.0
1559223,Clc1cc2c(Cl)c(Cl)c(Cl)cc2c(Cl)c1Cl,118.3
1512132,CCNc1ccc2c(C)cc(=O)oc2c1,73.5
2207186,Cc1c(O)cc2c(c1O)C(=O)c1ccccc1C2=O,290.0
2101415,O=C(NC(=O)c1ccccc1)c1ccccc1,152.0
7240977,Nc1ccc(C(=O)O)cc1O,213.0
2202134,BrCCCCCCCCCCCCCCBr,50.4
2240975,CCN(CC)C(=O)n1cnc(S(=O)(=O)c2c(C)cc(C)cc2C)n1,115.0
2001867,COc1ccc2c(c1OC)C(=O)O[C@@H]2[C@H]1c2cc3c(cc2CCN1C)OCO3,132.0
7243648,O=C(Nc1ccccc1-c1ccc(Cl)cc1)c1cccnc1Cl,143.3
1553414,c1ccc(-c2oc(-c3ccccc3)c(-c3ccccc3)c2-c2ccccc2)cc1,175.0
4022366,c1ccc2c(Nc3cccc4ccccc34)cccc2c1,115.0
2009402,OC(Cc1ccccc1)(c1ccccc1)c1ccccc1,89.5
7158275,COc1cc(CCn2cccc2C(=O)O)cc(OC)c1OC,132.0
2226039,Clc1cc(Cl)c2ccccc2n1,67.5
1557484,Cc1c(Cl)cccc1Nc1ccccc1C(=O)O,207.25
4104112,Cc1c(Cl)cccc1Nc1ccccc1C(=O)O,207.25
4104113,Cc1c(Cl)cccc1Nc1ccccc1C(=O)O,207.25
7242687,Cc1c(Cl)cccc1Nc1ccccc1C(=O)O,207.25
7236553,CCOC(=O)/C(C#N)=C/c1ccccc1,51.0
1542835,COc1ccc(/C=C/C(=O)O)cc1OC,182.0
7249143,O=C(O)/C=C/c1cccc(C(F)(F)F)c1,136.0
2211342,COc1ccccc1NC(N)=S,156.0
2016727,CC(=S)Nc1ccccc1,77.5
1551803,O=C1CNC(=S)N1,230.0
2300125,CC1=C(CC(=O)O)c2cc(F)ccc2/C1=C/c1ccc(S(C)=O)cc1,183.0
2105479,CNC(N)=S,120.0
2219316,Cc1ccccc1NC(N)=S,162.0
2221390,CCOC(=O)Cn1c(=O)sc2cccc(Cl)c21,79.2
2239682,CC(C)c1cc(Oc2ccccc2)cc(C(C)C)c1NC(=S)NC(C)(C)C,146.0
2102109,NC(=O)/C=C/c1ccccc1,149.0
2102110,NC(=O)/C=C/c1ccccc1,149.0
7223914,O=c1c(O)c(-c2ccc(O)c(O)c2)oc2cc(O)cc(O)c12,316.5
2226797,COc1cc2ccc(=O)oc2cc1O,204.0
2216524,Cc1cc(=O)oc2cc(O)c(O)cc12,275.0
2217269,COc1ccc(-c2cc(=O)c3c(O)c(OC)c(O)cc3o2)cc1,221.0
2208364,COc1cc(/C=C/C(C)=O)ccc1O,129.0
8101082,N#CC(=NO)c1ccccc1,129.0
2240976,COc1cc(OC)nc(NC(=O)NS(=O)(=O)Nc2ccccc2C(=O)C2CC2)n1,161.9
2006256,COc1ccc(/C=N/NC(=O)c2ccncc2)cc1OC,189.0
2240824,CC1=NNC(=O)N(/N=C/c2cccnc2)C1,217.0
2206803,Oc1ccccc1-c1nc2ccccc2o1,123.5
7153864,O=c1oc2ccccc2c(O)c1Cc1c(O)c2ccccc2oc1=O,290.0
2242947,COc1ccccc1NC(C)=O,87.5
2100708,ON=Cc1ccccc1O,57.0
2100707,ON=Cc1ccccc1O,57.0
2100709,ON=Cc1ccccc1O,57.0
2100710,ON=Cc1ccccc1O,57.0
2100711,ON=Cc1ccccc1O,57.0
2100713,ON=Cc1ccccc1O,57.0
2100712,ON=Cc1ccccc1O,57.0
2014927,Oc1ccccc1/C=N/c1ccccc1,49.5
4503914,Oc1ccccc1/C=N/c1ccccc1,49.5
1542728,CCCCCCNC(=O)c1ccc(O)c(O)c1,139.5
2216415,O=C(N/N=C/c1ccccc1O)c1ccncc1,232.0
2000455,CC(C)=CCC1=C(O)C(=O)c2ccccc2C1=O,139.5
2000456,CC(C)=CCC1=C(O)C(=O)c2ccccc2C1=O,139.5
7210172,O=C1C(O)=C(C2CCCCC2)C(=O)c2ccccc21,135.5
4112654,N#Cc1c(Cl)c(Cl)c(Cl)c(C#N)c1Cl,250.0
2311654,CCCCOC(=O)CCC(=O)OCCCC,-29.2
2213958,Nc1c(F)c(F)c(F)c(F)c1F,35.5
2229969,c1ccc(CNc2ccccc2)cc1,37.5
7212333,Fc1cc(F)c(F)c(F)c1,-48.0
7061294,COc1ccc(/N=N/c2ccccc2)cc1,56.0
7061295,COc1ccc(/N=N/c2ccccc2)cc1,56.0
7061298,COc1ccc(/N=N/c2ccccc2)cc1,56.0
7061299,COc1ccc(/N=N/c2ccccc2)cc1,56.0
7061302,COc1ccc(/N=N/c2ccccc2)cc1,56.0
7061305,COc1ccc(/N=N/c2ccccc2)cc1,56.0
2240400,O=C(/C=C/c1ccco1)c1ccccc1,47.0
2226530,CC(=O)N(C)c1ccccc1C,55.5
2208821,CCCCCCCC(=O)c1ccccc1O,20.85
2009082,CC(=O)[C@H]1C[C@@H](CC(=O)O)C1(C)C,67.85
2201414,Cc1cccc(C(=O)C(=O)c2ccccc2)n1,76.85
2011620,Cc1ccc(Sc2ccccc2NS(=O)(=O)c2ccc(C)cc2)cc1,83.85
2006951,CCn1c(=O)n(CC)c(=O)n(CC)c1=O,96.85
2009440,CCn1c(=O)n(CC)c(=O)n(CC)c1=O,96.85
2005734,CO[C@H]1OC[C@@H](O)[C@H](O)[C@@H]1O,102.85
2007440,Cc1ccc(S(=O)(=O)Oc2cccc(N)c2)cc1,104.85
2210180,CCOC(=O)c1cn(C(C)=O)nc1N,109.85
2007456,C#C[C@H]([C@H]1COC(C)(C)O1)N(O)Cc1ccccc1,114.85
2201598,COC(=O)[C@H]1C[C@]2(Sc3ccccc3)O[C@@]1(c1ccc(OC)cc1)c1c2cc(Cl)nc1Cl,117.85
2200919,CC(C)(C)c1nn(-c2ccccc2)c(N)c1Cn1nnc2ccccc21,123.85
2202281,Cc1cc(Cn2nc(C)cc2C)c(O)c(Cn2nc(C)cc2C)c1,124.85
2221718,CC(=O)Nc1ccc(OC(C)C)cc1,129.85
2012106,Cc1ccc(S(=O)(=O)N2C/C(=C\c3cccc(Cl)c3)N(S(=O)(=O)c3ccc(C)cc3)c3ccccc32)cc1,144.85
2201078,O=C(c1ccccc1)N(C(=O)c1ccccc1)c1ccc(Cl)cc1,144.85
2007970,C[C@]12CCC(=O)C[C@H]1CC[C@@H]1[C@@H]2CC[C@]2(C)C(=O)CC[C@@H]12,146.85
2012105,COc1ccc(/C=C2\CN(S(=O)(=O)c3ccc(C)cc3)c3ccccc3N2S(=O)(=O)c2ccc(C)cc2)cc1,151.85
2012104,Cc1ccc(/C=C2\CN(S(=O)(=O)c3ccc(C)cc3)c3ccccc3N2S(=O)(=O)c2ccc(C)cc2)cc1,154.85
2201450,CN(C)C1=C(C=C(c2ccc(F)cc2)c2ccc(F)cc2)C(=O)N(c2ccccc2)C1=O,156.85
2007968,C[C@]12CCC(=O)C=C1C(=O)C[C@@H]1[C@@H]2CC[C@@]2(C)[C@H]1CCC21OCCO1,161.85
2201097,COc1cc([C@H]2OC[C@H]3[C@@H]2CO[C@@H]3c2ccc(OC(C)=O)c(OC)c2)ccc1OC(C)=O,165.85
2012897,CC1=N[C@]2(c3ccccc3)Oc3c(c4ccccc4c4ccccc34)O[C@@H]2O1,165.85
2008344,C[C@@H]1C(=O)C[C@H]2[C@]3(C)CC[C@@]2([C@H](C)C(=O)O)C(=O)[C@H]13,172.85
2219036,COc1cc(-c2nnc3sc(-c4cccnc4)nn23)cc(OC)c1OC,174.85
2201110,CC(=O)c1ccc(NC(=O)c2ccccc2)c(C(=O)c2ccccc2)c1,176.85
2220225,CCCCOc1c(-c2nnc(-c3ccc(Cl)cc3)o2)sc(-c2nnc(-c3ccc(Cl)cc3)o2)c1OCCCC,177.85
2012384,COc1ccc(/C(C(=O)c2ccccc2)=C2/C(=O)N(C(C)=O)c3ccccc32)cc1,179.85
2203493,Nn1c(Cc2ccc(Cl)cc2)n[nH]c1=O,180.85
2008250,C[C@H](CCC(=O)O)[C@H]1CC[C@H]2[C@@H]3CC[C@H]4CC(=O)CC[C@]4(C)[C@H]3CC[C@]12C,188.85
2013331,COC1(OC)c2ccccc2C(O)(c2ccccc2)c2ccccc21,188.85
2224630,O=C1Nc2c(Cl)cccc2C1=O,189.85
2206582,COC(=O)N[C@@H]1[C@@H](O)[C@H](O)[C@@H](CO)O[C@H]1O,195.85
2007969,C[C@]12C=CC(=O)C=C1C(=O)C[C@@H]1[C@@H]2CC[C@@]2(C)[C@H]1CCC21OCCO1,206.85
2008471,C[C@]12CCC(=O)C=C1C(=O)C[C@@H]1[C@@H]2CC[C@]2(C)C(=O)CC[C@@H]12,221.85
2210290,Brc1cc(Br)c2c(c1)CN1CN2Cc2cc(Br)cc(Br)c21,225.18
2211176,O=c1oc(-c2c(F)cccc2Cl)cc2ccccc12,240.85
2200921,CC1(C)OC(=O)C(=CNc2nc3ccc(Cl)cc3s2)C(=O)O1,250.85
2007076,C[C@H](C(=O)O)[C@H]1CC[C@H]2[C@@H]3CC[C@H]4CC(=O)CC[C@]4(C)[C@H]3CC[C@]12C,252.85
2006300,C[C@]12CC[C@H]3[C@@H](CCC4=CC(=O)CC[C@@]43C)[C@@H]1CC[C@@H]2C(=O)O,253.85
2200931,CN1CC(c2ccccc2)(c2ccccc2)C(=O)c2c(cc(-c3ccccc3)c3ccccc23)C1=O,264.85
2011617,NC(=O)c1nccnc1C(N)=O,267.85
2003341,C1CN2CCN3CCN1C23,-14.65
2200022,c1ccc(CCNc2cccc3cccnc23)cc1,57.6
2010786,CC1=C[C@H](O)[C@H]2C[C@@H]1C2(C)C,70.85
2210918,O=C(/C=C/c1ccc(Cl)cc1Cl)c1ccccc1,72.35
2012084,Nc1nccc(-c2ccncc2)n1,81.35
2200102,CSc1nc(Cl)cc(N2CCCCC2)n1,83.85
2013255,CO[C@H]1O[C@H](COC(=O)C(C)(C)C)[C@@H](O)[C@H](OC(=O)C(C)(C)C)[C@@H]1O,89.85
2202469,COC(=O)c1ccc(OS(=O)(=O)c2ccc(C)cc2)cc1,90.35
2005449,Cc1ccc(-n2ncccc2=O)cc1,97.85
2201185,Clc1ccccc1P(c1ccccc1)c1ccccc1,105.35
2202519,O=C1C2=C(C(=O)c3ccccc31)C1(CC1)C21CC1,103.35
2212602,O=C(Cn1cncn1)c1ccc(F)cc1F,105.35
2007625,CCOC(=O)Cn1cnc2ncnc(Cl)c21,108.35
2209634,Clc1ccc(C2(Cn3cncn3)OCCO2)c(Cl)c1,112.35
2006803,OC[C@]1(O)C[C@H](O)[C@H](O)CO1,111.35
2200106,CSc1nc(Cl)c(-c2ccccc2)c(Cl)n1,113.85
2200977,Brc1ccccc1P(c1ccccc1)c1ccccc1,113.85
2203905,CCCCOc1ccc(-c2nn(CCC#N)c(=S)[nH]2)cc1,114.55
2202518,C#C[C@]1(OC)CC[C@H]2[C@@H]3CCc4cc(OC)ccc4[C@H]3CC[C@@]21C,114.35
2200149,CN1CCN(C2=C(Cl)C(=O)c3ccccc3C2=O)CC1,120.35
2203207,O=NN1CC[C@H]1C(=O)O,115.35
2203734,CCOC(=O)c1c(SC)nn(C(=O)c2cccc(C)c2)c1C,115.35
2203368,O=C1SCCN1C(=O)c1ccccc1,121.35
7116979,O=C1SCCN1C(=O)c1ccccc1,121.35
2206920,COC(=O)c1ccccc1NC(=O)CCC(=O)O,124.85
2212098,Clc1ccc(/C=N/CC/N=C/c2ccc(Cl)cc2)cc1,125.35
2004558,CC(C)(C(=O)N1C(=O)C=CC1(C)C)C(=O)N1C(=O)C=CC1(C)C,128.35
2003671,O=C(Nc1ccc(F)cc1)c1c(O)c(F)c(F)c(F)c1F,130.35
2211945,O=CNC(c1ccccc1)c1ccccc1,135.85
2206599,CCn1c2ccc(Br)cc2c2cc(Br)ccc21,139.35
2006934,CCOC(=O)Cn1cnc(=O)c2c1ncn2CC(=O)OCC,139.85
2201883,Cc1ccc([C@H]2O[C@@H](c3ccc(C)cc3)[C@H](C)C(=O)[C@@H]2C)cc1,140.35
2013622,O=C(C(C(=O)N1CCCCC1)c1ccccc1)N1CCCCC1,144.35
2004938,O=C(c1ccccc1)N(Cc1ccccc1-c1ccccc1)C(=O)c1ccccc1,148.35
2203294,O=c1c(=Cc2ccc3c(c2)OCO3)sc2n1CCCN=2,151.35
2005446,Cc1ccn[nH]c1=O,153.85
2211635,Cc1ccc(S(=O)(=O)N(C)Cc2ccc(N)cc2)cc1,154.85
2219723,COc1c(B(O)O)cccc1C(=O)O,157.35
2215665,CC(C)(C)CC(C)(C)Nc1nc(N2CCOCC2)nc(N2CCOCC2)n1,158.85
2008449,Cc1ccc(-n2c(-c3cccnc3)noc2=S)cc1,159.35
2008063,O=P1(NC2CCCCC2)Oc2ccccc2-c2ccccc2O1,159.85
2202510,CN[C@H]1CC[C@@]2(C)[C@@H](CC[C@@H]3[C@@H]2CC[C@]2(C)[C@@H]([C@H](C)N(C)C)CC[C@@H]32)C1,172.35
2012038,NC(=O)Nc1ccc(-c2ccccc2)cc1,173.85
2208091,N#Cc1ccc(Oc2ccnc3ccccc23)cc1C#N,175.45
2200892,COC(=O)c1c(C(=O)OC)c(-c2ccccc2)c2c(Cl)nc(Cl)cc2c1Sc1ccccc1,178.35
2008304,NS(=O)(=O)c1cc(C(=O)OCOC(=O)c2ccccc2)c(NCc2ccco2)cc1Cl,179.35
2202634,CC(=O)[C@H]1CC[C@H]2[C@@H]3CC=C4C[C@@H](OC(=O)CCC(=O)O)CC[C@]4(C)[C@H]3CC[C@]12C,179.85
2220327,O=C(Cl)c1ccc2noc(-c3ccc(Cl)cc3)c2c1,180.35
2203904,C[C@]12CCC(=O)[C@H]3O[C@]31C[C@H]([C@]1(O)CC[C@]3(C)C(=O)CC[C@]34O[C@H]14)C2=O,182.05
2011226,OC[C@@H]1N=C(c2ccccc2)O[C@H]1c1ccccc1,186.35
2013623,O=C(C(C(=O)N1CCOCC1)c1ccccc1)N1CCOCC1,186.85
2202053,Nc1nc(Sc2ccc(Cl)cc2)c(-c2ccccc2)c(N2CCCCC2)n1,188.85
2201890,C[C@@H]1C(=O)[C@H](C)[C@@H](c2ccc(Cl)cc2)O[C@H]1c1ccc(Cl)cc1,190.35
2203725,O=C1CCCCCC/C1=C\c1ccccc1F,192.35
2004023,CCOC(=O)c1cc2cc(C(F)(F)F)c(C(F)(F)F)cc2c(=O)o1,192.85
2215669,CC(C)(C)CC(C)(C)Nc1nc(Cl)nc(NC2CC(C)(C)NC(C)(C)C2)n1,200.85
2202517,CN[C@@H](C)[C@H]1[C@H](O)C[C@@]2(C)[C@@H]3CC[C@H]4C(C)(C)[C@@H](NC)CC[C@@]45C[C@@]35CC[C@]12C,207.35
2202263,COc1c(O)ccc2c1C(=O)N1CCc3cc4c(cc3[C@@H]1C2)OCO4,208.85
2012466,C=C(C(=O)O)[C@H]1CC[C@H]2C(=CC[C@H]3C(C)(C)[C@H](O)CC[C@]23C)C1,218.35
2201126,COc1ccc(-c2oc3c(C)c(OC)cc(OC)c3c(=O)c2C)cc1OC,217.35
2009525,COC(=O)C1=C(C(=O)OC)[C@@H]2C=C[C@H]1c1cc3ccccc3c(-c3ccccc3)c12,219.35
2212422,CCc1nnc(N=Nc2c(-c3ccccc3)n(C)c3ccccc23)s1,220.85
2200344,O=C(O)c1cccc2c1nnn2Cc1ccccc1,220.85
2012186,CC1(C)C=Cc2c(cc3oc4c(O)cccc4c(=O)c3c2O)O1,230.85
2209756,CN(C)c1ccc(C=NNC(=O)c2cnccn2)cc1,253.85
1508273,COC(=O)[C@H](O)[C@H]1C(C)(C)C(=O)[C@@H]2CC3=C4CC(=O)O[C@@H](c5ccoc5)[C@]4(C)CC[C@@H]3[C@@]1(C)C2=O,264.35
2203168,COC(=O)[C@H](O)[C@H]1C(C)(C)C(=O)[C@@H]2CC3=C4CC(=O)O[C@@H](c5ccoc5)[C@]4(C)CC[C@@H]3[C@@]1(C)C2=O,264.35
2200717,C[C@@H]1C(=O)[C@]23C[C@H]1CC[C@H]2[C@@]1(CCC[C@@]2(C)COC(=O)[C@H]21)COC3=O,296.85
2006695,COC(=O)[C@H](CSSC[C@@H](C(=O)OC)N1C(=O)[C@@H]2[C@H](C1=O)[C@@H]1C=C[C@H]2C1)N1C(=O)[C@@H]2[C@H](C1=O)[C@@H]1C=C[C@H]2C1,100.0
2009374,CS[C@H]1C(=O)[C@@H]2CC[C@]3(C)[C@@H](OC(C)(C)C)CC[C@]13[C@H]2Cl,108.5
2216743,CCOC(=O)c1cc(-c2ccccc2)n(-c2ccc(Cl)cc2Cl)n1,124.0
2201359,COC(=O)COC(=O)c1ccc2c(O)c(C(=O)OC)oc2c1,130.0
2007307,O=C(c1ccc2c(c1O)CC=CC2)c1cccc2ccccc12,132.0
2006338,C[C@]12CC[C@@H]3O[C@@H]3[C@H]1CC[C@@H]1[C@@H]2CC[C@]2(C)C(=O)CC[C@@H]12,136.0
2013447,Oc1c(Br)ccc2cccnc12,139.5
2003181,O=C1C=C2C=C[C@@H]3C[C@@]2(O1)[C@H]1CCCCN31,142.5
2010417,O=C1C=C2C=C[C@@H]3C[C@@]2(O1)[C@H]1CCCCN31,142.5
7104148,O=C1C=C2C=C[C@@H]3C[C@@]2(O1)[C@H]1CCCCN31,142.5
2005346,Cc1ccc(OP2(=S)Oc3ccc(Cl)cc3Sc3cc(Cl)ccc3O2)c(C)c1,149.0
2003883,O=C1CCCC[C@H]1P(=S)(c1ccccc1)c1ccccc1,150.0
2201467,O=C(O)[C@@H]1[C@H](C(=O)O)[C@H]2C=C[C@@H]1C2,150.5
2006011,C[C@]12CC[C@H]3O[C@H]3[C@@H]1CC[C@@H]1[C@@H]2CC[C@]2(C)C(=O)CC[C@@H]12,158.0
2201470,O=C(O)[C@@H]1[C@@H]2CC[C@@H](C2)[C@@H]1C(=O)O,160.5
2217328,O=C(NC(=S)Nc1ccc(Cl)cc1)c1ccc(-c2ccccc2)cc1,165.0
2006980,C[Si]1(C)Oc2ccc3ccccc3c2-c2c(ccc3ccccc23)O[Si](C)(C)O1,173.0
2007672,COc1ccc2c(c1)CC[C@@H]1[C@@H]2CC[C@]2(C)[C@]3(OC(C)=O)C=C[C@]12C[C@]3(Cl)C#N,183.5
2204113,CN(C)P(=O)(N(C)C)n1c(N)nc2ccccc21,199.5
2008038,NC(=O)N[C@@H]1O[C@H](CO)[C@@H](O)[C@H](O)[C@H]1O,207.0
2005613,C[C@]12CC[C@H](O)[C@@H](O)[C@H]1CC[C@@H]1[C@@H]2CC[C@]2(C)C(=O)CC[C@@H]12,221.0
2006907,C[C@]12CC[C@@H](O)[C@H](O)[C@@H]1CC[C@@H]1[C@@H]2CC[C@]2(C)C(=O)CC[C@@H]12,233.0
2007304,N#Cc1c(N2CCCC2)nc(N)c2c(-c3ccccc3)cc(-c3ccccc3)nc12,236.0
2010147,NC1=NC(=O)CS1,250.0
2201919,CCc1c(O)c(=O)ccn1N1CCOCC1,258.5
2004353,CC(C)(CC#N)CC#N,29.7
2007212,CC(C)[C@H]1[C@H](O)[C@@]2(O)[C@@]3(C)C[C@]4(O)O[C@@]5([C@H](O)[C@@H](C)CC[C@]35O)[C@@]2(O)[C@]14C,306.0
2200832,Cc1ccc(S(=O)(=O)C#N)cc1,48.0
2004083,C[C@H]1C(=O)[C@H]2[C@@H](C[C@H]1C#N)C2(C)C,54.5
2006624,C1=C2CCCN[C@@H]2[C@H]2C[C@@H]1[C@@H]1CCCCN1C2,71.4
2010338,CC(/N=N/c1cc(Cl)cc(Cl)c1O)=C(\Cl)C(=O)OCCOCCOCCCl,71.5
2007177,COC[C@H]1CCCN1C(=S)SCC(=O)c1ccc(Br)cc1,89.5
2006008,C[C@]1(O)C#CCCCCCC#C[C@@](C)(O)CC1,100.0
2006009,C[C@]1(O)C#CCCCCCC#C[C@@](C)(O)CC1,100.0
2205183,COc1ccc(/C=C/C(=O)c2ccc(O)cc2)cc1,190.0
2209492,O=C(/C=C/c1ccc2c(c1)OCO2)c1ccccc1,118.0
2210318,O=C(/C=C/c1ccc2c(c1)OCO2)c1ccccc1,118.0
2204081,CC(=O)[C@@]12O[C@@H]1C[C@H]1[C@@H]3CCC4=CC(=O)CC[C@]4(C)[C@H]3[C@H](O)C[C@@]12C,205.5
2237107,C[C@]12C=CC(=O)C=C1CC[C@@H]1[C@@H]2CC[C@@]2(C)[C@H]1CC[C@]2(C)O,165.0
2208156,O=S(=O)(Nc1ccccc1Cl)c1ccccc1,125.0
2206633,COc1cc(/C=N/c2ccccc2)ccc1O,140.0
4126238,O=[N+]([O-])c1ccccc1O,44.8
2005526,Clc1ccc(Cl)c(-c2cc(Cl)ccc2Cl)c1,87.0
2209343,O=S(=O)(Nc1cccc(Cl)c1Cl)c1ccccc1,114.0
4029722,CN1C(=O)c2ccccc2C1C=C(c1ccccc1)c1ccccc1,147.0
2204214,CC(=O)O[C@H]1CC[C@@]2(C)C(=CC[C@@H]3[C@@H]2CC[C@]2(C)C(C(C)=O)=CC[C@@H]32)C1,173.0
2207877,O=S(=O)(Nc1ccc(Cl)cc1)c1ccccc1,121.5
2210967,Nc1ccc([N+](=O)[O-])cc1,147.5
4111839,Cc1ccc(N)cc1O,161.0
2228532,CCCCOc1cc(C(=O)NCCN(CC)CC)c2ccccc2n1,64.5
2003634,CCc1occc(=O)c1O,162.0
2003635,CCc1occc(=O)c1O,162.0
2003636,CCc1occc(=O)c1O,162.0
7248281,CCc1occc(=O)c1O,162.0
7248283,CCc1occc(=O)c1O,162.0
7248282,CCc1occc(=O)c1O,162.0
2101964,O=C(O)Cc1c[nH]c2ccccc12,168.5
2200659,O=C(O)Cc1c[nH]c2ccccc12,168.5
2202424,O=c1cc(-c2ccc(O)c(O)c2)oc2cc(O)cc(O)c12,329.5
2311688,O=C(O)/C=C\C(=O)O,287.0
7100672,O=C(O)/C=C\C(=O)O,287.0
7100673,O=C(O)/C=C\C(=O)O,287.0
4503625,C[C@]12CCC(=O)C[C@@H]1CC[C@@H]1[C@@H]2CC[C@@]2(C)[C@H]1CC[C@]2(C)O,192.0
2221162,CN(C)c1ccc(/C=N/c2ccccc2)cc1,99.0
2209626,Clc1cc(Cl)c(-c2cc(Cl)c(Cl)c(Cl)c2Cl)cc1Cl,112.0
1520118,COc1cc(/C=C/C(=O)O)cc(OC)c1O,195.0
