id,T
1000018,180.0
1000019,-97.0
1000508,74.64999999999998
1000509,110.14999999999998
1000510,126.14999999999998
1100110,501.0
1100123,75.14999999999998
1100177,62.14999999999998
1100187,154.14999999999998
1100188,292.15
1100191,158.14999999999998
1100201,113.14999999999998
1100202,72.14999999999998
1100214,124.14999999999998
1100220,113.14999999999998
1100221,120.14999999999998
1100222,98.14999999999998
1100223,108.14999999999998
1100225,124.14999999999998
1100226,180.14999999999998
1100227,49.14999999999998
1100228,192.14999999999998
1100229,170.14999999999998
1100235,92.14999999999998
1100244,79.14999999999998
1100252,230.0
1100264,151.14999999999998
1100265,215.14999999999998
1100266,95.14999999999998
1100274,123.14999999999998
1100684,134.0
1100907,230.0
1100989,83.69999999999999
1100991,223.0
1100992,92.39999999999998
1100994,234.0
1100995,102.19999999999999
1100996,110.0
1100998,113.10000000000002
1101000,101.60000000000002
1101001,101.60000000000002
1101002,107.30000000000001
1101004,112.30000000000001
1101005,112.30000000000001
1101007,112.60000000000002
1101008,106.19999999999999
1101009,106.19999999999999
1101010,111.60000000000002
1101011,111.60000000000002
1101012,111.60000000000002
1101013,114.39999999999998
1101014,114.39999999999998
1101139,-41.0
1501746,177.0
1501747,177.0
1501748,177.0
1501749,177.0
1501822,-37.5
1501823,-38.5
1501848,-98.0
1501902,159.0
1501924,-142.5
1502058,-78.0
1502252,77.0
1502253,133.7
1502389,-181.0
1502430,106.10000000000002
1502476,112.5
1502477,247.0
1502607,-38.5
1502608,-33.5
1502609,-24.0
1502616,-171.5
1502700,239.0
1502701,193.60000000000002
1502707,14.899999999999977
1502708,14.899999999999977
1502709,15.300000000000011
1502710,15.300000000000011
1502731,258.1
1502803,220.14999999999998
1502914,187.0
1502957,155.0
1503059,100.14999999999998
1503061,169.0
1503062,137.0
1503063,107.0
1503120,-64.0
1503121,-38.0
1503122,-152.0
1503173,-36.0
1503174,-36.0
1503329,-137.2
1503341,250.0
1503391,354.0
1503416,269.0
1503417,251.0
1503424,85.0
1503425,99.0
1503442,155.5
1503460,-96.5
1503464,-9.5
1503465,-1.5
1503603,366.6
1503793,119.39999999999998
1503799,-62.0
1503800,-32.0
1503801,-81.0
1503802,-32.0
1503807,78.60000000000002
1503844,161.5
1503977,185.0
1503978,150.0
1504004,115.0
1504017,246.0
1504020,101.0
1504021,118.0
1504036,-62.0
1504037,-2.0
1504097,132.89999999999998
1504098,148.5
1504111,136.5
1504128,-57.0
1504153,190.0
1504155,106.10000000000002
1504236,151.0
1504237,189.0
1504238,178.5
1504239,150.0
1504340,59.0
1504348,-96.81
1504349,-96.81
1504350,-96.81
1504351,-96.81
1504378,-28.0
1504379,-28.0
1504380,-28.0
1504381,6.0
1504382,6.0
1504383,-45.0
1504384,-45.0
1504385,-45.0
1504386,152.0
1504394,-63.0
1504395,-63.0
1504396,8.0
1504397,8.0
1504424,231.14999999999998
1504425,234.14999999999998
1504436,-219.0
1504437,-220.0
1504483,-163.0
1504570,174.0
1504575,82.5
1504580,295.0
1504593,122.0
1504594,153.0
1504595,101.0
1504629,-131.0
1504630,-128.0
1504631,-143.0
1504636,276.6
1504681,289.5
1504707,-113.5
1504781,133.60000000000002
1504929,150.0
1505027,128.0
1505033,103.60000000000002
1505034,199.60000000000002
1505035,-32.0
1505164,289.0
1505225,221.0
1505235,-81.0
1505236,-69.0
1505237,-151.0
1505238,-55.0
1505349,-129.0
1505356,-35.69999999999999
1505357,-75.0
1505358,-3.0
1505359,-51.0
1505360,-75.0
1505374,176.60000000000002
1505375,149.0
1505457,-82.0
1505648,66.0
1505661,-129.1
1505662,97.69999999999999
1505663,53.69999999999999
1505865,-138.0
1505890,260.0
1505894,115.64999999999998
1505994,16.0
1506003,27.0
1506017,90.0
1506018,96.0
1506099,198.0
1506152,181.0
1506220,-48.0
1506221,-81.0
1506222,-22.0
1506223,-13.0
1506235,125.80000000000001
1506236,133.5
1506258,177.0
1506289,294.0
1506290,174.10000000000002
1506302,163.60000000000002
1506315,186.0
1506380,271.0
1506381,271.0
1506382,271.0
1506383,271.0
1506384,271.0
1506385,271.0
1506386,271.0
1506443,199.0
1506444,260.5
1506467,-154.0
1506468,-100.5
1506504,168.0
1506514,-127.0
1506529,-208.5
1506530,-199.5
1506531,-173.5
1506539,-109.0
1506543,-143.5
1506544,-181.5
1506545,-195.5
1506547,139.14999999999998
1506578,75.10000000000002
1506649,-32.0
1506651,-105.6
1506653,195.0
1506655,221.0
1506656,258.0
1506675,-54.19999999999999
1506682,328.0
1506695,111.10000000000002
1506732,136.0
1506751,195.0
1506809,229.5
1506829,-111.30000000000001
1506830,-111.30000000000001
1506833,207.0
1506834,207.0
1506835,207.0
1506836,207.0
1506837,195.0
1506838,184.0
1506915,-64.0
1506916,-108.0
1506923,126.0
1506925,123.0
1506926,153.0
1506999,212.60000000000002
1507024,4.0
1507025,-16.0
1507079,201.14999999999998
1507080,188.14999999999998
1507089,164.0
1507160,-148.0
1507206,97.0
1507208,256.0
1507299,103.0
1507300,140.0
1507301,135.0
1507302,115.0
1507305,-142.2
1507306,-144.5
1507311,98.0
1507331,-84.0
1507332,189.60000000000002
1507333,226.10000000000002
1507366,273.1
1507442,222.0
1507443,198.0
1507461,-87.0
1507486,-105.0
1507550,-48.80000000000001
1507551,-88.0
1507557,-175.5
1507558,-141.5
1507661,-44.0
1507662,-11.5
1507663,101.0
1507668,-82.0
1507937,148.0
1507938,94.0
1508010,-4.0
1508214,98.0
1508215,205.0
1508374,102.0
1508379,135.0
1508592,147.0
1508643,-57.0
1508659,183.0
1508888,-108.5
1508904,149.2
1509133,219.0
1509248,70.0
1511776,116.0
1511777,87.5
1511778,123.0
1511801,-187.0
1511802,-187.0
1511803,-187.0
1511804,-187.0
1511805,-187.0
1511806,-187.0
1511807,-187.0
1511808,-138.0
1511809,-138.0
1511810,-138.0
1511811,-138.0
1511812,-138.0
1511870,163.10000000000002
1511871,98.10000000000002
1511872,165.10000000000002
1511873,128.60000000000002
1511886,-60.5
1511919,83.0
1511979,212.0
1511980,212.0
1511981,212.0
1511983,68.0
1511984,68.0
1511985,68.0
1511986,68.0
1511987,68.0
1511988,68.0
1511989,68.0
1511990,68.0
1511991,68.0
1511992,68.0
1511993,68.0
1511994,68.0
1511995,68.0
1511996,68.0
1511997,68.0
1511998,68.0
1511999,68.0
1512000,68.0
1512001,68.0
1512002,68.0
1512003,68.0
1512004,68.0
1512005,68.0
1512006,68.0
1512007,68.0
1512008,68.0
1512009,68.0
1512010,68.0
1512011,68.0
1512012,68.0
1512013,68.0
1512014,68.0
1512015,68.0
1512023,-82.0
1512024,-136.5
1512025,-74.0
1512091,191.5
1512092,94.5
1512332,-86.0
1512333,-159.0
1512382,130.8
1512383,115.0
1512384,133.8
1512561,-147.0
1513037,137.0
1513038,329.0
1513039,249.0
1513041,241.0
1513044,71.0
1513054,58.0
1513055,129.0
1513056,3.0
1513057,139.0
1513058,127.0
1513059,44.0
1513075,256.45000000000005
1513169,37.0
1513335,269.15
1513336,278.75
1513359,-143.0
1513360,267.1
1513361,-88.0
1513362,-74.0
1513363,166.0
1513364,179.10000000000002
1513365,251.10000000000002
1513366,180.60000000000002
1513819,68.60000000000002
1513931,149.0
1514727,-111.0
1514728,-93.0
1514832,-63.0
1514929,71.0
1515236,132.0
1515237,125.0
1515238,117.0
1515239,115.0
1515301,72.0
1515384,165.0
1515385,118.0
1515438,220.0
1515439,210.0
1515913,-89.0
1515916,-102.0
1515950,260.20000000000005
1516032,-28.0
1516115,-60.0
1516116,-68.0
1516117,-60.0
1516118,188.0
1516119,-60.0
1516246,-113.5
1516247,-145.5
1516334,-149.0
1516335,-143.0
1516336,-143.0
1516337,-116.0
1516338,-117.0
1516386,333.4
1516387,333.4
1516388,333.4
1516389,303.5
1516390,303.5
1516523,155.0
1516524,231.0
1516525,255.0
1516526,232.0
1516574,-86.5
1516611,142.0
1516662,192.0
1516772,160.39999999999998
1516988,-156.0
1517408,39.0
1517427,78.0
1517671,109.10000000000002
1517694,108.0
1517695,102.0
1517696,114.0
1517897,111.0
1517926,102.0
1517927,66.0
1517928,87.0
1517929,60.0
1517930,105.0
1517943,-48.0
1517989,-141.0
1518008,183.14999999999998
1518009,234.14999999999998
1518087,224.0
1518280,-146.5
1518432,146.0
1518433,146.0
1518434,146.0
1518435,146.0
1518436,146.0
1518437,146.0
1518438,146.0
1518439,146.0
1518440,146.0
1518441,146.0
1518442,146.0
1518443,146.0
1518444,146.0
1518445,146.0
1518446,146.0
1518815,151.14999999999998
1518943,-155.0
1518960,127.0
1519449,150.14999999999998
1519670,168.0
1519671,152.0
1519672,121.0
1519673,105.0
1519674,150.0
1519675,176.0
1519689,270.0
1519690,245.10000000000002
1519868,-204.5
1519873,-134.0
1519874,-174.0
1519875,-210.5
1519876,-56.0
1519877,-179.5
1520000,239.20000000000005
1520002,216.2
1520003,186.2
1520004,236.2
1520302,156.0
1520389,147.0
1520573,106.5
1520574,108.0
1520623,89.0
1520625,160.0
1520631,143.0
1529194,-155.0
1529195,-155.0
1529196,-151.0
1529197,-192.5
1529198,-179.0
1529199,-173.0
1529322,-174.5
1529352,204.0
1529353,170.0
1530687,-114.0
1531040,165.0
1531316,193.0
1540583,104.0
1540719,274.0
1540726,163.0
1540727,191.0
1540728,207.0
1540729,181.0
1540730,269.0
1540731,151.0
1542316,727.0
1542330,111.14999999999998
1542487,128.0
1542489,91.0
1542494,180.0
1542504,222.0
1542505,47.0
1542506,166.0
1542509,172.0
1542602,128.0
1542754,160.0
1542756,47.0
1542812,68.0
1542814,82.0
1542815,95.0
1542816,90.0
1542817,70.0
1542818,82.0
1542819,80.0
1542820,90.0
1542821,94.0
1542822,74.0
1542823,80.0
1542824,79.0
1542840,92.0
1542841,138.0
1542842,158.0
1542843,111.0
1542844,173.0
1542881,217.0
1542902,145.0
1542927,242.0
1542931,27.0
1543059,-28.0
1543060,-42.0
1543063,154.0
1543088,90.0
1543109,219.0
1543111,197.5
1543144,140.0
1543146,95.0
1543166,245.0
1543177,113.0
1543422,145.0
1543475,82.0
1543491,116.0
1543536,123.0
1543538,130.0
1543618,150.0
1543619,46.0
1543621,65.0
1543715,-55.0
1543716,-103.0
1543805,188.0
1543884,77.0
1543885,109.0
1543895,207.0
1543985,25.0
1543986,169.0
1544028,129.0
1544041,204.0
1544138,56.14999999999998
1544175,-127.0
1544213,266.0
1544217,169.0
1544223,132.0
1544224,132.0
1544225,132.0
1544226,132.0
1544233,141.5
1544234,-136.0
1544318,216.0
1544400,138.0
1544403,140.0
1544554,159.0
1544555,173.0
1544556,185.0
1544587,120.0
1544765,80.0
1544768,171.0
1544792,185.0
1544819,188.0
1544980,16.0
1544981,-68.0
1545013,177.0
1545025,300.0
1545039,152.0
1545040,105.0
1545041,83.0
1545237,-41.5
1545384,166.0
1545481,103.0
1545487,101.0
1545496,102.0
1545507,187.0
1545537,137.0
1545538,91.0
1545539,111.0
1545540,158.0
1545541,115.0
1545584,327.0
1545617,189.0
1545618,189.0
1545648,213.0
1545665,-148.0
1545666,-146.5
1545667,-93.5
1545680,249.29999999999995
1545681,249.20000000000005
1545682,250.79999999999995
1545683,249.29999999999995
1545684,274.20000000000005
1545685,254.0
1545750,137.0
1545830,180.0
1545831,160.0
1545832,80.0
1545833,150.0
1545834,130.0
1545835,180.0
1545836,125.0
1545837,90.0
1545838,93.0
1546043,65.05000000000001
1546044,66.14999999999998
1546045,66.14999999999998
1546046,65.05000000000001
1546048,66.35000000000002
1546261,-111.5
1546262,-111.5
1546263,-152.5
1546264,-152.5
1546267,-196.0
1546268,-196.0
1546269,-196.0
1546270,-196.0
1546624,212.5
1546625,255.5
1546626,288.5
1546628,318.0
1546629,220.0
1546640,179.0
1546673,202.0
1546679,155.0
1546706,142.0
1546722,126.0
1546748,102.0
1546806,230.0
1546807,273.0
1546922,260.0
1546923,145.0
1547179,-129.5
1547205,128.0
1547206,176.0
1547210,327.84000000000003
1547591,241.64999999999998
1547808,250.70000000000005
1547809,250.10000000000002
1547810,250.70000000000005
1547811,246.0
1547812,246.0
1547813,255.0
1547814,255.0
1547815,244.0
1547816,287.0
1547851,195.0
1547853,114.0
1547854,216.0
1547855,167.0
1547856,252.0
1547857,151.0
1547858,175.5
1548057,58.5
1548359,186.10000000000002
1548360,174.5
1548566,120.0
1548567,107.69999999999999
1548568,162.7
1548570,109.0
1548571,136.7
1548572,198.7
1548573,91.0
1548574,206.0
1548576,56.39999999999998
1548577,156.0
1548667,98.0
1548675,94.0
1548676,104.0
1548678,83.0
1548728,54.0
1548787,151.0
1548832,140.0
1548841,208.0
1548853,216.0
1548854,143.0
1548889,314.0
1549261,141.0
1549267,283.0
1549268,283.0
1549347,56.0
1549359,260.0
1549433,109.0
1549434,79.5
1549435,84.5
1549437,85.0
1549666,162.0
1549714,222.0
1549947,158.60000000000002
1549948,158.60000000000002
1549949,158.60000000000002
1550169,134.0
1550200,220.0
1550533,13.0
1550534,-41.0
1550767,297.15
1550768,311.15
1550769,292.75
1550770,230.14999999999998
1550823,80.0
1550846,137.0
1551078,275.15
1551080,230.14999999999998
1551081,220.14999999999998
1551207,220.0
1551208,117.0
1551529,287.0
1551703,158.5
1551708,180.0
1551715,-83.0
1551744,120.5
1551748,127.0
1551792,118.0
1551793,186.10000000000002
1551854,110.0
1551855,115.0
1551856,123.0
1551857,112.0
1551858,110.0
1551859,159.0
1551860,98.0
1551861,144.0
1551862,134.0
1551863,125.0
1551864,127.0
1551872,154.14999999999998
1551958,274.0
1552104,423.0
1552132,225.0
1552177,100.80000000000001
1552180,170.0
1552300,94.0
1552479,202.0
1552610,103.19999999999999
1552638,171.0
1552639,181.0
1552641,156.0
1552732,-28.0
1552733,-86.0
1552734,-123.0
1552735,-119.0
1552736,-120.0
1552747,95.0
1553097,343.0
1553204,77.5
1553209,154.5
1553223,148.0
1553246,71.5
1553247,80.0
1553248,230.5
1553351,159.8
1553352,160.60000000000002
1553353,104.39999999999998
1553479,206.5
1553482,209.0
1553636,228.5
1553691,260.0
1553716,114.5
1553761,88.0
1553901,146.10000000000002
1554058,159.3
1554059,156.5
1554140,-13.0
1554217,127.0
1554220,113.0
1554223,156.0
1554226,250.5
1554227,235.0
1554368,107.14999999999998
1554408,177.0
1554454,150.0
1554455,129.0
1554456,136.0
1554457,134.0
1554458,141.0
1554473,185.0
1554475,206.0
1554476,175.0
1554477,287.0
1554479,168.0
1554480,81.0
1554542,146.0
1554543,67.0
1554544,70.0
1554545,103.0
1554868,139.0
1554897,103.80000000000001
1555020,3.0
1555092,136.0
1555093,190.0
1555112,190.5
1555151,114.0
1555193,264.0
1555548,122.0
1555571,239.0
1555572,240.0
1555594,117.0
1555750,25.0
1555769,90.0
1556110,116.10000000000002
1556114,87.10000000000002
1556247,143.0
1556248,124.0
1556629,106.5
1556637,24.0
1556897,156.0
1556929,117.0
1557177,58.0
1557291,112.0
1557292,104.0
1557293,146.0
1557294,71.0
1557295,120.0
1557297,128.0
1557320,172.0
1557321,201.0
1557413,139.0
1557519,270.0
1557612,170.0
1557980,138.0
1558329,199.0
1558389,117.0
1558397,-1.0
1558638,135.0
1558639,106.0
1558640,143.5
1558995,140.0
1558996,140.0
1559020,180.0
1559048,123.60000000000002
1559081,254.0
1559082,192.0
1559083,194.0
1559084,282.0
1559130,-67.0
1559228,40.0
1559315,219.0
1559316,135.0
1559318,123.0
1559319,113.0
1559320,190.0
1559321,178.0
1559322,142.0
1559323,120.0
1559324,185.0
1559325,171.0
1559326,205.0
1559327,169.0
1559328,150.0
1559407,263.0
1559484,-13.0
1559620,-1.1999999999999886
1559621,-2.3999999999999773
1559622,-2.3999999999999773
1559623,-2.3999999999999773
1559624,-2.3999999999999773
1559625,271.0
1559626,-2.3999999999999773
1559627,-2.3999999999999773
1559629,-2.3999999999999773
1559630,271.0
1559631,-2.3999999999999773
1559633,-2.3999999999999773
1559634,271.0
1559849,60.0
1559865,126.0
1559923,281.5
1559924,263.5
1560707,203.14999999999998
1561216,217.0
1561945,255.0
1562114,229.45
1562583,900.0
1563562,741.0
1563819,120.10000000000002
1563820,340.0
1563822,110.0
1563824,248.0
1563825,165.0
1563826,194.0
1563827,158.0
1563829,164.0
1563830,212.0
1563831,145.0
1563832,264.0
1564079,160.0
1564080,110.0
1564081,228.0
1564223,179.8
1564224,179.8
1564225,179.8
1564226,179.8
1564228,179.8
1564229,179.8
1564230,179.8
1564231,179.8
1564232,179.8
1564243,263.0
1564317,165.14999999999998
1565037,23.0
1565093,253.0
1565094,253.0
1565095,253.0
1565096,253.0
1565185,-1.0
1565186,157.0
1565231,172.0
1565232,239.0
1565602,294.5
1565603,142.0
1565903,295.15
1565904,110.14999999999998
1565905,246.14999999999998
1566164,113.0
1566165,127.0
1566166,120.0
1566167,110.0
1566484,93.0
1566485,93.0
1566486,93.0
1566487,93.0
1566488,93.0
1566489,93.0
1566490,93.0
1566491,93.0
1566492,93.0
1566493,93.0
1566494,93.0
1566495,93.0
1566496,93.0
1566497,93.0
1566498,93.0
1566499,93.0
1566500,93.0
1566571,162.0
1566738,35.0
1566801,145.0
1566802,125.0
1566803,135.0
1566804,-164.0
1566805,141.0
1567089,69.75
1567170,-145.0
1567171,-133.0
1567172,-145.0
1567181,136.0
1567217,93.0
1567236,-162.0
1567671,148.0
1567750,74.0
1567752,74.0
1567841,137.0
1567842,168.0
1567843,163.0
1567844,175.0
1567846,217.0
1567847,234.0
1567848,184.0
1567849,149.0
1567851,136.0
1567852,185.0
1567853,149.0
1567854,194.0
1567855,268.0
1567856,237.0
1567858,192.0
1567859,211.0
1567860,171.0
1568133,226.0
1568134,171.0
1568135,327.0
1568221,-83.0
1568415,143.0
1568416,144.0
1568825,164.0
1569407,238.14999999999998
1569459,-115.0
1569763,111.0
1569777,126.0
1569818,156.0
1570062,31.0
1570065,-23.0
1570066,25.0
1570067,36.0
1570068,17.0
1571100,80.0
1571101,66.0
1571102,81.0
1571103,65.0
1571104,106.0
1571105,53.0
1571106,79.0
1571168,112.0
1571189,-33.0
1571267,72.0
1571446,20.0
1571493,268.0
1571511,219.0
1571514,119.0
1571706,162.0
1571764,157.0
1572008,204.0
1572160,210.14999999999998
1573209,42.0
1573320,203.0
1573442,91.0
1573594,228.5
1573728,-47.0
1573762,121.0
1573764,134.5
1574037,128.0
1574038,162.0
1574288,188.0
2000001,170.14999999999998
2000004,132.0
2000007,146.0
2000008,114.14999999999998
2000010,82.5
2000011,123.0
2000052,186.0
2000054,214.0
2000072,106.0
2000073,250.14999999999998
2000074,270.15
2000093,116.14999999999998
2000104,127.14999999999998
2000125,300.15
2000642,167.2
2000650,-153.0
2000721,144.0
2000723,128.0
2001125,145.5
2001179,118.0
2001180,93.0
2001233,-198.0
2001237,102.10000000000002
2001239,150.0
2001258,172.0
2001259,209.0
2001325,-215.0
2001326,-157.0
2001373,132.60000000000002
2001411,156.5
2001432,183.5
2001545,100.0
2001560,106.0
2001641,136.0
2001714,181.5
2001740,67.5
2001811,-111.0
2001829,-83.5
2001830,-141.0
2001923,123.0
2002110,92.0
2002111,111.0
2002919,104.10000000000002
2002923,-182.0
2002946,58.0
2002986,147.0
2003024,-59.0
2003033,66.0
2003133,105.0
2003135,101.0
2003136,95.5
2003137,112.0
2003201,205.0
2003202,205.0
2003207,53.0
2003253,114.10000000000002
2003256,142.0
2003257,139.60000000000002
2003259,59.5
2003275,181.5
2003313,-125.0
2003319,173.60000000000002
2003321,135.14999999999998
2003338,184.14999999999998
2003341,-15.0
2003342,56.19999999999999
2003343,220.5
2003350,-38.0
2003361,-110.0
2003364,106.0
2003379,166.14999999999998
2003383,201.0
2003491,139.0
2003509,143.14999999999998
2003586,130.0
2003587,178.14999999999998
2003588,233.14999999999998
2003592,176.5
2003602,101.5
2003613,-63.0
2003649,123.14999999999998
2003660,-86.0
2003661,-65.0
2003663,174.5
2003664,176.5
2003669,172.5
2003671,130.5
2003675,91.0
2003719,150.0
2003722,160.0
2003744,214.5
2003778,63.5
2003779,102.5
2003780,113.5
2003782,108.0
2003798,78.5
2003815,72.0
2003816,64.5
2003817,39.0
2003840,148.10000000000002
2003850,-84.80000000000001
2003862,194.14999999999998
2003873,130.10000000000002
2003883,150.14999999999998
2003904,239.0
2003905,258.0
2003925,98.0
2003936,127.0
2003941,175.14999999999998
2003953,100.0
2003965,218.60000000000002
2003967,191.0
2003982,121.80000000000001
2003983,184.5
2003989,216.10000000000002
2004023,193.0
2004031,136.5
2004049,167.0
2004056,124.0
2004057,89.0
2004061,217.10000000000002
2004072,196.14999999999998
2004080,130.5
2004083,54.60000000000002
2004093,165.14999999999998
2004098,103.0
2004107,121.10000000000002
2004117,22.0
2004128,175.0
2004129,169.0
2004185,-20.0
2004219,162.64999999999998
2004228,93.0
2004270,286.0
2004281,127.0
2004282,152.0
2004288,81.60000000000002
2004293,126.0
2004299,55.0
2004300,70.0
2004304,-99.0
2004319,237.0
2004353,29.850000000000023
2004360,-91.5
2004365,142.0
2004386,114.0
2004398,164.0
2004400,155.0
2004415,152.0
2004424,94.0
2004478,-71.5
2004499,204.5
2004518,120.60000000000002
2004526,-111.0
2004528,-86.0
2004535,136.5
2004545,203.10000000000002
2004557,124.80000000000001
2004558,128.5
2004565,-30.69999999999999
2004566,-31.0
2004574,148.14999999999998
2004575,126.14999999999998
2004584,153.0
2004588,-108.1
2004640,97.0
2004648,150.0
2004670,92.5
2004676,183.60000000000002
2004706,135.0
2004720,137.14999999999998
2004726,201.10000000000002
2004727,240.14999999999998
2004751,110.0
2004752,192.0
2004768,235.60000000000002
2004769,173.60000000000002
2004770,58.5
2004894,-223.5
2004922,240.0
2004935,211.60000000000002
2004938,148.5
2004947,198.0
2004953,250.0
2004967,150.14999999999998
2004991,134.0
2004992,102.0
2005011,-32.5
2005021,99.60000000000002
2005022,139.10000000000002
2005023,75.60000000000002
2005077,242.0
2005084,100.55000000000001
2005119,164.14999999999998
2005134,70.0
2005135,70.5
2005144,88.0
2005167,105.14999999999998
2005168,83.14999999999998
2005169,78.14999999999998
2005176,200.14999999999998
2005179,175.0
2005188,208.0
2005193,-86.0
2005230,58.14999999999998
2005235,106.0
2005264,134.0
2005323,84.60000000000002
2005344,127.10000000000002
2005346,149.10000000000002
2005352,194.10000000000002
2005354,172.0
2005355,213.0
2005375,-149.0
2005378,-31.0
2005380,175.60000000000002
2005385,164.60000000000002
2005408,80.14999999999998
2005414,-181.0
2005415,-132.0
2005416,-96.0
2005442,133.0
2005446,154.0
2005447,152.0
2005448,103.0
2005449,98.0
2005452,125.0
2005454,107.5
2005479,92.0
2005504,120.0
2005511,221.10000000000002
2005536,112.0
2005554,87.0
2005560,75.5
2005572,110.0
2005578,116.14999999999998
2005599,-118.4
2005613,221.0
2005631,-7.0
2005633,149.0
2005635,107.60000000000002
2005636,96.0
2005640,84.0
2005641,83.0
2005644,240.14999999999998
2005656,138.60000000000002
2005672,123.0
2005675,210.0
2005677,-146.0
2005685,148.5
2005697,116.0
2005729,-1.1999999999999886
2005730,248.14999999999998
2005734,103.0
2005738,132.0
2005740,-113.0
2005741,193.5
2005749,146.5
2005755,80.0
2005774,211.0
2005781,119.10000000000002
2005783,152.60000000000002
2005789,154.60000000000002
2005790,144.14999999999998
2005814,-55.5
2005819,98.14999999999998
2005824,97.0
2005825,79.5
2005826,179.5
2005832,-182.5
2005833,-163.5
2005835,68.80000000000001
2005838,-33.0
2005851,272.15
2005860,126.0
2005862,95.0
2005865,-123.5
2005910,179.0
2005914,158.0
2005917,131.5
2005918,181.0
2005944,-157.85
2005945,137.0
2005966,-89.0
2005974,245.0
2005976,121.10000000000002
2006000,89.10000000000002
2006008,100.10000000000002
2006009,100.10000000000002
2006011,158.10000000000002
2006020,172.0
2006025,24.0
2006034,123.0
2006072,-138.5
2006077,121.0
2006078,138.0
2006081,37.14999999999998
2006082,-112.0
2006088,158.60000000000002
2006094,127.0
2006099,165.0
2006109,175.0
2006134,97.0
2006135,107.5
2006136,123.5
2006137,188.0
2006138,157.5
2006139,155.8
2006140,146.0
2006141,151.5
2006142,195.2
2006171,-145.0
2006199,112.14999999999998
2006226,307.0
2006243,105.5
2006262,-159.0
2006269,213.0
2006277,56.5
2006291,41.0
2006300,254.0
2006303,196.0
2006313,147.0
2006332,249.0
2006338,136.10000000000002
2006340,-23.0
2006348,-110.0
2006351,-175.5
2006353,-86.0
2006354,-53.0
2006367,-138.2
2006372,84.10000000000002
2006373,96.60000000000002
2006377,387.0
2006389,181.0
2006402,138.0
2006403,95.0
2006404,80.0
2006405,101.0
2006406,77.0
2006411,94.0
2006434,180.0
2006440,255.14999999999998
2006441,99.5
2006444,230.60000000000002
2006449,127.5
2006458,245.10000000000002
2006465,215.14999999999998
2006466,214.0
2006506,128.5
2006514,-249.0
2006519,104.60000000000002
2006535,44.0
2006543,160.14999999999998
2006547,178.60000000000002
2006550,193.0
2006577,247.14999999999998
2006585,114.0
2006595,57.5
2006605,105.0
2006606,57.0
2006608,176.0
2006609,62.0
2006611,201.0
2006612,-127.0
2006617,-137.5
2006619,209.0
2006622,149.0
2006624,71.5
2006627,246.0
2006628,191.0
2006629,149.5
2006634,240.0
2006644,161.10000000000002
2006654,173.5
2006660,-106.19999999999999
2006669,163.0
2006683,186.0
2006691,143.0
2006695,100.14999999999998
2006697,81.10000000000002
2006704,131.0
2006716,116.0
2006727,27.0
2006728,306.15
2006733,114.75
2006742,118.10000000000002
2006746,171.14999999999998
2006755,82.14999999999998
2006759,134.60000000000002
2006760,89.60000000000002
2006765,238.14999999999998
2006766,246.64999999999998
2006767,199.60000000000002
2006784,-24.5
2006785,14.0
2006790,147.10000000000002
2006804,-126.5
2006810,113.0
2006811,67.0
2006819,7.399999999999977
2006821,-178.0
2006827,22.0
2006847,-33.0
2006849,26.0
2006854,-175.5
2006856,-195.1
2006857,-198.1
2006858,-171.0
2006888,138.0
2006889,51.5
2006907,233.10000000000002
2006932,187.39999999999998
2006933,-151.0
2006934,140.0
2006937,194.5
2006944,124.0
2006946,169.0
2006950,176.0
2006951,97.0
2006952,60.0
2006953,122.0
2006958,-47.0
2006980,173.10000000000002
2006982,-53.0
2006992,113.0
2006997,-15.0
2007002,-53.0
2007052,158.0
2007067,208.14999999999998
2007069,27.0
2007070,150.0
2007075,265.15
2007076,253.0
2007077,253.0
2007082,73.5
2007083,114.5
2007094,183.10000000000002
2007110,111.0
2007115,214.0
2007117,121.5
2007122,-83.0
2007155,31.0
2007177,90.0
2007181,-21.0
2007183,-124.5
2007205,-101.5
2007212,306.0
2007213,218.60000000000002
2007214,228.0
2007215,141.10000000000002
2007239,-118.0
2007246,110.14999999999998
2007247,100.14999999999998
2007253,45.60000000000002
2007255,150.0
2007287,-85.5
2007297,88.10000000000002
2007304,236.10000000000002
2007307,132.0
2007316,152.0
2007317,160.0
2007328,129.5
2007332,153.0
2007334,214.0
2007341,135.0
2007351,115.60000000000002
2007352,78.60000000000002
2007357,-206.0
2007358,129.0
2007379,93.5
2007384,-173.0
2007385,-173.0
2007394,50.80000000000001
2007421,-147.0
2007440,105.0
2007445,90.0
2007446,80.0
2007456,115.0
2007458,-106.0
2007462,-128.0
2007464,-68.5
2007491,-150.0
2007518,95.0
2007523,177.2
2007527,197.0
2007537,85.0
2007539,177.10000000000002
2007551,-138.5
2007552,-131.0
2007568,191.0
2007570,147.0
2007574,81.0
2007579,248.14999999999998
2007588,88.0
2007590,-17.69999999999999
2007591,-61.5
2007603,52.0
2007615,125.0
2007623,40.0
2007625,108.5
2007634,128.0
2007637,-49.0
2007652,-116.0
2007653,-93.0
2007671,209.0
2007672,183.60000000000002
2007712,148.60000000000002
2007716,133.0
2007717,103.0
2007721,178.0
2007729,193.0
2007740,116.0
2007751,21.0
2007782,125.0
2007784,137.14999999999998
2007785,195.14999999999998
2007797,164.14999999999998
2007798,150.0
2007806,212.0
2007807,205.0
2007808,130.0
2007809,128.0
2007811,-23.0
2007816,128.0
2007827,-170.0
2007853,204.0
2007873,-45.0
2007903,126.5
2007904,197.10000000000002
2007907,167.0
2007918,-66.0
2007948,-191.5
2007949,135.5
2007954,220.0
2007956,213.5
2007968,162.0
2007969,207.0
2007970,147.0
2007971,293.5
2007995,105.0
2007997,165.0
2007998,101.5
2007999,116.5
2008000,0.5
2008011,-175.0
2008012,-180.0
2008035,144.5
2008036,218.2
2008037,165.5
2008038,207.14999999999998
2008063,160.0
2008073,-94.0
2008082,175.14999999999998
2008083,193.14999999999998
2008086,-49.400000000000006
2008087,171.0
2008093,160.0
2008105,37.0
2008119,155.10000000000002
2008128,98.14999999999998
2008131,76.0
2008135,-112.0
2008138,251.14999999999998
2008139,285.0
2008143,129.5
2008155,200.0
2008156,140.0
2008185,12.449999999999989
2008187,16.75
2008196,63.5
2008208,66.0
2008209,150.0
2008210,88.0
2008211,100.14999999999998
2008220,-6.0
2008250,189.0
2008251,73.0
2008252,210.0
2008267,141.14999999999998
2008282,391.0
2008284,-48.0
2008292,-96.0
2008293,175.0
2008303,131.5
2008304,179.5
2008311,174.0
2008321,-32.0
2008324,101.0
2008333,152.14999999999998
2008342,120.0
2008344,173.0
2008348,150.0
2008349,108.0
2008384,50.0
2008394,265.0
2008395,120.5
2008404,176.0
2008418,206.0
2008444,178.14999999999998
2008449,159.5
2008450,64.5
2008460,124.0
2008463,149.10000000000002
2008468,179.0
2008471,222.0
2008496,130.8
2008520,134.0
2008532,124.5
2008533,202.14999999999998
2008535,243.14999999999998
2008544,103.0
2008552,87.14999999999998
2008586,192.0
2008589,-137.0
2008623,146.0
2008624,138.0
2008656,255.0
2008678,112.0
2008679,137.0
2008680,137.0
2008686,207.0
2008691,89.0
2008701,163.0
2008702,188.0
2008710,141.0
2008723,-87.69999999999999
2008729,64.0
2008732,203.0
2008756,192.5
2008757,188.0
2008775,189.0
2008776,164.0
2008780,-9.0
2008789,131.0
2008815,219.8
2008816,162.89999999999998
2008836,192.0
2008837,-154.5
2008838,-130.0
2008855,-128.5
2008863,203.0
2008891,238.0
2008909,124.0
2008926,136.0
2008939,-70.0
2008961,91.60000000000002
2008964,85.0
2008965,101.0
2009009,43.0
2009011,111.5
2009012,176.35000000000002
2009013,174.8
2009014,191.0
2009019,281.0
2009025,194.0
2009052,-138.0
2009082,68.0
2009085,-45.5
2009102,310.0
2009114,127.5
2009115,178.0
2009116,172.0
2009119,295.0
2009129,75.0
2009169,242.0
2009170,57.0
2009171,147.0
2009175,114.60000000000002
2009176,125.10000000000002
2009207,-5.0
2009211,33.0
2009216,136.0
2009250,275.1
2009253,131.0
2009254,95.0
2009257,67.0
2009258,38.0
2009269,70.5
2009272,190.0
2009304,78.0
2009374,108.60000000000002
2009384,89.0
2009390,123.5
2009391,180.0
2009415,169.0
2009418,227.0
2009431,259.75
2009437,180.5
2009438,203.0
2009463,196.5
2009493,150.0
2009496,97.14999999999998
2009525,219.5
2009526,151.0
2009559,130.0
2009597,210.0
2009598,127.5
2009599,162.5
2009664,98.5
2009665,75.0
2009675,-45.0
2009712,79.0
2009713,119.0
2009718,229.64999999999998
2009719,59.0
2009742,-233.5
2009758,176.5
2009759,326.0
2009772,139.0
2009773,211.0
2009774,165.0
2009775,239.0
2009864,89.0
2009900,118.0
2009918,-121.0
2009919,-125.5
2009920,131.0
2009922,94.0
2009923,99.0
2009928,122.5
2009945,83.10000000000002
2009984,158.14999999999998
2009992,127.0
2009993,181.14999999999998
2010010,-46.0
2010031,62.5
2010041,111.0
2010045,243.60000000000002
2010049,145.0
2010050,148.0
2010060,-122.5
2010062,-175.0
2010122,160.0
2010133,140.5
2010147,250.14999999999998
2010162,76.60000000000002
2010175,134.5
2010196,-197.6
2010197,-206.0
2010272,140.10000000000002
2010338,71.60000000000002
2010341,239.5
2010352,54.5
2010407,-159.0
2010409,161.60000000000002
2010410,178.60000000000002
2010417,142.60000000000002
2010424,-143.0
2010459,205.0
2010460,205.0
2010471,-145.0
2010476,117.0
2010477,53.0
2010497,76.60000000000002
2010498,164.60000000000002
2010503,97.5
2010527,189.5
2010539,210.0
2010558,80.0
2010559,78.0
2010563,308.0
2010567,102.0
2010582,-97.0
2010584,175.5
2010590,212.0
2010591,131.8
2010592,-10.0
2010595,212.0
2010596,182.0
2010614,-134.0
2010625,339.0
2010644,75.0
2010647,298.0
2010660,210.14999999999998
2010673,209.0
2010697,186.0
2010698,153.0
2010708,160.0
2010709,103.0
2010722,128.35000000000002
2010729,184.0
2010742,60.0
2010756,172.0
2010759,-43.0
2010774,302.0
2010775,132.0
2010786,71.0
2010810,176.60000000000002
2010814,155.5
2010815,140.5
2010828,190.0
2010829,87.0
2010852,179.0
2010858,153.0
2010873,105.14999999999998
2010900,270.5
2010912,194.0
2010913,164.0
2010918,141.5
2010941,87.5
2010949,77.0
2010970,-184.1
2010976,131.5
2010982,88.5
2010983,165.5
2010991,63.0
2011012,-21.0
2011013,-30.0
2011015,157.0
2011016,151.0
2011018,29.0
2011035,108.0
2011036,97.0
2011037,279.0
2011044,124.14999999999998
2011047,55.0
2011052,-87.0
2011070,57.0
2011076,247.5
2011077,155.0
2011101,100.5
2011132,-68.0
2011144,220.0
2011145,165.0
2011161,185.0
2011167,112.0
2011189,-132.0
2011190,-126.0
2011191,-135.0
2011192,-78.0
2011193,-98.0
2011196,150.0
2011197,203.0
2011208,-209.0
2011212,184.0
2011218,112.14999999999998
2011226,186.5
2011229,179.0
2011254,-88.5
2011268,88.5
2011269,146.0
2011282,204.0
2011283,261.0
2011302,236.5
2011306,69.0
2011307,119.0
2011312,172.0
2011313,201.0
2011333,143.0
2011334,184.0
2011335,274.0
2011336,232.0
2011357,74.5
2011363,-55.0
2011364,-35.0
2011365,-1.0
2011379,238.0
2011385,207.0
2011387,205.0
2011389,246.60000000000002
2011396,52.39999999999998
2011397,80.5
2011398,171.5
2011399,179.0
2011400,-43.0
2011421,79.0
2011423,216.0
2011445,165.0
2011454,138.0
2011459,137.10000000000002
2011460,39.14999999999998
2011472,-158.0
2011475,65.0
2011488,131.5
2011495,139.0
2011516,173.0
2011517,119.0
2011520,134.0
2011523,143.0
2011524,143.0
2011525,65.0
2011526,65.0
2011531,-89.0
2011532,-61.0
2011533,-43.5
2011535,115.30000000000001
2011537,64.10000000000002
2011544,208.0
2011557,142.0
2011558,114.5
2011559,35.0
2011560,156.0
2011576,230.0
2011584,-93.0
2011585,-123.0
2011604,116.5
2011605,265.0
2011606,183.5
2011607,158.0
2011617,268.0
2011620,84.0
2011630,120.5
2011637,147.0
2011640,58.0
2011648,171.5
2011650,139.0
2011653,90.0
2011657,99.0
2011658,-98.0
2011662,210.0
2011667,111.0
2011668,183.0
2011670,248.14999999999998
2011672,-161.0
2011675,173.0
2011680,164.0
2011709,270.0
2011712,271.15
2011715,284.0
2011716,97.0
2011741,-0.19999999999998863
2011742,-75.5
2011752,162.0
2011755,193.0
2011759,-3.0
2011790,123.0
2011797,147.0
2011798,110.0
2011802,197.5
2011803,122.5
2011804,187.5
2011828,120.0
2011840,186.0
2011845,80.19999999999999
2011849,76.5
2011869,207.5
2011870,198.0
2011879,249.14999999999998
2011880,-13.0
2011881,271.15
2011898,148.14999999999998
2011920,180.0
2011925,207.0
2011943,219.0
2011944,184.0
2011995,164.5
2011996,175.5
2011997,123.5
2011998,181.8
2011999,169.2
2012002,240.0
2012013,217.5
2012017,86.0
2012018,251.0
2012024,139.0
2012038,174.0
2012045,174.0
2012082,154.0
2012084,81.5
2012085,84.0
2012099,182.0
2012104,155.0
2012105,152.0
2012106,145.0
2012119,108.0
2012120,111.0
2012123,205.5
2012124,328.0
2012128,-143.5
2012134,167.0
2012138,240.0
2012145,138.0
2012186,231.0
2012197,167.14999999999998
2012198,172.14999999999998
2012199,128.0
2012200,105.0
2012205,96.0
2012219,146.5
2012220,163.0
2012221,133.2
2012222,164.0
2012223,195.5
2012226,258.0
2012227,113.5
2012228,153.0
2012245,105.0
2012267,225.0
2012268,201.5
2012272,105.0
2012282,64.0
2012327,193.0
2012349,149.0
2012350,95.0
2012351,130.5
2012355,177.0
2012376,42.0
2012379,117.5
2012380,111.0
2012381,154.5
2012384,180.0
2012396,144.0
2012397,193.0
2012423,152.0
2012427,259.0
2012433,191.0
2012434,162.0
2012437,127.0
2012439,79.0
2012453,181.5
2012459,170.0
2012461,128.0
2012462,182.0
2012464,222.0
2012466,218.5
2012495,158.0
2012499,40.0
2012500,304.0
2012501,233.0
2012515,193.0
2012516,203.0
2012522,162.0
2012523,220.0
2012524,240.0
2012525,222.0
2012536,207.0
2012547,310.0
2012548,285.0
2012549,290.0
2012568,71.0
2012569,78.0
2012576,48.60000000000002
2012577,128.0
2012602,158.0
2012604,113.0
2012605,190.0
2012606,122.5
2012649,169.0
2012650,252.0
2012668,306.0
2012669,346.1
2012670,196.0
2012677,109.0
2012696,125.0
2012697,127.0
2012699,135.0
2012703,213.0
2012704,263.0
2012705,234.0
2012706,214.0
2012718,220.0
2012719,140.0
2012730,-107.0
2012731,206.0
2012746,-133.0
2012754,143.0
2012758,-108.0
2012759,-131.0
2012761,157.0
2012774,329.0
2012807,270.0
2012810,221.0
2012816,242.0
2012818,73.0
2012827,123.0
2012841,192.0
2012844,38.0
2012866,159.0
2012867,146.0
2012871,95.0
2012879,137.0
2012880,90.0
2012891,-97.0
2012894,180.0
2012897,166.0
2012898,183.0
2012899,140.0
2012911,160.0
2012937,32.0
2012964,130.0
2012970,260.0
2012972,-73.0
2012981,213.0
2012982,148.0
2012983,103.0
2012993,-87.0
2012994,148.14999999999998
2012995,154.14999999999998
2013015,-69.0
2013021,56.5
2013022,88.0
2013023,89.0
2013041,145.0
2013049,-132.8
2013065,111.0
2013066,136.0
2013071,129.0
2013083,126.0
2013095,109.0
2013096,108.0
2013101,258.0
2013113,193.5
2013123,-134.0
2013130,92.0
2013131,198.0
2013134,225.0
2013144,106.0
2013145,192.0
2013147,149.0
2013148,131.0
2013149,149.0
2013155,100.0
2013159,85.0
2013162,293.0
2013164,197.0
2013169,272.0
2013172,197.5
2013174,92.0
2013179,136.0
2013191,174.8
2013193,236.0
2013204,213.0
2013214,158.0
2013234,-133.0
2013236,237.0
2013252,-203.0
2013255,90.0
2013263,111.5
2013264,136.60000000000002
2013265,123.10000000000002
2013266,97.10000000000002
2013267,188.10000000000002
2013284,275.0
2013293,150.0
2013294,203.0
2013313,151.0
2013322,-102.0
2013323,-164.0
2013330,244.0
2013331,189.0
2013334,119.0
2013335,153.0
2013339,149.5
2013345,183.10000000000002
2013347,235.0
2013354,75.0
2013375,37.0
2013376,134.0
2013409,120.0
2013410,194.0
2013412,137.5
2013413,85.0
2013423,199.0
2013435,82.0
2013438,198.0
2013447,139.60000000000002
2013462,159.0
2013472,-140.0
2013473,197.0
2013474,240.0
2013475,262.0
2013476,114.0
2013477,176.0
2013490,208.89999999999998
2013509,80.0
2013510,90.0
2013511,143.0
2013512,110.0
2013538,170.0
2013542,-83.0
2013567,345.0
2013572,159.60000000000002
2013573,120.5
2013578,128.0
2013585,111.0
2013588,223.10000000000002
2013589,143.0
2013590,181.5
2013591,149.5
2013595,60.0
2013596,67.0
2013607,203.0
2013612,74.0
2013622,144.5
2013623,187.0
2013624,70.0
2013654,146.0
2013655,224.0
2013680,201.0
2013681,243.0
2013683,238.0
2013684,240.0
2013700,234.0
2013759,-52.0
2013769,-158.0
2013770,-198.0
2013771,-213.0
2013772,234.0
2013773,221.0
2013774,209.0
2013776,225.10000000000002
2013780,63.0
2013789,55.0
2013805,67.0
2013817,143.0
2013832,95.0
2013833,93.5
2013852,196.0
2013853,210.0
2013859,277.0
2013866,180.0
2013868,228.0
2013869,126.0
2013870,226.0
2013899,127.0
2013905,158.8
2013912,176.0
2013928,145.5
2013929,109.0
2013945,244.0
2013946,234.0
2013947,240.0
2013973,-148.0
2013978,95.0
2013984,152.0
2013985,207.0
2013986,175.0
2013987,103.0
2013988,192.0
2013989,232.0
2013990,103.0
2013992,135.0
2014006,73.0
2014010,161.0
2014011,228.0
2014012,211.0
2014026,210.0
2014027,140.0
2014028,447.0
2014031,161.0
2014042,-108.0
2014050,149.0
2014051,303.0
2014064,214.0
2014068,194.0
2014080,140.0
2014082,-78.0
2014110,105.0
2014118,160.0
2014123,-69.0
2014124,-59.0
2014125,-157.0
2014135,-143.5
2014152,105.39999999999998
2014176,48.0
2014177,50.0
2014179,140.0
2014180,260.0
2014184,210.0
2014222,200.0
2014223,239.5
2014227,228.0
2014229,80.0
2014255,85.5
2014256,85.0
2014278,229.5
2014279,233.0
2014280,233.10000000000002
2014281,213.3
2014288,181.64999999999998
2014289,204.2
2014300,243.0
2014312,190.0
2014313,190.0
2014333,-158.5
2014356,67.5
2014357,194.0
2014360,-89.1
2014361,-120.4
2014366,6.149999999999977
2014406,186.0
2014417,158.0
2014448,68.0
2014476,85.0
2014479,-69.0
2014492,151.0
2014493,226.0
2014510,73.0
2014519,270.70000000000005
2014529,240.0
2014573,71.0
2014575,-197.0
2014626,239.5
2014627,242.0
2014644,246.0
2014654,59.0
2014655,170.0
2014656,107.0
2014657,136.0
2014658,96.0
2014662,87.0
2014663,112.0
2014665,155.0
2014679,-4.0
2014691,-192.5
2014692,-104.0
2014695,157.0
2014696,151.0
2014698,220.0
2014706,672.0
2014750,210.0
2014751,191.5
2014752,179.5
2014767,143.0
2014768,194.39999999999998
2014777,172.0
2014778,214.0
2014779,219.0
2014801,164.0
2014807,-138.0
2014812,-68.0
2014819,196.0
2014837,-103.0
2014840,95.0
2014841,143.0
2014845,301.0
2014846,231.0
2014854,-69.0
2014863,145.0
2014868,123.0
2014873,115.0
2014882,126.0
2014883,141.0
2014884,116.0
2014885,141.0
2014912,72.0
2014913,106.0
2014927,-224.0
2014928,124.0
2014933,168.60000000000002
2014951,175.5
2014952,153.5
2014965,205.0
2014973,217.5
2014974,165.0
2014975,122.0
2014979,18.0
2014980,18.0
2014983,215.0
2014984,149.0
2014994,127.0
2015011,208.0
2015014,139.0
2015019,-203.0
2015020,-203.0
2015077,-121.0
2015092,214.60000000000002
2015093,252.0
2015160,27.0
2015161,18.0
2015162,-24.0
2015182,130.35000000000002
2015205,181.8
2015221,219.0
2015227,222.0
2015249,105.0
2015250,114.5
2015263,147.0
2015279,250.0
2015280,148.0
2015289,155.0
2015291,163.0
2015292,101.0
2015297,43.0
2015306,-109.0
2015307,-133.0
2015308,-75.0
2015332,-83.0
2015333,-83.0
2015335,134.0
2015336,132.0
2015345,104.0
2015372,221.60000000000002
2015373,250.0
2015385,-115.0
2015398,179.0
2015430,232.5
2015452,160.0
2015455,286.0
2015474,86.0
2015484,119.0
2015502,-76.6
2015511,118.5
2015567,117.0
2015568,112.0
2015644,85.0
2015645,-241.0
2015647,200.0
2015650,215.5
2015651,194.5
2015669,62.0
2015685,72.0
2015702,125.10000000000002
2015703,196.89999999999998
2015707,179.5
2015741,157.0
2015742,230.0
2015743,195.0
2015744,140.0
2015745,194.0
2015748,259.0
2015751,149.8
2015757,137.0
2015758,144.0
2015783,-22.0
2015802,196.0
2015803,179.0
2015811,236.60000000000002
2015818,-182.0
2015841,116.0
2015860,141.0
2015861,141.0
2015866,223.0
2015884,-39.0
2015903,169.0
2015905,173.0
2015906,216.0
2015940,109.0
2015953,-85.0
2015964,203.14999999999998
2015982,135.0
2015998,210.0
2016005,160.0
2016006,184.5
2016012,88.0
2016043,107.0
2016044,154.0
2016045,166.0
2016046,156.0
2016060,188.5
2016061,193.0
2016110,169.0
2016111,168.0
2016124,137.0
2016125,155.0
2016136,120.0
2016154,238.0
2016155,239.0
2016158,147.0
2016193,220.0
2016242,128.0
2016243,90.0
2016251,83.0
2016252,184.0
2016262,320.0
2016271,110.0
2016304,40.0
2016312,-83.0
2016313,-73.0
2016314,-13.0
2016382,124.0
2016383,134.0
2016384,158.0
2016429,171.0
2016433,198.0
2016434,181.0
2016435,63.5
2016442,209.0
2016445,285.0
2016446,271.0
2016449,189.5
2016470,181.0
2016484,226.0
2016485,198.0
2016486,182.0
2016494,250.0
2016495,230.0
2016496,168.0
2016498,120.0
2016504,17.0
2016526,166.0
2016527,164.0
2016537,126.0
2016544,189.0
2016545,215.0
2016549,-118.5
2016550,-133.7
2016551,-104.69999999999999
2016552,-175.8
2016609,63.0
2016610,70.0
2016611,159.0
2016612,189.0
2016613,130.0
2016623,171.0
2016627,161.0
2016637,100.0
2016641,310.0
2016647,170.0
2016648,123.0
2016649,185.0
2016670,261.0
2016684,115.0
2016685,115.0
2016686,115.0
2016687,115.0
2016702,250.0
2016715,105.0
2016721,49.0
2016727,77.0
2016732,142.0
2016733,90.0
2016737,-43.0
2016755,118.0
2016756,160.0
2016757,112.0
2016796,-83.0
2016797,-63.0
2016798,-37.0
2016823,172.0
2016824,202.0
2016843,265.0
2016844,140.0
2016847,90.0
2016848,131.0
2016849,150.0
2016850,150.0
2016888,128.0
2016902,165.0
2016944,63.0
2016950,109.0
2016952,247.0
2016953,257.0
2016982,193.0
2016984,82.0
2016985,92.0
2016986,142.0
2016997,225.0
2017005,64.0
2017043,70.0
2017069,212.89999999999998
2017070,213.3
2017086,144.67000000000002
2017087,144.67000000000002
2017088,144.67000000000002
2017089,144.67000000000002
2017098,332.0
2017119,138.0
2017140,-31.0
2017202,93.0
2017203,129.0
2017204,164.0
2017205,127.0
2017227,308.0
2017228,310.0
2017240,72.87
2017299,169.0
2017300,107.0
2017342,180.0
2017398,31.0
2017399,46.0
2017400,46.0
2017432,-74.0
2017433,-87.0
2017445,-167.0
2017478,59.0
2017488,120.0
2017494,188.0
2017495,156.0
2017496,156.0
2017499,292.0
2017500,303.0
2017501,210.0
2017553,113.0
2017593,300.0
2017619,146.0
2017674,83.0
2017691,185.0
2017702,194.0
2017705,-131.0
2017709,80.0
2017710,170.0
2017711,184.0
2017712,132.0
2017720,-103.0
2017723,63.0
2017724,108.0
2017725,147.0
2017726,301.0
2017779,187.64999999999998
2017780,179.64999999999998
2017781,144.14999999999998
2017790,27.0
2017826,-42.0
2017887,179.0
2017888,202.0
2017889,202.0
2017890,252.0
2017891,201.0
2017892,232.0
2017894,185.0
2017906,156.0
2017907,179.0
2017972,1.0
2017974,88.0
2017985,209.0
2017986,207.0
2017987,204.0
2017988,205.0
2017991,172.0
2017992,189.0
2018006,-55.0
2018007,-55.0
2018013,799.0
2018014,190.0
2018015,163.0
2018018,191.0
2018019,186.0
2018044,114.0
2018158,194.0
2018161,258.0
2018175,201.0
2018206,106.0
2018207,69.0
2018208,113.0
2018209,99.0
2018210,97.0
2018237,193.0
2018306,146.0
2018386,282.29999999999995
2018422,91.0
2018423,73.0
2018457,141.0
2018458,222.0
2018481,77.0
2018498,222.0
2018519,44.68000000000001
2018520,48.339999999999975
2018521,62.389999999999986
2018529,150.0
2018530,159.0
2018557,175.0
2018573,178.0
2018583,194.5
2018585,140.0
2018588,102.0
2018594,155.0
2018598,145.0
2018611,100.69999999999999
2018612,100.69999999999999
2018665,57.0
2018729,163.0
2018730,162.0
2018731,159.0
2018735,241.0
2018736,293.0
2018757,62.69999999999999
2018758,52.19999999999999
2018810,230.0
2018811,222.0
2018822,145.0
2018823,71.0
2018826,-95.0
2018830,200.0
2018831,209.0
2018907,2.0
2018946,152.0
2018947,213.0
2018948,241.0
2018975,89.60000000000002
2018976,133.0
2019006,113.0
2019029,232.0
2019074,190.0
2019096,278.0
2019165,93.0
2019166,80.0
2019170,143.0
2019171,98.0
2019172,147.0
2019173,145.0
2019205,152.0
2019206,135.0
2019207,154.0
2019208,141.0
2019320,225.38
2019328,58.0
2019329,58.0
2019332,-38.0
2019333,-38.0
2019334,-38.0
2019348,240.0
2019352,93.0
2019435,86.0
2019436,63.0
2019437,140.0
2019438,52.0
2019453,126.0
2019454,104.0
2019507,257.0
2019614,220.0
2019730,105.0
2019731,105.0
2019732,140.0
2019733,140.0
2019769,173.60000000000002
2019872,200.0
2019873,189.0
2019958,189.89999999999998
2020036,-37.0
2020255,152.0
2020256,137.0
2020276,189.0
2020277,157.0
2020278,183.0
2020279,183.0
2020299,282.0
2020428,169.0
2020429,150.0
2020441,223.0
2020442,175.0
2020453,116.0
2020454,124.0
2020455,111.0
2020456,122.0
2020457,127.0
2020458,142.0
2020459,131.0
2020460,83.0
2020461,86.0
2020462,100.0
2020480,106.0
2020481,170.0
2020549,150.0
2020550,150.0
2020715,129.0
2020716,108.0
2020717,163.0
2020796,189.8
2020824,125.0
2020825,170.0
2020826,180.0
2020830,213.0
2020831,225.0
2020840,115.0
2020841,115.0
2020843,160.0
2020899,2.0
2020923,730.0
2020924,560.0
2021009,67.14999999999998
2021010,127.14999999999998
2021011,85.14999999999998
2021121,173.10000000000002
2021146,-120.0
2021211,153.0
2021212,103.0
2021239,87.0
2021240,129.0
2021241,122.0
2021304,150.0
2021305,150.0
2021306,149.7
2021307,149.7
2021333,558.0
2021362,147.10000000000002
2021363,152.10000000000002
2021364,120.60000000000002
2021365,131.10000000000002
2021366,142.60000000000002
2021516,513.4
2021596,171.0
2021597,171.0
2021598,171.0
2021599,171.0
2021600,171.0
2021601,171.0
2021602,171.0
2021603,171.0
2021604,171.0
2021605,171.0
2021606,171.0
2021607,171.0
2021608,171.0
2021609,171.0
2021739,96.0
2021744,160.0
2021745,160.0
2021785,125.0
2021841,140.0
2021872,124.5
2021929,197.39999999999998
2021947,99.0
2022003,126.0
2022004,131.0
2022412,193.0
2022529,130.35000000000002
2022808,144.0
2022956,192.0
2023035,115.0
2023072,280.0
2023076,154.45
2023213,146.0
2023256,116.0
2023295,113.0
2023323,196.0
2023416,273.0
2023417,187.0
2100014,-97.0
2100015,-97.0
2100139,137.0
2100166,-83.0
2100236,282.6
2100267,-53.0
2100268,-53.0
2100269,-53.0
2100285,-97.0
2100286,-97.0
2100311,-83.0
2100340,41.19999999999999
2100341,41.19999999999999
2100342,41.39999999999998
2100343,45.60000000000002
2100344,28.0
2100345,-58.0
2100346,-58.0
2100347,-58.0
2100385,111.0
2100386,111.0
2100387,111.0
2100390,73.0
2100391,73.0
2100392,73.0
2100431,46.14999999999998
2100432,121.14999999999998
2100433,156.14999999999998
2100459,-32.0
2100479,133.0
2100480,133.0
2100481,147.14999999999998
2100482,147.14999999999998
2100520,190.0
2100521,190.0
2100522,190.0
2100562,-28.0
2100662,-14.0
2100663,-14.0
2100664,11.29000000000002
2100665,11.29000000000002
2100666,11.29000000000002
2100667,11.29000000000002
2100668,11.29000000000002
2100669,11.29000000000002
2100670,11.29000000000002
2100671,11.29000000000002
2100672,11.29000000000002
2100673,11.29000000000002
2100676,-52.0
2100677,6.0
2100678,6.0
2100691,32.5
2100692,39.0
2100693,38.0
2100694,45.0
2100695,38.5
2100696,42.0
2100697,35.0
2100698,35.5
2100700,32.0
2100707,-213.0
2100708,-213.0
2100709,-213.0
2100710,-213.0
2100711,-213.0
2100712,-213.0
2100713,-213.0
2100718,119.0
2101266,188.0
2101267,126.69999999999999
2101268,126.69999999999999
2101269,240.0
2101270,240.0
2101271,188.0
2101272,266.79999999999995
2101273,266.79999999999995
2101274,152.0
2101275,152.0
2101376,191.60000000000002
2101531,240.60000000000002
2101532,144.10000000000002
2101533,91.10000000000002
2101534,282.1
2101553,73.10000000000002
2101554,87.89999999999998
2101555,172.89999999999998
2101614,97.0
2101615,97.0
2101706,88.80000000000001
2101707,121.19999999999999
2101708,152.8
2101875,102.0
2101876,224.0
2101877,224.0
2101887,68.0
2101888,68.0
2101889,68.0
2101890,55.10000000000002
2101891,55.10000000000002
2101892,52.0
2101893,52.0
2101894,52.0
2101895,52.0
2101904,92.80000000000001
2101905,77.30000000000001
2101942,-79.0
2101943,-79.0
2101944,-79.0
2101951,269.0
2101952,168.14999999999998
2101953,180.14999999999998
2102013,-101.5
2102014,-101.5
2102015,-101.5
2102016,-101.5
2102075,-112.0
2102076,-72.0
2102077,-28.0
2102078,-36.5
2102079,-44.5
2102093,-231.0
2102094,-31.0
2102095,-31.0
2102132,171.0
2102133,203.0
2102134,199.0
2102168,206.0
2102169,206.0
2102175,-140.5
2102176,-67.5
2102177,-67.5
2102178,-177.5
2102179,-200.5
2102180,-200.5
2102181,-176.0
2102182,-116.0
2102198,38.0
2102199,61.0
2102222,210.0
2102538,49.0
2102541,134.60000000000002
2102564,100.0
2102565,173.0
2102584,50.05000000000001
2102585,50.05000000000001
2102586,189.85000000000002
2102587,189.85000000000002
2102588,135.85000000000002
2102589,135.85000000000002
2102590,130.95
2102591,130.95
2102592,121.94999999999999
2102593,121.94999999999999
2102594,61.44999999999999
2102595,61.44999999999999
2102596,90.35000000000002
2102597,90.35000000000002
2102598,89.85000000000002
2102599,89.85000000000002
2102600,89.85000000000002
2102601,121.25
2102602,121.25
2102603,121.25
2102604,89.55000000000001
2102605,89.55000000000001
2102606,89.55000000000001
2102607,89.55000000000001
2102608,89.55000000000001
2102609,89.55000000000001
2102610,89.55000000000001
2102611,89.55000000000001
2102612,89.55000000000001
2102613,89.55000000000001
2102644,386.0
2102676,-75.0
2102677,-75.0
2102678,-75.0
2102736,-16.600000000000023
2102737,-24.69999999999999
2102808,156.14999999999998
2102853,152.0
2102854,152.0
2102855,152.0
2102959,10.0
2102960,10.0
2102961,10.0
2102962,10.0
2102964,-88.0
2102965,-88.0
2102966,-88.0
2102967,-88.0
2103117,123.14999999999998
2103118,123.14999999999998
2103241,42.10000000000002
2103242,42.10000000000002
2103302,-230.5
2103303,-230.5
2103469,256.0
2103470,256.0
2103471,256.0
2103487,98.0
2103495,125.89999999999998
2103496,73.60000000000002
2103641,-123.0
2103694,240.14999999999998
2103695,240.14999999999998
2103696,240.14999999999998
2103697,240.14999999999998
2103698,140.14999999999998
2103699,240.14999999999998
2103700,140.14999999999998
2103827,130.0
2103854,86.0
2103855,115.0
2103886,102.0
2103887,102.0
2103888,102.0
2103889,102.0
2103890,102.0
2103891,102.0
2103892,102.0
2103893,102.0
2103894,102.0
2103895,102.0
2103896,102.0
2103897,102.0
2103898,102.0
2103899,102.0
2103900,102.0
2103901,102.0
2103902,102.0
2103903,108.0
2103904,108.0
2103905,108.0
2103919,851.1500000000001
2103920,851.1500000000001
2103922,-130.0
2103961,-179.0
2103998,122.10000000000002
2103999,122.10000000000002
2104000,122.10000000000002
2104001,122.10000000000002
2104002,122.10000000000002
2104003,122.10000000000002
2104004,122.10000000000002
2104005,122.10000000000002
2104006,122.10000000000002
2104007,122.10000000000002
2104057,63.0
2104058,56.0
2104059,67.5
2104060,63.0
2104061,69.0
2104062,66.0
2104063,47.0
2104064,54.0
2104065,69.0
2104066,43.0
2104067,54.0
2104068,68.0
2104069,46.0
2104070,59.0
2104071,64.0
2104081,200.0
2104113,47.0
2104114,12.0
2104116,17.0
2104155,-165.0
2104156,-150.0
2104172,211.0
2104221,25.0
2104222,25.0
2104247,29.5
2104248,29.5
2104249,40.5
2104250,91.0
2104251,87.0
2104252,104.0
2104253,88.0
2104254,88.0
2104259,14.5
2104260,12.5
2104261,17.5
2104353,160.0
2104354,148.0
2104355,158.0
2104356,210.0
2104532,14.5
2104543,-152.0
2104547,-102.0
2104558,-99.0
2104590,-150.5
2104619,-125.0
2104620,190.0
2104624,128.0
2104630,51.0
2104631,66.0
2104632,76.0
2104682,133.0
2104690,-99.0
2104779,138.0
2104780,138.0
2104800,52.5
2104801,109.80000000000001
2104802,112.0
2104803,111.0
2104804,208.0
2104805,176.5
2105074,188.0
2105075,187.0
2105076,135.0
2105077,148.0
2105078,150.0
2105079,151.0
2105080,90.0
2105082,120.0
2105083,77.0
2105084,85.0
2105093,228.0
2105094,228.0
2105095,228.0
2105096,228.0
2105097,228.0
2105098,228.0
2105099,228.0
2105100,228.0
2105101,228.0
2105102,228.0
2105103,228.0
2105318,203.0
2105319,217.0
2105465,90.0
2105466,90.0
2105528,169.0
2105533,173.0
2105534,244.0
2105535,173.0
2105536,145.5
2105537,173.7
2105538,149.0
2105540,-89.0
2105541,-159.0
2105542,-148.0
2105560,285.0
2105561,285.0
2105562,285.0
2105563,285.0
2105564,285.0
2105574,145.05
2105677,210.7
2105678,205.5
2105679,257.20000000000005
2105706,-28.0
2105707,-28.0
2105708,133.0
2105709,133.0
2105710,147.14999999999998
2105711,147.14999999999998
2105713,42.10000000000002
2105714,42.10000000000002
2105731,91.0
2105732,90.0
2105733,75.0
2105753,257.79999999999995
2105754,173.60000000000002
2105755,235.10000000000002
2105756,175.89999999999998
2105807,169.0
2105808,142.0
2105809,133.0
2105858,-7.0
2105859,-7.0
2105860,-7.0
2105861,5.0
2105862,5.0
2105863,5.0
2105865,65.0
2105866,65.0
2105867,65.0
2105868,65.0
2105869,65.0
2105989,0.0
2105990,0.0
2107464,173.0
2107465,173.0
2107466,173.0
2107467,173.0
2108030,178.0
2108031,180.0
2108032,90.0
2108033,140.0
2108034,142.0
2108036,168.0
2108037,232.0
2108158,42.5
2108159,42.5
2108160,42.5
2108161,42.5
2108162,42.5
2108163,42.5
2108164,42.5
2108165,42.5
2108166,42.5
2108167,42.5
2108168,42.5
2108169,42.5
2108170,42.5
2108171,42.5
2108172,42.5
2108173,42.5
2108174,42.5
2108175,42.5
2108176,42.5
2108177,42.5
2108178,42.5
2108179,42.5
2108180,42.5
2108181,42.5
2108182,42.5
2108183,42.5
2108184,42.5
2108185,42.5
2108186,42.5
2108288,47.69999999999999
2108289,47.69999999999999
2108290,54.69999999999999
2108291,54.69999999999999
2108382,204.0
2108400,471.0
2108401,468.0
2108568,150.42000000000002
2108650,-75.0
2108651,-62.0
2108680,182.60000000000002
2108681,182.60000000000002
2108907,120.0
2108963,211.8
2108964,211.8
2108965,223.0
2108966,205.5
2200003,22.0
2200017,167.0
2200022,57.80000000000001
2200027,-37.0
2200028,81.89999999999998
2200029,103.0
2200032,157.5
2200044,86.0
2200046,179.14999999999998
2200047,-83.5
2200060,106.10000000000002
2200071,218.0
2200079,207.0
2200080,160.0
2200081,57.0
2200082,212.5
2200094,134.0
2200095,110.0
2200096,173.0
2200098,-146.0
2200102,84.0
2200106,114.0
2200116,88.0
2200122,-165.5
2200131,197.0
2200132,-104.0
2200133,70.0
2200144,140.2
2200149,121.0
2200173,314.0
2200174,297.0
2200175,229.0
2200176,329.0
2200180,207.0
2200182,229.0
2200183,317.0
2200188,175.7
2200200,-204.5
2200205,126.0
2200211,-91.0
2200234,-5.0
2200236,164.0
2200252,187.5
2200262,71.0
2200263,-48.0
2200266,160.10000000000002
2200271,-129.5
2200281,208.0
2200289,108.0
2200295,31.399999999999977
2200299,114.5
2200302,109.14999999999998
2200317,-97.0
2200326,175.60000000000002
2200327,157.0
2200336,120.0
2200339,88.5
2200340,-79.0
2200341,93.19999999999999
2200344,221.0
2200358,228.60000000000002
2200411,156.14999999999998
2200415,307.0
2200433,231.0
2200434,204.0
2200447,192.0
2200450,205.0
2200451,160.0
2200460,-228.0
2200463,-86.0
2200473,79.0
2200478,157.2
2200514,146.5
2200515,88.0
2200519,145.0
2200526,132.0
2200530,-147.5
2200537,161.5
2200538,196.0
2200543,37.5
2200544,57.0
2200554,200.0
2200562,562.1
2200569,266.0
2200578,241.0
2200598,-18.099999999999994
2200599,-66.69999999999999
2200601,-106.5
2200609,244.0
2200614,248.0
2200617,5.0
2200618,98.0
2200622,181.0
2200624,-43.0
2200629,-223.0
2200630,-31.0
2200631,212.0
2200641,152.0
2200645,199.5
2200646,-93.0
2200648,-52.0
2200652,88.0
2200661,170.10000000000002
2200662,174.10000000000002
2200682,-43.0
2200694,110.0
2200702,-6.0
2200704,-243.0
2200706,167.2
2200717,297.0
2200721,107.64999999999998
2200723,-117.0
2200727,-30.5
2200728,105.14999999999998
2200737,-92.0
2200740,40.0
2200744,183.5
2200753,181.5
2200754,174.0
2200758,-72.0
2200761,107.0
2200766,74.10000000000002
2200768,-15.5
2200789,186.0
2200796,179.0
2200800,193.0
2200801,111.0
2200803,214.0
2200807,55.0
2200820,-232.0
2200832,48.14999999999998
2200844,-9.0
2200850,111.0
2200851,-108.0
2200853,-30.0
2200862,-12.0
2200863,-15.0
2200864,-23.0
2200867,-69.5
2200877,133.0
2200881,142.0
2200892,178.5
2200894,154.0
2200904,217.5
2200906,-184.5
2200907,-142.5
2200915,90.0
2200919,124.0
2200920,70.0
2200921,251.0
2200931,265.0
2200933,151.0
2200951,70.0
2200953,109.0
2200972,131.0
2200974,-142.0
2200977,114.0
2200998,130.0
2201004,83.0
2201006,103.5
2201019,-90.0
2201031,261.45000000000005
2201034,154.5
2201039,-60.0
2201048,92.5
2201049,81.0
2201058,199.10000000000002
2201065,218.0
2201066,111.0
2201069,35.60000000000002
2201071,232.0
2201072,84.5
2201077,197.0
2201078,145.0
2201082,-116.0
2201085,189.0
2201096,-189.5
2201097,166.0
2201099,117.60000000000002
2201100,108.60000000000002
2201102,-203.5
2201105,138.0
2201106,90.0
2201110,177.0
2201115,67.0
2201121,50.0
2201126,217.5
2201134,218.0
2201136,241.0
2201154,199.0
2201156,248.0
2201157,99.5
2201158,109.5
2201167,109.0
2201168,172.10000000000002
2201176,177.0
2201177,110.0
2201181,77.0
2201183,58.80000000000001
2201185,105.5
2201193,211.10000000000002
2201206,164.5
2201209,135.0
2201210,124.0
2201211,60.0
2201218,75.0
2201227,29.0
2201240,231.0
2201249,-25.0
2201278,198.0
2201308,80.0
2201324,135.0
2201329,-8.0
2201332,185.0
2201333,85.0
2201339,161.14999999999998
2201343,178.0
2201344,-113.0
2201348,172.5
2201359,130.14999999999998
2201370,219.0
2201376,139.0
2201377,71.0
2201385,-51.0
2201391,221.5
2201392,107.0
2201414,77.0
2201421,155.0
2201426,112.0
2201445,67.0
2201450,157.0
2201451,143.0
2201466,192.0
2201467,150.60000000000002
2201470,160.60000000000002
2201489,226.0
2201511,159.0
2201528,125.0
2201534,172.0
2201546,192.5
2201563,191.0
2201564,-15.0
2201565,-103.5
2201568,155.0
2201569,219.0
2201590,207.0
2201593,100.0
2201598,118.0
2201602,213.7
2201606,220.5
2201608,-112.9
2201614,37.5
2201627,27.0
2201631,201.0
2201645,86.0
2201646,-106.5
2201647,104.19999999999999
2201656,-99.0
2201669,162.0
2201673,173.0
2201675,221.0
2201682,210.0
2201694,137.0
2201701,-222.0
2201715,-3.0
2201718,137.0
2201719,-11.0
2201722,98.0
2201732,-65.0
2201743,180.0
2201744,79.5
2201750,-118.0
2201774,160.0
2201801,104.0
2201803,87.0
2201829,-152.5
2201834,62.14999999999998
2201841,-150.0
2201843,109.5
2201850,62.5
2201856,141.0
2201868,187.0
2201870,123.0
2201871,211.0
2201883,140.5
2201888,156.0
2201889,71.5
2201890,190.5
2201891,213.0
2201896,78.0
2201897,156.0
2201898,239.0
2201900,110.0
2201914,-75.0
2201919,259.1
2201924,230.0
2201925,185.0
2201935,118.0
2201936,160.0
2201939,-154.5
2201943,193.0
2201949,176.0
2201952,-180.0
2201953,-61.5
2201956,-63.0
2201958,-63.0
2201964,-139.0
2201967,130.0
2201969,-101.0
2201973,-160.0
2201991,181.0
2201994,-192.5
2202005,184.0
2202009,-114.5
2202018,-128.0
2202021,-153.0
2202044,108.0
2202045,115.0
2202049,186.0
2202053,189.0
2202055,145.0
2202058,161.0
2202063,109.0
2202080,177.0
2202089,142.0
2202112,194.8
2202120,174.5
2202133,171.0
2202134,49.89999999999998
2202149,115.39999999999998
2202150,138.0
2202151,-200.5
2202156,-168.0
2202185,190.5
2202194,231.0
2202207,166.0
2202220,186.60000000000002
2202223,111.0
2202247,-30.0
2202253,207.0
2202263,209.0
2202265,173.0
2202275,132.0
2202280,168.0
2202281,125.0
2202422,73.5
2202434,162.0
2202439,163.0
2202447,-61.0
2202458,-75.0
2202463,94.5
2202464,-165.0
2202468,61.0
2202469,90.5
2202476,192.0
2202477,260.0
2202484,201.5
2202485,113.0
2202493,219.0
2202494,157.0
2202495,160.0
2202496,105.0
2202497,86.0
2202502,148.0
2202510,172.5
2202517,207.0
2202518,114.5
2202520,198.0
2202523,134.5
2202524,219.0
2202525,38.0
2202528,158.0
2202529,260.5
2202531,210.0
2202550,185.0
2202554,200.0
2202555,192.0
2202556,128.0
2202565,155.0
2202573,124.0
2202598,163.10000000000002
2202600,77.0
2202612,327.0
2202614,97.0
2202632,180.0
2202634,180.0
2202635,-199.0
2202639,-61.0
2202648,201.0
2202662,244.0
2202665,130.0
2202679,11.0
2202693,80.80000000000001
2202713,137.39999999999998
2202725,194.0
2202726,239.5
2202747,295.0
2202750,-121.0
2202759,92.0
2202760,57.0
2202773,70.5
2202774,101.0
2202782,85.0
2202786,120.5
2202790,274.0
2202791,184.0
2202793,207.0
2202795,91.0
2202796,101.5
2202797,125.0
2202800,183.5
2202801,168.5
2202804,176.0
2202805,160.5
2202815,67.69999999999999
2202823,179.5
2202824,239.0
2202827,255.5
2202829,171.0
2202849,244.0
2202850,243.0
2202856,208.0
2202874,204.0
2202893,114.0
2202917,203.5
2202927,154.0
2202953,180.0
2202963,155.5
2202965,260.0
2202966,118.0
2202980,192.0
2202986,244.0
2202989,247.0
2202991,244.0
2202996,170.0
2203004,210.5
2203006,45.0
2203007,119.0
2203008,205.5
2203023,57.0
2203027,169.0
2203029,140.0
2203046,182.5
2203064,41.60000000000002
2203097,165.0
2203102,202.0
2203104,121.0
2203105,237.0
2203113,-133.5
2203125,185.0
2203132,51.0
2203133,241.0
2203154,71.0
2203160,99.0
2203161,115.0
2203163,245.0
2203168,264.5
2203176,90.0
2203178,-155.0
2203184,139.0
2203186,7.0
2203198,56.5
2203199,55.5
2203207,115.5
2203213,140.0
2203214,-58.0
2203216,224.0
2203217,96.0
2203228,193.0
2203241,291.0
2203244,90.0
2203249,67.0
2203256,129.14999999999998
2203257,95.0
2203294,151.5
2203297,231.8
2203306,-126.0
2203324,124.0
2203327,-109.0
2203328,-159.0
2203332,185.5
2203334,269.5
2203344,-177.0
2203349,-83.0
2203350,190.0
2203365,89.0
2203368,121.5
2203383,106.0
2203408,201.0
2203409,170.0
2203413,70.5
2203416,-162.8
2203418,180.0
2203422,158.0
2203425,183.0
2203428,-72.5
2203431,123.5
2203447,131.0
2203461,121.60000000000002
2203462,208.0
2203483,22.0
2203484,95.0
2203493,181.0
2203500,-182.0
2203511,-34.0
2203513,173.0
2203515,501.0
2203522,120.0
2203523,136.0
2203527,152.0
2203530,-90.19999999999999
2203572,168.25
2203575,130.0
2203585,147.5
2203592,104.0
2203598,244.0
2203600,145.0
2203614,220.0
2203621,130.5
2203626,151.0
2203638,137.32
2203642,154.0
2203643,110.0
2203651,123.5
2203664,157.0
2203671,7.0
2203688,282.0
2203698,164.5
2203727,132.0
2203734,115.5
2203739,185.0
2203740,99.0
2203741,216.0
2203752,300.0
2203770,220.0
2203781,320.0
2203794,193.0
2203797,85.0
2203806,145.0
2203817,261.0
2203830,-94.0
2203841,90.5
2203848,104.0
2203861,150.2
2203864,315.0
2203877,150.0
2203878,226.0
2203880,38.5
2203894,257.0
2203903,258.0
2203904,182.2
2203905,114.69999999999999
2203915,82.80000000000001
2203917,91.5
2203918,201.5
2203920,-81.0
2203923,81.0
2203929,181.0
2203930,225.0
2203937,163.0
2203942,220.0
2203951,-23.0
2203964,82.0
2203966,204.0
2203997,239.0
2204010,124.0
2204025,-173.0
2204035,82.0
2204038,141.2
2204042,130.0
2204047,-115.0
2204049,127.0
2204058,107.0
2204063,311.0
2204069,35.0
2204075,161.0
2204076,214.5
2204092,116.0
2204098,126.0
2204101,72.0
2204105,8.879999999999995
2204112,196.0
2204113,199.64999999999998
2204172,182.0
2204177,258.5
2204182,160.0
2204183,156.0
2204201,153.0
2204208,-39.0
2204215,263.0
2204216,-93.0
2204219,-90.0
2204224,-103.0
2204228,214.89999999999998
2204248,121.0
2204257,136.0
2204292,249.5
2204295,-101.0
2204315,245.0
2204334,-37.0
2204350,190.0
2204355,276.0
2204361,117.0
2204364,191.0
2204371,78.0
2204373,233.5
2204380,185.2
2204381,138.0
2204382,268.5
2204383,267.0
2204389,-30.0
2204390,-49.0
2204408,195.0
2204409,191.5
2204411,79.0
2204416,129.0
2204423,134.0
2204425,59.0
2204428,144.5
2204432,290.0
2204433,169.0
2204476,176.0
2204487,192.0
2204488,-166.0
2204491,100.0
2204495,146.0
2204516,161.39999999999998
2204528,103.0
2204529,95.0
2204544,170.0
2204546,275.0
2204549,-117.5
2204552,264.5
2204553,279.5
2204554,230.5
2204575,164.0
2204584,-43.58000000000001
2204587,173.0
2204588,159.5
2204589,147.64999999999998
2204599,176.0
2204603,57.19999999999999
2204605,190.0
2204607,40.0
2204627,298.0
2204637,274.5
2204646,232.5
2204647,169.5
2204657,261.0
2204659,193.2
2204663,101.5
2204665,316.0
2204675,211.0
2204682,-64.80000000000001
2204687,139.5
2204701,202.0
2204702,174.0
2204715,97.0
2204730,140.5
2204745,104.5
2204759,234.5
2204760,173.0
2204761,125.10000000000002
2204763,229.0
2204764,247.5
2204783,76.0
2204787,-20.0
2204798,228.0
2204799,131.0
2204800,130.0
2204806,135.0
2204808,102.0
2204810,-112.0
2204827,279.0
2204829,141.0
2204844,159.0
2204861,234.0
2204868,64.0
2204882,99.0
2204886,94.0
2204905,95.5
2204906,81.5
2204920,78.5
2204947,230.0
2204948,217.0
2204949,105.0
2204967,120.0
2204988,-22.0
2204996,-109.0
2205005,325.0
2205022,124.0
2205058,85.0
2205059,192.5
2205062,203.0
2205083,100.0
2205109,68.5
2205110,97.0
2205112,62.0
2205115,138.0
2205126,114.0
2205141,252.0
2205148,103.0
2205150,54.0
2205152,129.5
2205156,189.0
2205166,133.0
2205169,9.0
2205187,200.0
2205191,88.0
2205200,-83.0
2205206,186.0
2205209,99.0
2205214,-46.0
2205215,-1.0
2205217,255.5
2205225,175.5
2205226,158.0
2205227,202.0
2205230,192.0
2205237,42.5
2205249,153.0
2205254,94.5
2205256,123.5
2205265,180.0
2205284,127.5
2205305,-203.0
2205306,-39.0
2205378,127.0
2205383,198.0
2205395,-205.0
2205399,161.0
2205443,280.5
2205460,261.0
2205463,213.10000000000002
2205465,193.0
2205469,157.0
2205471,187.0
2205477,86.0
2205482,216.0
2205484,225.5
2205485,134.0
2205499,102.0
2205504,240.0
2205507,160.0
2205508,56.69999999999999
2205511,-169.0
2205519,185.0
2205520,164.0
2205527,142.0
2205528,-196.0
2205531,160.0
2205543,175.0
2205555,172.5
2205564,175.5
2205569,240.5
2205586,179.0
2205587,-196.5
2205588,-171.0
2205597,125.0
2205628,170.2
2205639,212.0
2205648,153.0
2205661,-79.0
2205663,-148.0
2205664,131.0
2205665,-208.0
2205666,242.5
2205673,92.0
2205675,164.0
2205694,165.0
2205696,187.0
2205707,-46.5
2205710,82.60000000000002
2205728,-36.0
2205729,138.0
2205731,-12.0
2205732,-59.0
2205735,124.14999999999998
2205736,135.0
2205739,156.0
2205747,150.0
2205748,275.0
2205749,120.0
2205750,75.0
2205755,131.10000000000002
2205760,227.0
2205768,143.5
2205782,-37.0
2205789,241.0
2205795,252.0
2205813,198.5
2205829,188.0
2205830,173.0
2205831,191.0
2205834,115.0
2205835,126.0
2205838,212.5
2205840,78.0
2205841,252.0
2205843,44.0
2205861,124.0
2205879,159.7
2205880,356.0
2205899,137.5
2205905,88.0
2205911,205.5
2205912,303.0
2205930,102.0
2205936,73.0
2205938,201.0
2205939,100.0
2205964,75.5
2205965,103.0
2205983,104.0
2205991,37.14999999999998
2206002,201.0
2206005,76.0
2206024,86.0
2206026,181.0
2206029,162.0
2206040,134.0
2206051,170.0
2206056,139.0
2206066,164.0
2206068,-40.0
2206072,-72.0
2206086,209.0
2206099,144.0
2206111,158.0
2206122,75.5
2206123,131.0
2206147,-174.1
2206148,-174.0
2206155,258.5
2206168,219.0
2206181,82.39999999999998
2206200,149.0
2206201,20.5
2206206,191.0
2206211,169.39999999999998
2206212,219.0
2206213,-102.0
2206222,135.5
2206229,62.0
2206231,182.0
2206253,199.7
2206254,287.0
2206258,140.0
2206264,182.0
2206282,211.0
2206284,185.0
2206288,-88.0
2206290,147.0
2206296,139.7
2206301,232.5
2206322,255.0
2206327,216.0
2206328,114.0
2206336,125.0
2206340,133.0
2206341,156.0
2206343,129.5
2206350,303.0
2206359,214.60000000000002
2206372,93.5
2206373,-232.0
2206396,198.0
2206405,100.0
2206410,-87.0
2206417,-23.0
2206425,191.0
2206426,208.0
2206446,179.0
2206452,226.0
2206461,-222.0
2206464,181.0
2206468,145.10000000000002
2206475,88.0
2206476,173.0
2206477,169.0
2206481,-112.0
2206483,149.0
2206486,-53.0
2206489,235.0
2206490,107.0
2206513,182.2
2206517,134.0
2206518,73.0
2206530,209.0
2206536,49.0
2206539,189.5
2206544,175.0
2206546,-153.0
2206555,109.0
2206582,196.0
2206583,118.5
2206584,188.0
2206587,102.0
2206591,141.0
2206599,139.5
2206601,199.0
2206607,83.0
2206618,166.0
2206632,54.0
2206648,95.5
2206651,174.0
2206657,216.0
2206662,266.5
2206667,-121.5
2206669,87.0
2206670,-201.0
2206671,161.0
2206672,176.0
2206676,148.0
2206687,99.0
2206713,114.0
2206715,295.0
2206724,107.0
2206763,239.0
2206783,-175.0
2206785,237.0
2206790,-92.0
2206802,70.0
2206812,177.0
2206814,146.0
2206820,-111.0
2206835,227.0
2206844,181.0
2206845,231.0
2206848,117.0
2206850,109.5
2206858,115.0
2206883,268.0
2206890,277.0
2206903,187.2
2206906,-186.0
2206907,-183.0
2206913,169.5
2206914,276.5
2206920,125.0
2206937,142.0
2206938,200.0
2206945,207.0
2206948,110.0
2206949,102.0
2206962,144.0
2206972,232.0
2206976,75.0
2206977,43.0
2206985,165.0
2206989,173.5
2207003,330.6
2207030,60.0
2207038,114.0
2207039,241.0
2207045,260.0
2207055,-123.0
2207062,81.0
2207070,48.0
2207079,158.0
2207088,254.0
2207095,136.0
2207096,86.0
2207116,178.0
2207119,134.0
2207130,135.7
2207166,131.0
2207169,117.41000000000003
2207173,145.0
2207175,-73.0
2207183,290.5
2207184,273.0
2207199,190.0
2207209,126.0
2207213,190.0
2207232,158.0
2207248,204.0
2207254,184.0
2207256,-113.0
2207258,126.39999999999998
2207266,272.0
2207270,103.0
2207274,148.2
2207283,101.5
2207286,202.0
2207290,223.0
2207291,4.0
2207292,147.0
2207301,45.0
2207309,-43.0
2207310,73.0
2207316,175.5
2207321,83.0
2207330,-140.0
2207334,152.0
2207338,233.0
2207357,-116.0
2207358,152.2
2207364,101.0
2207386,68.0
2207390,-109.0
2207393,137.0
2207411,105.0
2207418,228.5
2207419,169.0
2207425,147.0
2207426,197.2
2207427,151.5
2207428,168.5
2207429,95.0
2207438,211.5
2207439,124.5
2207440,217.0
2207442,184.5
2207444,178.0
2207446,245.0
2207463,95.0
2207474,277.5
2207477,165.5
2207481,217.0
2207500,217.0
2207512,135.0
2207519,228.0
2207522,127.0
2207531,157.0
2207532,157.0
2207535,70.0
2207552,115.0
2207557,248.0
2207562,193.0
2207564,181.0
2207573,119.60000000000002
2207576,150.0
2207579,139.0
2207582,161.0
2207583,85.0
2207590,101.0
2207605,100.0
2207610,-189.0
2207615,-103.0
2207619,-129.0
2207637,221.0
2207653,-113.0
2207658,62.0
2207675,43.0
2207688,90.0
2207691,132.5
2207698,184.0
2207701,229.0
2207720,194.2
2207722,215.0
2207723,179.0
2207724,-85.9
2207726,85.5
2207728,175.2
2207743,168.0
2207748,300.0
2207753,250.0
2207760,245.0
2207776,136.0
2207781,35.0
2207810,91.80000000000001
2207812,138.5
2207821,189.0
2207826,-151.0
2207829,121.10000000000002
2207833,144.0
2207834,82.0
2207855,173.0
2207856,104.0
2207857,136.0
2207858,88.0
2207864,175.0
2207866,207.0
2207869,219.0
2207878,97.0
2207879,238.0
2207880,125.0
2207881,238.0
2207882,120.10000000000002
2207891,147.0
2207897,168.0
2207902,70.0
2207904,187.0
2207928,122.10000000000002
2207935,138.0
2207936,153.0
2207937,185.5
2207938,117.0
2207939,170.0
2207949,215.0
2207968,110.0
2207970,127.5
2207985,-80.19999999999999
2207990,150.2
2207996,147.0
2208000,149.0
2208003,216.0
2208004,210.0
2208005,7.0
2208010,191.0
2208011,273.0
2208015,155.0
2208021,-148.0
2208022,83.0
2208023,280.0
2208026,160.0
2208027,204.0
2208030,227.0
2208034,132.0
2208046,183.0
2208057,-183.0
2208058,-36.78299999999999
2208065,-88.006
2208066,226.0
2208080,90.0
2208081,42.0
2208088,88.0
2208091,175.60000000000002
2208094,184.0
2208102,225.89999999999998
2208103,255.0
2208104,180.39999999999998
2208105,134.0
2208106,-221.0
2208115,191.0
2208146,90.0
2208159,123.0
2208198,140.5
2208199,288.5
2208203,173.0
2208205,140.0
2208213,70.0
2208217,137.0
2208226,152.0
2208227,164.0
2208229,290.0
2208238,174.5
2208242,195.0
2208250,130.0
2208267,110.0
2208283,195.0
2208295,227.60000000000002
2208296,85.0
2208299,253.0
2208301,289.0
2208311,99.0
2208317,229.0
2208378,126.0
2208380,-77.0
2208400,183.0
2208405,222.0
2208408,-103.0
2208418,120.0
2208424,199.0
2208426,89.0
2208427,133.0
2208436,118.0
2208438,49.0
2208453,-33.0
2208459,104.0
2208464,-75.0
2208476,139.0
2208477,195.5
2208485,117.0
2208496,26.5
2208498,144.0
2208506,300.0
2208507,168.0
2208512,-160.0
2208513,-146.0
2208515,146.0
2208519,257.0
2208529,293.0
2208539,152.0
2208541,-142.2
2208549,145.0
2208554,300.0
2208558,-160.0
2208565,-146.0
2208584,154.0
2208585,-191.0
2208586,-153.0
2208592,89.0
2208595,183.10000000000002
2208608,-71.0
2208610,166.0
2208623,317.15
2208634,212.0
2208635,276.0
2208638,109.19999999999999
2208643,127.0
2208652,185.0
2208674,127.0
2208676,186.39999999999998
2208682,172.60000000000002
2208692,139.0
2208717,-201.0
2208718,179.0
2208738,110.0
2208754,178.0
2208769,203.0
2208773,128.0
2208787,70.0
2208788,122.0
2208789,155.5
2208802,31.600000000000023
2208814,200.0
2208819,254.5
2208821,21.0
2208832,146.0
2208846,174.5
2208847,80.0
2208861,191.0
2208875,97.0
2208877,134.0
2208880,137.0
2208882,240.0
2208897,-93.0
2208899,168.2
2208901,246.0
2208909,199.2
2208920,229.0
2208921,190.0
2208940,76.0
2208990,192.0
2208995,124.0
2209001,156.0
2209014,-63.0
2209035,129.5
2209037,201.0
2209045,221.0
2209048,168.0
2209062,116.0
2209074,225.0
2209079,200.0
2209080,199.0
2209089,-165.0
2209090,123.0
2209091,114.69999999999999
2209100,103.0
2209113,79.0
2209120,-111.0
2209123,-89.0
2209129,101.19999999999999
2209136,164.0
2209160,-134.0
2209161,133.0
2209165,125.0
2209178,230.0
2209189,291.0
2209210,208.0
2209218,134.0
2209222,190.0
2209238,117.0
2209239,151.0
2209242,239.0
2209244,185.0
2209249,-43.0
2209253,142.0
2209255,260.0
2209265,215.0
2209282,198.0
2209286,142.0
2209300,208.0
2209303,206.0
2209306,208.0
2209307,166.0
2209313,173.0
2209330,105.0
2209331,160.0
2209334,180.0
2209343,114.19999999999999
2209354,183.0
2209365,255.0
2209374,68.0
2209388,118.5
2209392,160.0
2209396,183.0
2209406,46.0
2209408,85.0
2209416,183.0
2209420,69.0
2209425,173.0
2209436,122.0
2209438,50.44999999999999
2209441,197.5
2209442,206.0
2209446,166.0
2209462,211.0
2209481,243.0
2209492,107.0
2209497,254.0
2209505,238.0
2209507,167.0
2209515,116.30000000000001
2209523,165.0
2209530,101.0
2209542,54.14999999999998
2209544,187.14999999999998
2209545,113.0
2209552,116.0
2209567,201.0
2209570,-57.0
2209586,143.0
2209592,93.0
2209594,191.0
2209613,200.0
2209617,144.0
2209620,157.39999999999998
2209629,89.0
2209630,112.0
2209632,55.0
2209634,112.5
2209635,147.0
2209638,-108.0
2209644,98.0
2209645,229.3
2209652,52.0
2209673,155.0
2209678,145.0
2209690,-116.0
2209691,114.0
2209728,145.2
2209732,-153.0
2209736,219.2
2209737,116.19999999999999
2209741,160.2
2209743,217.5
2209745,235.0
2209754,122.0
2209756,254.0
2209764,125.0
2209777,77.0
2209778,220.0
2209780,186.0
2209786,121.0
2209815,163.0
2209816,147.0
2209833,52.30000000000001
2209835,159.0
2209840,238.0
2209844,191.0
2209845,359.0
2209852,274.0
2209856,145.0
2209863,193.5
2209864,149.0
2209877,140.0
2209883,128.0
2209891,230.18
2209896,175.0
2209902,196.0
2209906,198.5
2209911,184.0
2209912,42.0
2209913,195.0
2209917,-167.0
2209923,84.0
2209926,165.0
2209939,213.0
2209946,-195.0
2209952,89.0
2209953,165.0
2209957,241.0
2209974,200.0
2209986,180.0
2209987,180.0
2209992,143.0
2209993,343.0
2209997,-201.0
2209998,73.0
2210004,-201.0
2210013,-57.0
2210017,-118.0
2210029,135.5
2210031,158.5
2210034,160.0
2210035,92.0
2210041,200.5
2210052,168.0
2210053,261.0
2210067,143.0
2210071,150.0
2210104,111.10000000000002
2210111,153.0
2210120,218.0
2210121,78.0
2210128,72.0
2210141,165.0
2210143,-126.0
2210167,119.0
2210172,300.0
2210180,110.0
2210184,173.0
2210210,123.89999999999998
2210216,151.0
2210219,86.0
2210226,292.0
2210232,300.0
2210234,-105.0
2210248,76.64999999999998
2210250,142.5
2210256,199.2
2210264,155.0
2210283,165.73000000000002
2210288,169.0
2210290,225.32999999999998
2210303,103.60000000000002
2210307,226.0
2210326,131.5
2210352,172.0
2210353,136.0
2210358,182.0
2210363,145.0
2210373,134.0
2210391,67.0
2210395,206.0
2210397,177.5
2210410,-183.0
2210420,-142.0
2210422,-35.0
2210429,258.5
2210433,133.89999999999998
2210446,169.0
2210447,241.0
2210450,132.5
2210451,144.0
2210453,250.0
2210468,155.0
2210469,198.0
2210470,148.0
2210471,220.0
2210491,-57.0
2210493,192.0
2210498,84.0
2210525,37.69999999999999
2210538,111.5
2210564,130.2
2210570,221.0
2210583,180.0
2210586,98.0
2210595,118.0
2210598,144.0
2210604,198.0
2210616,232.5
2210618,-30.0
2210619,159.5
2210630,138.0
2210632,222.0
2210638,208.0
2210659,241.5
2210683,92.69999999999999
2210695,280.0
2210711,300.45000000000005
2210778,211.0
2210790,253.0
2210791,169.5
2210814,233.0
2210831,145.5
2210840,144.0
2210846,142.2
2210847,164.0
2210864,163.0
2210870,291.0
2210872,367.0
2210878,232.0
2210881,80.0
2210882,98.5
2210893,-155.0
2210897,-105.0
2210904,220.5
2210912,124.0
2210914,73.0
2210917,175.0
2210918,72.5
2210924,316.0
2210942,246.5
2210954,180.0
2210961,214.0
2210963,92.0
2210973,139.0
2210985,171.7
2210986,195.0
2210992,102.0
2210994,100.0
2210997,170.89999999999998
2211005,152.0
2211006,104.0
2211007,210.0
2211017,103.0
2211026,192.0
2211041,-182.4
2211042,278.0
2211048,198.0
2211054,-131.5
2211055,161.0
2211056,190.29000000000002
2211057,40.89999999999998
2211064,229.0
2211065,-199.0
2211069,10.0
2211094,-105.0
2211097,-5.0
2211102,192.39999999999998
2211106,94.0
2211115,134.5
2211121,129.8
2211134,154.64999999999998
2211154,111.0
2211161,186.0
2211162,88.0
2211163,319.1
2211168,-157.5
2211171,265.0
2211176,241.0
2211196,223.0
2211198,-179.0
2211204,-135.0
2211214,229.0
2211215,204.0
2211243,136.7
2211254,144.0
2211262,222.0
2211270,160.0
2211275,253.0
2211282,225.0
2211283,112.19999999999999
2211304,212.0
2211309,81.0
2211324,-121.0
2211329,-85.0
2211359,240.0
2211360,152.0
2211373,269.0
2211379,149.0
2211389,131.0
2211392,217.5
2211394,260.29999999999995
2211400,94.0
2211403,85.0
2211434,-81.0
2211441,298.0
2211444,208.0
2211453,89.0
2211461,-92.0
2211466,87.0
2211487,126.0
2211492,234.0
2211500,325.0
2211560,138.8
2211578,-115.0
2211601,72.0
2211603,181.3
2211635,155.0
2211644,95.10000000000002
2211647,185.0
2211664,224.0
2211681,119.5
2211696,99.0
2211699,245.0
2211700,77.0
2211705,119.0
2211710,185.0
2211712,201.0
2211716,92.0
2211718,148.0
2211721,149.0
2211731,259.0
2211733,141.0
2211742,251.5
2211752,125.0
2211773,375.5
2211785,222.5
2211786,-127.0
2211788,173.0
2211800,199.60000000000002
2211807,-88.0
2211808,128.0
2211809,192.0
2211816,149.0
2211828,169.5
2211832,80.0
2211844,180.0
2211849,143.0
2211853,159.0
2211868,154.0
2211871,181.0
2211923,-85.0
2211935,-109.0
2211936,139.0
2211945,136.0
2211962,79.0
2211969,-148.0
2211970,-149.5
2211971,199.0
2211982,185.5
2211983,123.5
2211984,169.0
2211999,193.0
2212003,116.0
2212063,-56.0
2212098,125.5
2212107,291.0
2212119,155.0
2212124,307.0
2212129,45.0
2212130,215.5
2212137,240.0
2212145,283.0
2212149,202.0
2212153,223.0
2212158,79.89999999999998
2212165,64.5
2212182,167.5
2212184,130.5
2212198,113.0
2212203,121.0
2212207,145.0
2212208,151.0
2212219,168.0
2212222,197.0
2212228,259.0
2212231,109.0
2212234,-211.0
2212245,154.0
2212249,76.0
2212250,169.0
2212264,81.0
2212278,-58.0
2212281,-5.0
2212286,197.5
2212317,154.0
2212318,219.5
2212336,255.0
2212353,-68.0
2212359,260.0
2212371,170.5
2212373,266.0
2212383,125.80000000000001
2212386,266.79999999999995
2212387,247.20000000000005
2212404,100.0
2212412,95.0
2212413,83.0
2212420,136.5
2212422,221.0
2212425,98.0
2212428,-55.0
2212435,75.0
2212439,296.0
2212440,-63.0
2212452,120.0
2212475,220.5
2212485,-186.5
2212487,-144.5
2212489,-197.7
2212504,-104.80000000000001
2212512,102.5
2212513,94.5
2212516,213.0
2212530,125.0
2212535,191.0
2212550,43.0
2212562,131.7
2212572,149.0
2212573,118.5
2212585,117.39999999999998
2212586,102.0
2212620,153.0
2212622,181.0
2212632,53.0
2212675,209.0
2212696,48.0
2212705,172.89999999999998
2212709,128.0
2212714,130.0
2212721,105.0
2212733,262.0
2212736,275.0
2212737,101.0
2212741,240.5
2212744,53.0
2212750,-153.7
2212771,145.0
2212785,-94.0
2212809,200.0
2212810,108.0
2212812,203.0
2212823,256.0
2212842,91.0
2212850,121.0
2212856,147.0
2212860,233.0
2212870,-136.1
2212873,267.0
2212885,165.0
2212904,81.0
2212908,56.0
2212913,122.0
2212915,112.0
2212919,102.0
2212926,127.0
2212927,-192.0
2212929,-181.0
2212946,102.0
2212950,101.14999999999998
2212954,415.5
2212956,264.0
2212958,199.0
2212964,149.0
2213002,101.5
2213025,230.5
2213027,114.5
2213028,194.5
2213036,120.0
2213050,266.5
2213057,-49.0
2213063,238.0
2213067,230.0
2213076,94.0
2213082,164.0
2213086,109.0
2213089,174.0
2213092,62.0
2213100,45.0
2213101,121.0
2213104,255.0
2213108,114.0
2213109,109.0
2213120,251.70000000000005
2213130,193.2
2213143,138.0
2213149,239.0
2213166,156.0
2213171,128.0
2213178,143.0
2213200,93.0
2213208,288.5
2213212,109.0
2213218,206.0
2213263,217.0
2213272,80.0
2213278,89.97000000000003
2213292,133.0
2213294,230.0
2213295,169.0
2213308,137.5
2213310,-213.8
2213314,195.60000000000002
2213317,100.0
2213318,245.0
2213321,130.0
2213339,-128.0
2213344,169.0
2213357,196.0
2213375,-147.0
2213384,197.0
2213392,-40.5
2213399,135.0
2213401,69.0
2213403,235.0
2213410,129.49
2213434,116.0
2213442,-40.0
2213443,198.0
2213446,210.0
2213457,169.0
2213469,80.0
2213470,121.10000000000002
2213489,110.0
2213490,39.0
2213493,240.0
2213497,48.0
2213513,-95.0
2213524,254.5
2213536,-151.0
2213556,66.0
2213559,200.0
2213573,260.0
2213577,161.5
2213604,160.10000000000002
2213605,169.0
2213614,137.0
2213617,183.5
2213618,145.0
2213644,176.0
2213645,-63.5
2213650,154.0
2213651,183.0
2213652,188.0
2213662,197.0
2213689,232.0
2213690,130.0
2213710,-101.0
2213713,190.0
2213724,211.0
2213726,294.0
2213727,209.0
2213737,121.0
2213742,63.0
2213748,107.0
2213764,158.0
2213771,169.0
2213783,121.5
2213786,148.0
2213788,167.0
2213823,-77.0
2213825,60.0
2213826,128.0
2213832,-29.0
2213837,191.0
2213839,204.0
2213840,125.0
2213841,118.0
2213842,177.0
2213866,60.0
2213877,239.0
2213892,165.5
2213900,202.0
2213935,80.0
2213939,202.0
2213952,162.0
2213955,176.0
2213958,33.0
2213964,118.5
2213966,138.5
2213972,-149.0
2213974,232.0
2213996,168.0
2214003,117.0
2214007,-100.0
2214009,255.0
2214014,192.0
2214041,159.0
2214042,-179.0
2214067,88.0
2214069,40.80000000000001
2214097,234.0
2214129,200.0
2214148,176.0
2214167,-188.0
2214174,126.0
2214175,154.0
2214194,142.7
2214201,178.0
2214222,155.0
2214228,119.0
2214251,152.0
2214252,181.0
2214253,140.0
2214263,110.0
2214304,-89.19999999999999
2214305,-85.0
2214319,60.0
2214379,248.0
2214397,215.5
2214405,174.0
2214428,-51.69999999999999
2214438,123.5
2214443,146.0
2214446,110.0
2214449,197.0
2214456,159.0
2214474,182.0
2214483,155.0
2214506,105.0
2214518,390.0
2214522,222.0
2214525,143.0
2214527,197.0
2214548,170.0
2214560,182.0
2214573,151.0
2214599,212.0
2214603,97.0
2214609,236.0
2214610,213.0
2214614,184.0
2214631,89.0
2214651,150.0
2214655,83.0
2214657,113.5
2214658,122.0
2214660,155.0
2214672,92.0
2214702,141.8
2214726,242.0
2214729,-62.0
2214730,51.0
2214733,164.0
2214735,191.0
2214738,166.0
2214744,139.0
2214755,123.0
2214766,132.0
2214776,101.0
2214795,199.0
2214798,210.0
2214799,163.0
2214819,225.0
2214821,212.0
2214838,159.5
2214864,170.0
2214868,138.5
2214893,171.0
2214896,105.0
2214897,75.0
2214900,68.0
2214902,136.0
2214906,180.0
2214912,189.0
2214914,235.0
2214917,170.5
2214923,153.5
2214924,155.0
2214942,177.0
2214946,228.0
2214969,105.5
2214976,109.0
2214989,-188.5
2214992,-91.0
2215037,116.0
2215056,195.5
2215068,144.0
2215093,124.0
2215099,134.0
2215160,92.0
2215164,263.5
2215168,231.0
2215173,287.5
2215182,206.0
2215224,209.0
2215252,103.0
2215254,134.0
2215301,180.0
2215307,213.5
2215308,251.0
2215309,211.0
2215313,116.0
2215320,119.0
2215337,110.0
2215339,66.0
2215342,276.0
2215353,211.0
2215364,185.0
2215367,-139.0
2215375,77.0
2215381,-52.0
2215390,-177.0
2215394,70.0
2215398,120.0
2215410,212.0
2215419,267.0
2215422,133.5
2215427,301.0
2215434,198.0
2215463,55.0
2215483,147.0
2215498,197.0
2215503,149.0
2215531,121.5
2215541,286.5
2215542,192.0
2215547,261.5
2215559,166.0
2215565,216.5
2215573,106.0
2215578,115.0
2215585,132.0
2215591,166.0
2215597,79.0
2215609,69.0
2215624,200.0
2215627,-177.0
2215650,167.0
2215653,197.60000000000002
2215665,159.0
2215669,201.0
2215674,149.0
2215693,209.5
2215695,240.0
2215718,199.2
2215719,239.0
2215736,89.0
2215737,97.0
2215744,42.0
2215754,220.0
2215767,198.0
2215771,102.14999999999998
2215788,67.0
2215795,-159.0
2215824,228.89999999999998
2215826,-100.0
2215827,236.0
2215833,167.5
2215837,224.0
2215854,127.0
2215855,125.0
2215856,189.0
2215869,156.0
2215897,122.0
2215902,95.0
2215914,269.0
2215917,140.0
2215973,280.0
2215975,148.0
2215977,172.0
2215988,280.0
2216002,207.0
2216008,-217.0
2216027,101.5
2216029,123.5
2216044,210.0
2216050,137.0
2216060,-87.30000000000001
2216101,320.0
2216113,114.5
2216127,-73.0
2216137,397.44000000000005
2216145,79.0
2216159,164.0
2216167,157.0
2216175,166.0
2216176,-125.0
2216179,91.0
2216186,248.5
2216193,64.0
2216197,-117.0
2216200,79.0
2216210,270.0
2216212,-51.69999999999999
2216228,211.0
2216234,189.0
2216247,130.0
2216250,153.0
2216251,138.0
2216261,95.0
2216266,123.0
2216273,-50.0
2216294,-53.0
2216301,180.0
2216313,285.0
2216334,119.0
2216337,-12.0
2216338,189.10000000000002
2216344,219.0
2216346,124.0
2216357,241.0
2216367,160.0
2216376,199.0
2216389,168.0
2216408,211.0
2216423,158.0
2216424,140.0
2216425,231.0
2216431,190.0
2216445,260.0
2216450,120.0
2216452,-152.0
2216458,95.0
2216460,167.0
2216495,144.5
2216504,67.0
2216505,128.0
2216524,282.0
2216527,82.5
2216545,202.0
2216546,188.0
2216551,149.0
2216552,207.0
2216553,102.0
2216559,215.0
2216561,125.0
2216562,159.0
2216563,192.0
2216565,66.0
2216566,128.0
2216568,138.0
2216571,170.0
2216573,222.0
2216574,238.5
2216577,172.0
2216587,186.0
2216591,275.0
2216601,173.0
2216614,-33.0
2216621,134.0
2216627,131.0
2216650,117.0
2216654,148.0
2216655,137.0
2216697,154.5
2216698,263.5
2216725,160.0
2216728,66.0
2216731,98.0
2216734,179.0
2216738,162.0
2216740,-96.5
2216743,124.10000000000002
2216747,80.0
2216758,171.0
2216775,-83.0
2216777,143.10000000000002
2216815,175.60000000000002
2216824,184.0
2216829,-218.0
2216830,232.0
2216834,-151.0
2216838,-149.0
2216839,57.5
2216842,101.0
2216843,119.0
2216845,-4.0
2216850,142.5
2216852,126.0
2216878,261.4
2216881,94.0
2216899,153.0
2216902,146.0
2216918,57.0
2216933,-85.0
2216943,147.0
2216956,101.0
2216960,289.0
2216963,124.0
2216967,192.0
2216968,73.0
2216969,91.0
2216985,145.0
2216991,185.0
2216992,162.0
2217027,13.0
2217029,90.0
2217030,-51.69999999999999
2217053,293.0
2217056,227.0
2217057,83.0
2217065,77.0
2217071,-111.0
2217104,134.0
2217108,34.0
2217113,93.0
2217124,34.0
2217125,48.0
2217126,218.0
2217158,237.0
2217164,145.0
2217186,121.89999999999998
2217189,75.0
2217194,-63.0
2217199,119.5
2217202,194.0
2217236,112.5
2217252,72.0
2217253,186.0
2217258,255.0
2217262,88.0
2217265,47.0
2217269,225.10000000000002
2217274,222.5
2217279,-125.0
2217280,234.0
2217282,109.5
2217309,209.0
2217315,220.5
2217322,254.0
2217326,206.0
2217328,165.10000000000002
2217340,137.0
2217349,155.0
2217351,57.0
2217355,88.80000000000001
2217358,45.60000000000002
2217360,196.0
2217370,166.0
2217374,142.5
2217388,150.2
2217422,60.0
2217491,261.0
2217502,133.0
2217510,109.0
2217527,152.0
2217547,128.0
2217548,211.0
2217550,122.0
2217551,77.0
2217595,-145.0
2217602,194.0
2217605,198.0
2217611,397.0
2217612,138.0
2217620,-81.0
2217627,151.75
2217628,245.0
2217632,101.0
2217633,59.5
2217639,246.0
2217644,185.0
2217659,-95.0
2217677,174.0
2217679,170.0
2217692,233.0
2217693,228.0
2217694,84.0
2217698,131.2
2217722,120.0
2217725,204.0
2217726,164.0
2217734,208.0
2217755,187.0
2217762,231.0
2217770,191.0
2217773,152.0
2217784,89.0
2217787,87.0
2217796,155.0
2217801,59.5
2217816,236.0
2217817,212.5
2217832,142.5
2217833,163.0
2217834,273.0
2217837,254.0
2217843,170.0
2217848,50.5
2217853,180.0
2217863,268.15
2217867,208.0
2217886,65.0
2217901,184.0
2217907,213.0
2217911,224.0
2217936,224.0
2217938,91.0
2217946,40.0
2217948,-110.0
2217949,223.0
2217967,182.0
2217971,164.0
2217973,184.5
2217990,-145.0
2218005,209.39999999999998
2218022,263.0
2218024,129.5
2218025,292.5
2218028,112.0
2218112,91.0
2218141,118.0
2218155,180.0
2218221,220.0
2218245,137.0
2218273,-128.0
2218275,87.69999999999999
2218277,143.0
2218279,138.0
2218280,103.0
2218287,112.0
2218321,487.0
2218383,145.0
2218389,88.0
2218393,119.39999999999998
2218425,184.0
2218431,99.80000000000001
2218458,204.0
2218476,129.0
2218486,85.0
2218531,86.0
2218538,173.0
2218539,181.0
2218552,70.0
2218557,216.0
2218565,205.0
2218566,42.0
2218570,85.0
2218585,-94.0
2218617,187.0
2218629,152.5
2218643,221.0
2218699,-56.80000000000001
2218739,139.0
2218758,217.0
2218761,162.0
2218781,169.0
2218805,225.0
2218807,225.0
2218842,198.0
2218843,187.0
2218844,123.0
2218846,164.0
2218864,98.0
2218888,65.80000000000001
2218889,127.0
2218904,131.5
2218939,150.0
2218957,127.0
2218988,136.0
2218995,158.0
2218996,199.0
2219002,183.0
2219019,148.0
2219036,175.0
2219039,162.0
2219040,129.0
2219050,150.0
2219053,202.0
2219054,174.0
2219063,233.0
2219068,85.0
2219122,143.0
2219130,185.0
2219170,202.0
2219176,84.0
2219196,184.0
2219197,134.0
2219199,176.0
2219205,203.0
2219271,136.0
2219273,181.0
2219277,183.0
2219282,99.60000000000002
2219329,171.0
2219332,187.0
2219342,215.0
2219350,242.5
2219357,142.0
2219364,216.0
2219378,274.0
2219428,124.0
2219444,198.0
2219459,152.0
2219465,147.0
2219474,200.0
2219475,163.0
2219513,115.0
2219525,188.0
2219527,147.0
2219569,248.0
2219575,111.0
2219578,192.0
2219584,207.0
2219599,98.0
2219614,128.0
2219617,46.0
2219626,177.0
2219635,219.5
2219668,156.0
2219672,190.0
2219680,153.7
2219693,77.0
2219697,54.0
2219701,112.0
2219723,157.5
2219742,47.0
2219767,200.0
2219801,115.0
2219802,94.0
2219841,128.0
2219864,210.0
2219868,100.0
2219869,148.0
2219886,181.0
2219888,128.0
2219890,131.0
2219891,146.0
2219892,141.0
2219894,138.0
2219903,42.14999999999998
2219910,244.0
2219929,125.0
2219948,189.0
2219993,108.0
2220025,96.5
2220027,220.0
2220055,205.0
2220065,168.0
2220074,245.0
2220079,280.0
2220094,191.5
2220156,289.0
2220163,220.0
2220175,219.0
2220184,129.0
2220210,148.0
2220219,144.0
2220221,90.0
2220225,178.0
2220229,174.0
2220230,131.0
2220233,35.0
2220241,240.0
2220253,166.0
2220254,130.0
2220267,145.0
2220273,196.0
2220287,158.0
2220291,132.0
2220317,58.0
2220320,238.0
2220321,141.0
2220327,180.5
2220337,117.0
2220350,123.0
2220372,77.0
2220374,39.0
2220376,282.5
2220387,71.0
2220398,142.0
2220412,126.0
2220442,220.0
2220443,187.0
2220465,125.0
2220481,115.0
2220486,87.0
2220491,224.0
2220505,201.5
2220533,87.0
2220563,135.0
2220576,140.0
2220577,115.0
2220579,170.0
2220617,-80.0
2220629,110.0
2220630,79.0
2220633,349.0
2220638,128.0
2220640,145.0
2220644,-20.0
2220647,130.0
2220652,131.0
2220656,200.0
2220660,148.0
2220661,116.0
2220662,161.0
2220669,168.0
2220679,281.6
2220684,23.0
2220689,132.0
2220701,181.0
2220717,162.0
2220720,166.0
2220733,200.0
2220739,158.0
2220784,219.5
2220789,56.0
2220810,148.14999999999998
2220822,111.0
2220830,171.0
2220831,101.0
2220884,-125.0
2220893,155.0
2220903,201.0
2220905,158.0
2220906,134.0
2220928,165.0
2220935,44.0
2220953,141.0
2220969,110.0
2220977,142.0
2221048,62.0
2221062,69.0
2221066,127.0
2221082,167.0
2221088,256.5
2221089,285.0
2221095,59.0
2221096,119.0
2221099,231.8
2221111,183.0
2221113,12.5
2221117,170.0
2221121,238.0
2221124,78.0
2221154,130.0
2221159,176.0
2221161,87.0
2221200,94.0
2221206,114.0
2221210,178.5
2221211,187.0
2221219,120.0
2221235,109.0
2221239,119.0
2221251,106.0
2221266,246.0
2221282,110.0
2221328,202.5
2221336,64.0
2221337,106.0
2221338,68.5
2221347,127.0
2221351,54.0
2221394,64.0
2221405,144.0
2221412,158.0
2221449,243.0
2221475,287.0
2221477,118.5
2221503,82.0
2221505,259.0
2221527,150.0
2221543,139.5
2221546,233.0
2221575,217.0
2221578,269.0
2221588,270.0
2221593,160.0
2221663,89.0
2221667,220.0
2221687,118.0
2221690,158.0
2221709,268.0
2221711,104.0
2221718,130.0
2221724,206.0
2221737,46.0
2221753,182.0
2221756,-128.0
2221776,197.0
2221804,207.0
2221823,160.0
2221833,92.0
2221857,172.0
2221875,228.0
2221888,203.0
2221899,242.0
2221901,163.0
2221911,-82.0
2221919,127.0
2221924,60.0
2221928,59.0
2221931,182.0
2221941,90.0
2221947,111.0
2221996,91.0
2221999,135.0
2222000,87.0
2222002,70.0
2222013,143.0
2222019,181.5
2222043,156.0
2222047,140.0
2222065,277.0
2222077,87.0
2222100,125.0
2222117,172.0
2222121,175.0
2222138,105.0
2222165,235.0
2222199,67.0
2222207,201.0
2222223,211.0
2222227,57.0
2222235,157.0
2222238,64.0
2222242,316.0
2222243,157.0
2222252,60.0
2222291,159.0
2222336,193.0
2222337,81.0
2222338,290.0
2222371,182.0
2222376,202.0
2222414,250.0
2222425,155.0
2222434,224.0
2222451,264.0
2222460,232.0
2222486,96.0
2222492,72.0
2222494,127.0
2222495,225.0
2222504,70.0
2222513,120.0
2222516,95.0
2222518,199.0
2222522,213.0
2222561,139.0
2222562,170.0
2222602,178.0
2222668,190.0
2222669,158.0
2222681,175.0
2222694,78.0
2222754,255.0
2222756,181.0
2222765,241.0
2222771,155.0
2222852,57.0
2222854,222.0
2222856,256.0
2222868,47.0
2222918,189.0
2222926,172.0
2222945,118.0
2222957,219.0
2222962,125.0
2222977,-81.0
2222983,116.0
2223034,94.0
2223037,153.5
2223053,170.0
2223092,196.0
2223095,-131.0
2223098,-59.0
2223102,77.0
2223107,153.0
2223122,70.0
2223124,176.0
2223169,211.0
2223173,240.0
2223179,94.0
2223186,57.0
2223224,168.0
2223269,131.0
2223303,100.0
2223352,240.0
2223367,192.0
2223376,126.0
2223392,173.0
2223422,115.0
2223429,224.0
2223439,116.0
2223463,450.0
2223466,165.0
2223468,125.0
2223506,37.0
2223515,260.15
2223535,161.0
2223539,202.0
2223553,58.0
2223555,111.0
2223556,116.0
2223606,108.0
2223608,154.0
2223626,65.19999999999999
2223638,-111.0
2223678,45.0
2223681,160.0
2223690,227.0
2223718,110.0
2223795,233.0
2223831,170.0
2223857,240.0
2223873,225.0
2223883,109.0
2223905,103.0
2223920,127.0
2223939,115.0
2223951,243.0
2223956,125.0
2223984,142.0
2223985,45.0
2223988,56.0
2224019,227.14999999999998
2224025,188.0
2224028,54.0
2224057,204.0
2224058,190.0
2224061,167.0
2224065,27.0
2224105,158.0
2224107,111.0
2224114,159.0
2224118,115.0
2224175,132.0
2224180,182.0
2224187,133.0
2224202,170.0
2224245,144.0
2224246,144.0
2224292,147.0
2224340,227.0
2224352,236.0
2224380,-26.0
2224414,260.0
2224468,225.0
2224487,69.0
2224488,196.5
2224490,95.0
2224491,211.5
2224496,205.0
2224539,160.0
2224545,96.0
2224553,-22.0
2224607,143.0
2224609,135.2
2224611,98.0
2224630,190.0
2224641,200.0
2224643,168.0
2224644,136.0
2224681,189.0
2224705,197.0
2224743,256.0
2224769,260.0
2224790,287.0
2224794,94.0
2224835,242.0
2224839,37.0
2224842,107.0
2224844,134.0
2224845,139.0
2224875,135.0
2224886,210.0
2224887,-75.0
2224889,99.0
2224923,125.0
2224942,196.0
2224966,181.0
2224968,82.0
2224995,171.0
2224996,169.0
2225001,269.0
2225010,196.0
2225021,262.0
2225023,209.0
2225033,250.0
2225096,120.0
2225127,104.0
2225139,136.0
2225164,200.0
2225175,71.25
2225178,235.0
2225217,140.0
2225241,167.0
2225245,53.30000000000001
2225247,228.89999999999998
2225291,118.0
2225307,209.0
2225309,216.0
2225312,108.69999999999999
2225316,185.0
2225317,173.0
2225318,215.0
2225325,205.0
2225413,175.0
2225415,148.0
2225432,96.0
2225441,100.0
2225449,150.0
2225450,201.5
2225482,217.0
2225486,101.0
2225487,218.0
2225494,102.0
2225509,91.0
2225563,135.0
2225619,-92.30000000000001
2225635,133.0
2225649,233.0
2225652,274.0
2225673,156.5
2225696,165.0
2225710,175.0
2225744,258.0
2225760,116.0
2225791,176.0
2225814,240.0
2225825,201.0
2225846,107.0
2225878,114.0
2225908,170.0
2225909,87.0
2225914,87.0
2225919,243.0
2225929,139.0
2225940,140.0
2225990,112.13999999999999
2226005,202.0
2226032,143.0
2226035,112.0
2226039,62.0
2226043,184.0
2226046,115.0
2226084,173.0
2226088,-105.0
2226091,144.0
2226094,112.0
2226099,140.0
2226118,135.0
2226121,95.0
2226153,187.0
2226174,155.0
2226201,90.75
2226202,172.0
2226204,-73.0
2226207,257.0
2226237,69.0
2226263,176.0
2226264,179.0
2226268,75.0
2226288,172.0
2226293,136.0
2226313,178.0
2226318,110.19999999999999
2226331,95.0
2226351,145.0
2226356,80.0
2226357,132.0
2226359,267.0
2226364,151.0
2226367,80.0
2226385,300.0
2226410,197.0
2226424,48.0
2226425,203.0
2226431,125.0
2226442,230.0
2226457,240.0
2226496,80.0
2226530,55.0
2226543,145.0
2226568,97.0
2226569,95.0
2226577,165.0
2226580,213.0
2226581,127.0
2226612,154.0
2226616,150.0
2226637,138.0
2226645,150.0
2226662,241.0
2226665,118.0
2226670,127.0
2226684,53.0
2226712,180.0
2226720,214.0
2226724,112.0
2226727,122.0
2226738,204.0
2226774,88.0
2226800,-128.0
2226803,241.0
2226804,170.0
2226806,135.0
2226819,181.0
2226832,92.0
2226843,185.0
2226845,134.8
2226848,110.0
2226849,272.0
2226875,66.0
2226878,109.0
2226995,182.0
2227050,141.0
2227055,310.0
2227056,128.0
2227064,192.0
2227096,232.0
2227097,86.0
2227101,170.0
2227138,125.0
2227142,112.0
2227145,123.0
2227146,124.0
2227163,181.0
2227164,135.0
2227169,91.19999999999999
2227170,139.0
2227176,54.0
2227188,70.0
2227232,292.0
2227269,113.0
2227302,213.0
2227307,215.0
2227344,254.0
2227355,155.0
2227372,186.0
2227390,133.0
2227395,154.0
2227402,82.0
2227424,300.0
2227430,300.0
2227467,141.0
2227496,157.0
2227572,247.0
2227588,250.5
2227609,142.0
2227611,73.0
2227613,217.0
2227708,126.0
2227711,122.0
2227720,98.0
2227724,240.0
2227728,170.0
2227729,128.0
2227736,-16.0
2227738,168.0
2227740,107.0
2227832,162.0
2227847,152.0
2227849,106.39999999999998
2227877,154.0
2227938,226.0
2227943,90.5
2227944,115.0
2227996,72.0
2228010,181.0
2228027,102.0
2228032,82.0
2228037,236.0
2228045,161.0
2228090,192.0
2228091,152.0
2228149,95.0
2228154,173.60000000000002
2228155,128.0
2228165,39.0
2228167,108.0
2228169,217.0
2228171,149.0
2228173,142.0
2228176,159.0
2228197,85.10000000000002
2228209,169.0
2228210,95.0
2228212,131.0
2228213,99.0
2228214,143.0
2228215,143.0
2228219,94.0
2228222,228.0
2228227,-80.88999999999999
2228245,130.0
2228252,88.0
2228274,-65.0
2228287,238.0
2228301,83.0
2228302,258.0
2228315,136.5
2228333,80.0
2228377,212.0
2228396,134.0
2228409,214.0
2228439,128.0
2228448,-84.0
2228456,179.0
2228470,162.0
2228495,136.0
2228507,207.0
2228514,72.0
2228518,138.0
2228522,171.0
2228529,84.0
2228534,91.0
2228552,232.0
2228625,198.0
2228626,49.0
2228645,185.0
2228646,120.0
2228647,66.0
2228658,153.0
2228659,-149.0
2228665,190.0
2228672,305.0
2228682,42.0
2228714,189.0
2228742,92.0
2228744,286.0
2228745,294.0
2228749,250.0
2228758,136.0
2228762,165.14999999999998
2228763,285.0
2228767,206.0
2228798,142.0
2228805,221.0
2228813,204.0
2228825,-119.0
2228830,238.0
2228854,280.0
2228891,79.0
2228897,149.14999999999998
2228922,171.0
2228925,188.0
2228934,147.0
2228949,150.0
2228970,88.44999999999999
2228987,110.0
2229041,135.0
2229050,108.0
2229076,196.0
2229119,165.0
2229136,219.0
2229139,155.0
2229198,90.0
2229199,120.0
2229319,141.0
2229320,77.0
2229352,122.0
2229358,74.0
2229415,194.0
2229431,156.0
2229462,140.0
2229464,274.0
2229484,225.0
2229502,175.0
2229512,110.0
2229527,112.0
2229540,100.0
2229543,62.0
2229576,167.0
2229594,214.0
2229600,139.0
2229603,165.0
2229604,119.0
2229608,111.0
2229637,250.0
2229646,174.0
2229675,230.0
2229681,104.0
2229687,306.0
2229725,225.45
2229729,145.0
2229758,182.0
2229813,120.0
2229828,249.0
2229833,63.0
2229856,143.0
2229875,85.0
2229885,156.0
2229897,212.64999999999998
2229904,155.0
2229908,122.0
2229909,247.0
2229923,301.0
2229963,114.0
2229979,220.14999999999998
2230020,104.0
2230023,146.0
2230060,110.0
2230062,136.0
2230063,79.0
2230087,89.0
2230109,224.0
2230141,42.68000000000001
2230144,94.85000000000002
2230146,55.0
2230148,250.0
2230183,218.0
2230215,270.0
2230224,179.0
2230235,234.0
2230250,78.0
2230254,211.0
2230262,89.0
2230266,203.0
2230285,172.0
2230286,234.0
2230287,141.0
2230294,265.0
2230319,199.0
2230327,147.0
2230352,150.0
2230353,65.0
2230364,175.0
2230365,198.0
2230380,98.0
2230398,172.0
2230415,53.0
2230423,112.0
2230468,108.0
2230521,146.0
2230571,119.0
2230574,191.0
2230583,274.0
2230646,136.14999999999998
2230648,112.0
2230669,220.0
2230705,132.0
2230720,278.0
2230721,183.0
2230733,73.0
2230750,165.0
2230757,42.0
2230783,210.0
2230791,80.0
2230807,271.15
2230811,149.0
2230815,124.0
2230858,198.0
2230864,148.0
2230875,124.0
2230883,83.0
2230892,254.14999999999998
2230908,165.0
2230942,79.0
2230954,162.0
2230960,181.0
2230961,112.0
2230985,116.0
2230997,140.0
2231016,170.0
2231049,216.0
2231059,137.0
2231077,100.0
2231079,149.0
2231083,120.0
2231086,98.0
2231106,225.0
2231144,294.0
2231177,203.0
2231216,196.0
2231227,155.0
2231228,83.0
2231263,171.0
2231269,145.0
2231278,95.0
2231307,-130.0
2231350,123.0
2231352,124.0
2231380,150.0
2231397,233.0
2231401,90.0
2231424,142.0
2231444,155.0
2231455,110.0
2231492,291.0
2231581,103.19999999999999
2231615,100.0
2231660,144.0
2231663,69.0
2231690,146.0
2231700,172.0
2231711,112.0
2231728,236.0
2231762,169.0
2231767,87.0
2231776,125.39999999999998
2231781,212.0
2231783,210.0
2231792,139.0
2231797,190.0
2231806,96.0
2231813,750.0
2231815,221.0
2231850,77.0
2231907,231.0
2231911,113.0
2231964,124.0
2231973,147.0
2231978,134.0
2231986,80.0
2231997,110.14999999999998
2232008,101.0
2232036,227.0
2232060,-84.0
2232097,144.0
2232130,229.0
2232150,151.0
2232174,127.0
2232185,222.0
2232199,89.14999999999998
2232252,174.0
2232265,83.0
2232312,191.0
2232324,158.0
2232371,192.0
2232382,213.0
2232417,170.0
2232418,85.0
2232420,189.0
2232423,84.0
2232458,206.0
2232472,92.0
2232473,112.0
2232481,210.0
2232502,180.0
2232505,119.0
2232523,354.0
2232526,187.0
2232533,276.0
2232545,240.0
2232546,250.0
2232547,265.0
2232548,122.0
2232557,191.0
2232621,192.0
2232660,216.0
2232665,185.0
2232676,96.0
2232677,68.0
2232690,153.0
2232697,254.0
2232731,148.0
2232761,185.0
2232826,212.0
2232833,134.0
2232857,147.0
2232867,85.0
2232872,203.0
2232882,99.0
2232894,42.0
2232914,180.0
2232947,150.0
2232972,114.0
2233041,53.0
2233057,124.0
2233060,127.0
2233078,210.0
2233080,174.0
2233084,157.0
2233129,96.0
2233140,191.0
2233152,140.0
2233184,114.0
2233189,105.0
2233198,247.5
2233204,217.0
2233206,113.0
2233253,146.0
2233259,181.0
2233262,128.0
2233291,237.0
2233298,205.0
2233318,152.0
2233339,127.0
2233343,137.0
2233350,144.0
2233360,84.0
2233362,221.0
2233366,128.0
2233445,229.0
2233449,89.0
2233450,200.0
2233458,154.0
2233462,92.0
2233493,147.0
2233516,199.0
2233545,201.0
2233587,245.0
2233675,194.0
2233708,184.89999999999998
2233711,122.0
2233715,165.0
2233723,65.0
2233724,150.0
2233808,239.0
2233812,165.0
2233813,300.0
2233856,197.0
2233859,124.0
2233870,138.0
2233884,165.0
2233943,123.0
2233944,189.0
2233954,137.0
2233956,72.30000000000001
2233971,116.0
2233989,102.0
2234018,165.0
2234019,49.0
2234029,-63.0
2234055,81.0
2234073,93.10000000000002
2234085,215.0
2234094,170.0
2234095,140.0
2234116,137.0
2234123,176.0
2234131,245.0
2234139,156.0
2234166,132.0
2234178,131.0
2234186,47.5
2234202,159.0
2234206,200.0
2234265,-95.0
2234304,210.0
2234344,212.0
2234367,130.0
2234376,120.0
2234379,110.0
2234390,138.0
2234430,155.0
2234435,49.0
2234477,71.0
2234488,74.0
2234491,228.0
2234509,125.80000000000001
2234560,131.16000000000003
2234587,115.0
2234601,210.0
2234624,141.0
2234656,162.0
2234792,154.0
2234817,179.0
2234822,244.0
2234837,350.0
2234870,191.0
2234880,147.0
2234892,123.0
2234901,121.0
2234919,93.5
2234936,138.0
2234945,182.0
2234948,183.0
2234967,208.0
2234972,164.0
2235000,91.0
2235004,209.0
2235005,-80.0
2235016,148.0
2235017,202.0
2235040,82.0
2235079,200.14999999999998
2235087,101.0
2235127,168.0
2235134,153.0
2235153,143.0
2235158,172.0
2235166,129.0
2235181,77.0
2235185,235.14999999999998
2235190,168.0
2235267,116.0
2235281,734.0
2235291,170.0
2235293,136.0
2235334,106.0
2235350,116.0
2235385,154.0
2235422,224.0
2235424,78.0
2235425,270.0
2235432,294.0
2235434,202.0
2235532,185.0
2235534,153.0
2235548,166.0
2235564,198.0
2235569,208.0
2235650,152.0
2235704,180.0
2235727,56.0
2235735,229.0
2235736,130.0
2235770,156.0
2235777,165.0
2235791,129.0
2235793,187.0
2235806,317.0
2235807,159.0
2235808,-54.0
2235921,120.0
2236018,-17.0
2236045,222.0
2236049,241.0
2236067,130.0
2236072,159.0
2236074,177.0
2236075,190.0
2236080,-155.0
2236112,-132.0
2236133,181.0
2236157,221.0
2236198,78.0
2236199,166.0
2236201,69.69999999999999
2236209,117.0
2236216,68.0
2236222,102.0
2236223,184.2
2236228,104.0
2236229,142.0
2236239,136.0
2236277,162.0
2236299,182.0
2236314,223.0
2236320,53.69999999999999
2236325,177.0
2236347,289.15
2236366,218.0
2236369,73.5
2236370,154.0
2236387,151.0
2236404,136.7
2236405,170.0
2236424,144.0
2236426,149.5
2236431,250.0
2236446,153.0
2236468,106.0
2236470,199.0
2236475,130.0
2236479,119.0
2236486,208.5
2236488,230.0
2236527,-98.0
2236530,123.0
2236580,157.0
2236582,112.0
2236661,96.0
2236667,150.0
2236673,225.0
2236710,236.0
2236711,213.0
2236755,110.0
2236773,160.0
2236785,144.0
2236787,240.0
2236796,158.0
2236811,168.0
2236815,149.0
2236816,296.0
2236827,126.0
2236830,173.0
2236848,231.0
2236850,202.0
2236855,120.0
2236882,-173.0
2236888,98.0
2236889,104.0
2236893,130.0
2236901,180.0
2236905,-62.0
2236907,107.0
2236926,135.0
2236942,113.0
2236943,192.0
2236944,124.0
2236946,140.0
2236950,194.5
2236952,265.0
2236963,162.0
2236964,161.0
2236972,135.0
2236976,234.0
2236991,110.0
2237023,77.0
2237030,195.0
2237086,150.0
2237088,190.0
2237090,88.5
2237111,185.0
2237112,74.0
2237115,100.0
2237139,226.0
2237146,80.60000000000002
2237147,126.0
2237155,68.0
2237156,75.0
2237175,147.0
2237196,321.0
2237199,150.0
2237202,131.0
2237238,183.0
2237259,194.0
2237264,273.0
2237267,165.0
2237273,247.0
2237282,257.0
2237303,152.0
2237308,245.0
2237314,221.0
2237315,182.0
2237317,208.0
2237322,241.0
2237326,129.0
2237330,268.0
2237341,173.0
2237344,97.13
2237348,146.0
2237381,-129.5
2237384,169.5
2237395,182.0
2237397,184.0
2237398,307.0
2237413,-141.5
2237415,239.0
2237439,229.0
2237472,67.05000000000001
2237478,165.0
2237486,181.0
2237492,297.16999999999996
2237494,112.39999999999998
2237530,149.0
2237538,171.0
2237556,105.0
2237558,143.0
2237562,133.0
2237585,187.0
2237587,105.0
2237589,122.0
2237619,116.0
2237662,212.0
2237664,160.0
2237685,227.0
2237699,247.0
2237705,145.0
2237723,140.0
2237739,287.0
2237742,114.0
2237743,244.0
2237754,126.0
2237757,210.0
2237766,162.0
2237783,179.0
2237791,170.0
2237815,134.0
2237821,85.0
2237824,118.0
2237829,162.0
2237843,87.14999999999998
2237847,94.0
2237871,120.0
2237878,149.0
2237881,135.0
2237890,78.0
2237896,190.0
2237897,170.0
2237921,129.0
2237925,141.0
2237927,106.0
2237954,66.0
2237980,117.0
2237981,217.0
2237989,187.2
2237996,68.0
2238022,217.0
2238053,150.0
2238079,298.0
2238093,86.0
2238098,65.0
2238109,85.0
2238115,147.0
2238120,125.0
2238153,173.0
2238161,64.0
2238163,191.0
2238164,152.0
2238165,245.0
2238169,172.0
2238172,176.64999999999998
2238176,210.0
2238214,207.0
2238220,175.0
2238227,110.0
2238228,165.0
2238230,150.0
2238231,258.0
2238248,120.0
2238251,228.0
2238258,173.0
2238287,146.0
2238298,229.0
2238304,62.0
2238308,142.0
2238311,132.0
2238328,109.0
2238335,173.0
2238344,160.0
2238348,168.2
2238350,118.0
2238363,99.0
2238364,170.0
2238372,277.0
2238377,149.0
2238381,161.0
2238388,277.0
2238412,202.0
2238426,150.0
2238439,-127.0
2238473,194.0
2238476,135.0
2238488,168.0
2238491,107.0
2238534,130.0
2238535,150.0
2238594,-83.0
2238601,123.14999999999998
2238608,-158.0
2238622,115.0
2238623,97.0
2238627,132.0
2238637,69.0
2238671,200.0
2238695,219.0
2238697,79.0
2238722,163.0
2238724,84.0
2238729,180.0
2238734,120.0
2238735,122.0
2238736,93.0
2238749,50.0
2238752,68.0
2238755,173.0
2238769,208.14999999999998
2238771,174.0
2238786,128.0
2238788,156.0
2238789,212.0
2238805,162.0
2238832,128.0
2238838,135.0
2238851,143.0
2238900,197.0
2238917,157.0
2238921,44.0
2238933,92.0
2238935,184.0
2238939,722.0
2238942,219.0
2238955,190.14999999999998
2238959,48.0
2238980,120.0
2238981,186.0
2238987,122.0
2238991,126.0
2239018,179.0
2239034,96.0
2239048,219.0
2239050,49.0
2239051,172.0
2239063,133.0
2239076,172.0
2239082,174.0
2239085,107.0
2239094,125.0
2239126,200.0
2239150,260.0
2239166,119.0
2239172,183.0
2239175,77.0
2239234,150.0
2239254,123.0
2239272,90.0
2239279,71.80000000000001
2239284,255.0
2239286,103.0
2239291,175.0
2239335,67.0
2239339,108.0
2239361,220.0
2239380,198.0
2239384,184.0
2239389,150.0
2239390,150.0
2239414,250.0
2239417,147.0
2239418,127.0
2239458,110.0
2239485,144.0
2239489,131.0
2239504,257.0
2239505,124.0
2239515,115.0
2239518,88.0
2239524,219.14999999999998
2239527,180.0
2239536,100.0
2239537,232.0
2239541,134.5
2239552,249.0
2239567,109.0
2239573,150.0
2239579,90.0
2239580,-146.0
2239581,123.0
2239592,202.0
2239646,155.0
2239656,161.0
2239664,257.0
2239690,218.0
2239726,85.5
2239736,132.0
2239737,265.0
2239755,110.0
2239775,160.0
2239791,194.0
2239806,130.0
2239815,152.0
2239816,126.30000000000001
2239829,129.0
2239878,120.0
2239902,85.0
2239915,124.0
2239916,190.0
2239917,78.0
2239921,121.0
2239947,101.0
2239967,220.0
2239993,152.0
2240011,178.0
2240049,149.60000000000002
2240060,138.0
2240089,145.0
2240100,200.0
2240108,230.0
2240120,74.0
2240127,129.0
2240128,140.0
2240162,212.0
2240164,122.0
2240184,200.0
2240186,242.0
2240208,119.0
2240209,131.0
2240214,221.0
2240215,181.0
2240234,-14.0
2240236,281.0
2240246,174.0
2240253,164.0
2240255,222.0
2240270,170.0
2240301,178.0
2240303,141.0
2240306,7.0
2240316,186.2
2240364,102.0
2240367,195.0
2240377,230.0
2240378,290.0
2240386,122.0
2240410,108.0
2240457,172.0
2240509,241.0
2240549,134.0
2240553,82.0
2240564,236.2
2240565,216.2
2240566,239.20000000000005
2240574,186.0
2240585,158.0
2240591,315.0
2240594,192.0
2240612,192.2
2240613,112.0
2240618,77.0
2240626,162.0
2240628,321.0
2240648,235.0
2240655,688.0
2240656,696.0
2240684,210.0
2240691,250.0
2240707,189.3
2240726,113.0
2240741,100.0
2240767,140.0
2240790,110.0
2240801,155.0
2240807,182.0
2240842,162.0
2240857,80.0
2240858,100.0
2240864,80.0
2240919,178.0
2240922,120.0
2240951,185.0
2240952,107.0
2240953,142.0
2240966,190.0
2240969,121.0
2240972,147.0
2240975,117.0
2240991,125.0
2241024,126.0
2241030,130.0
2241031,152.0
2241032,161.0
2241047,218.0
2241082,153.0
2241117,81.0
2241124,195.0
2241125,87.19999999999999
2241165,37.0
2241180,107.0
2241194,198.0
2241217,69.0
2241218,97.0
2241227,197.0
2241241,322.0
2241245,170.0
2241256,77.0
2241266,111.0
2241267,171.0
2241286,139.0
2241287,145.0
2241288,214.0
2241293,115.0
2241297,138.0
2241303,-3.0
2241304,117.0
2241311,140.0
2241313,144.0
2241315,175.0
2241318,134.0
2241321,69.0
2241343,170.0
2241356,84.80000000000001
2241384,98.0
2241385,136.0
2241399,117.0
2241406,242.0
2241457,120.0
2241504,140.0
2241505,75.0
2241559,164.0
2241560,132.0
2241561,147.0
2241562,161.0
2241594,225.0
2241597,80.0
2241598,160.0
2241628,133.0
2241629,155.0
2241630,183.0
2241686,104.0
2241687,96.0
2241688,120.0
2241704,223.0
2241734,271.0
2241778,196.0
2241784,265.0
2241876,133.0
2241880,78.0
2241914,37.0
2241935,135.0
2241936,205.0
2241937,73.0
2241938,113.0
2241943,378.0
2241985,205.0
2241995,228.0
2242103,151.5
2242124,258.0
2242197,158.0
2242198,172.0
2242199,189.0
2242223,191.0
2242295,165.0
2242323,244.0
2242324,194.0
2242339,220.0
2242386,137.0
2242387,118.0
2242431,126.0
2242549,140.0
2242556,213.89999999999998
2242603,110.0
2242604,198.0
2242621,61.0
2242622,61.0
2242628,-32.900000000000006
2242710,114.30000000000001
2242711,128.39999999999998
2242733,98.22000000000003
2242734,91.13
2242776,49.0
2242777,68.0
2242778,48.0
2242779,46.0
2242795,178.0
2242796,172.0
2242860,120.5
2242921,330.0
2242976,102.0
2243062,79.0
2243110,247.0
2243111,241.0
2243152,-113.30000000000001
2243205,-107.0
2243206,-53.0
2243207,-63.0
2243248,100.0
2243449,147.0
2243476,122.0
2243642,229.0
2243660,202.0
2243661,166.0
2243745,94.0
2243871,280.0
2243872,255.0
2243909,287.0
2243910,316.0
2243916,-16.0
2243917,-35.0
2243998,187.0
2244002,281.25
2244050,55.0
2244070,138.0
2244127,210.0
2244150,83.0
2244160,172.0
2244161,240.0
2300100,-41.0
2300260,-55.0
2300261,-55.0
2300373,-63.0
2300483,183.0
2300678,93.0
2300729,119.0
2310003,-38.0
2310004,-38.0
2310005,-38.0
2311116,114.0
2311122,129.0
2311143,236.0
2311146,300.0
2311174,169.0
2311187,54.0
2311207,80.0
2311248,120.0
2311320,82.0
2311321,86.5
2311343,152.0
2311403,510.39
2311428,185.0
2311434,240.0
2311438,-129.0
2311441,-128.0
2311515,244.0
2311534,161.0
2311535,128.0
2311583,174.0
2311622,-123.0
2311848,390.0
2311862,181.0
2311991,146.39999999999998
2311992,146.39999999999998
2312002,173.0
2312064,203.14999999999998
2312391,224.0
2312485,135.0
2312522,16.0
2312627,-39.0
2312628,-39.0
2312629,-39.0
2312630,-39.0
2312631,-39.0
2312632,-39.0
2312633,-39.0
2312634,-39.0
2312635,-39.0
2312636,-39.0
2312637,-39.0
2312638,-39.0
2312639,-39.0
2312640,-39.0
2312641,-39.0
2312642,-39.0
2312643,-39.0
2312644,-39.0
2312645,-39.0
2312646,-39.0
2312647,-39.0
2312648,-39.0
2312659,187.0
2312660,239.0
2312661,219.0
2312666,181.0
2312788,95.0
2312789,109.0
3000009,230.0
3500016,210.0
3500017,-67.0
3500068,166.0
4000145,-160.0
4000146,-141.0
4000147,-193.0
4000148,-168.0
4000332,-170.0
4000333,-199.0
4000348,-27.0
4000352,85.0
4000353,113.0
4000354,144.0
4000355,115.0
4000471,-122.0
4000472,128.89999999999998
4000482,207.14999999999998
4000483,207.14999999999998
4000541,597.0
4000542,597.0
4000543,597.0
4000554,-80.5
4000555,16.0
4000664,-73.0
4000665,-110.0
4000666,-139.0
4000681,-57.80000000000001
4000759,25.0
4000965,-84.0
4000966,-142.0
4000967,-95.0
4001392,-74.0
4001402,830.0
4001541,-102.0
4001581,-137.0
4001659,177.60000000000002
4001661,50.0
4001850,107.39999999999998
4001851,127.89999999999998
4001852,204.0
4001853,200.2
4002003,166.2
4002004,127.19999999999999
4002005,120.69999999999999
4002016,238.0
4002017,196.10000000000002
4002018,177.60000000000002
4002019,197.10000000000002
4002020,220.10000000000002
4002828,482.0
4002956,162.14999999999998
4003664,229.0
4020006,150.5
4020031,-210.0
4020081,87.30000000000001
4020086,-205.0
4020087,-194.5
4020091,-63.0
4020105,160.14999999999998
4020117,113.5
4020118,113.0
4020119,114.0
4020120,80.5
4020176,-58.5
4020198,237.60000000000002
4020208,169.10000000000002
4020223,73.0
4020307,-208.0
4020333,193.0
4020334,180.5
4020419,-146.0
4020462,-218.4
4020463,-175.0
4020464,-226.8
4020465,-201.2
4020466,120.5
4020467,72.5
4020468,157.5
4020572,-149.0
4020578,-33.0
4020630,-95.0
4020631,-86.80000000000001
4020632,-124.0
4020633,-101.0
4020634,-93.0
4020636,-139.0
4020673,87.0
4020733,-149.0
4020745,181.14999999999998
4020751,-73.0
4020752,-17.0
4020753,11.0
4020759,-215.0
4020760,-185.0
4020770,32.0
4020776,-68.0
4020812,-111.0
4020845,156.0
4020846,198.0
4020875,116.0
4020907,121.14999999999998
4020908,121.14999999999998
4020909,69.60000000000002
4020910,146.0
4020911,220.0
4020912,259.0
4020913,146.0
4020914,182.5
4020982,-133.2
4021046,77.14999999999998
4021066,161.0
4021067,161.0
4021090,46.60000000000002
4021091,97.5
4021101,9.0
4021119,149.14999999999998
4021120,86.14999999999998
4021121,86.14999999999998
4021122,74.14999999999998
4021123,112.14999999999998
4021124,105.14999999999998
4021134,63.10000000000002
4021202,161.60000000000002
4021203,329.0
4021248,-192.5
4021250,-192.5
4021253,-119.5
4021320,70.0
4021339,-243.0
4021340,-139.0
4021353,250.0
4021410,-201.0
4021411,-124.0
4021412,-83.5
4021413,-54.0
4021417,176.0
4021425,75.10000000000002
4021483,164.5
4021489,71.0
4021491,74.0
4021492,63.0
4021493,84.0
4021494,55.0
4021495,54.0
4021496,63.0
4021497,44.0
4021498,45.0
4021499,45.0
4021547,-166.0
4021548,-207.0
4021620,152.0
4021653,113.60000000000002
4021654,-9.5
4021655,4.5
4021656,-93.5
4021657,-52.5
4021660,97.0
4021661,229.5
4021723,-186.0
4021739,291.0
4021742,243.60000000000002
4021743,215.60000000000002
4021750,-127.5
4021765,267.1
4021766,244.60000000000002
4021827,240.0
4021828,246.0
4021829,220.0
4021871,-153.0
4021873,-139.0
4021941,102.0
4021953,177.0
4021969,144.0
4021975,-109.69999999999999
4022026,187.0
4022027,117.0
4022044,166.60000000000002
4022045,85.60000000000002
4022049,117.39999999999998
4022050,115.60000000000002
4022055,250.0
4022171,167.64999999999998
4022172,153.14999999999998
4022173,157.14999999999998
4022174,164.14999999999998
4022212,168.10000000000002
4022213,168.10000000000002
4022214,166.7
4022252,86.0
4022266,135.14999999999998
4022267,144.14999999999998
4022346,-86.0
4022377,-147.0
4022378,104.14999999999998
4022408,165.7
4022411,284.20000000000005
4022412,294.29999999999995
4022414,55.60000000000002
4022415,-95.0
4022416,-94.5
4022417,-39.5
4022442,-46.0
4022443,-145.0
4022444,-24.0
4022445,-60.0
4022446,7.5
4022447,-46.0
4022448,-145.0
4022449,-24.0
4022450,-60.0
4022451,7.5
4022452,-104.5
4022477,-162.0
4022484,200.14999999999998
4022487,263.0
4022503,118.60000000000002
4022504,138.60000000000002
4022505,131.60000000000002
4022506,102.60000000000002
4022508,-83.0
4022509,-89.0
4022553,-209.0
4022554,-191.0
4022555,-210.0
4022565,149.10000000000002
4022566,168.10000000000002
4022580,-171.0
4022609,-131.0
4022610,-132.0
4022611,-151.0
4022630,215.60000000000002
4022631,79.60000000000002
4022675,132.0
4022676,112.0
4022701,240.0
4022722,-57.5
4022729,68.0
4022737,76.0
4022748,-141.0
4022749,-144.0
4022750,-77.0
4022755,-35.0
4022756,-65.0
4022757,-73.0
4022779,257.1
4022780,244.14999999999998
4022781,142.14999999999998
4022782,162.14999999999998
4022783,156.14999999999998
4022784,132.14999999999998
4022785,166.14999999999998
4022786,156.14999999999998
4022787,158.14999999999998
4022788,122.14999999999998
4022789,172.14999999999998
4022790,135.14999999999998
4022791,142.14999999999998
4022805,95.0
4022806,127.0
4022807,115.0
4022836,85.80000000000001
4022951,-128.0
4022955,156.10000000000002
4023124,208.0
4023125,199.0
4023126,101.5
4023127,100.0
4023194,140.0
4023195,165.0
4023196,-99.0
4023217,128.14999999999998
4023218,70.14999999999998
4023249,109.0
4023318,-151.5
4023329,177.10000000000002
4023330,171.3
4023331,166.2
4023332,130.60000000000002
4023333,158.39999999999998
4023344,-146.0
4023345,-120.0
4023408,124.5
4023441,150.0
4023594,161.0
4023711,127.0
4023755,124.0
4023756,159.0
4023820,-165.8
4023898,-155.5
4023952,194.0
4023953,196.0
4023954,249.0
4024004,112.5
4024005,74.0
4024006,115.5
4024010,107.14999999999998
4024011,172.14999999999998
4024012,166.14999999999998
4024013,161.14999999999998
4024014,166.14999999999998
4024015,156.14999999999998
4024016,198.14999999999998
4024017,183.14999999999998
4024018,194.14999999999998
4024019,172.14999999999998
4024020,103.14999999999998
4024021,152.14999999999998
4024051,-118.5
4024052,-115.5
4024087,109.0
4024089,-217.0
4024090,-158.0
4024327,151.0
4024352,208.0
4024410,94.0
4024516,-118.5
4024549,124.0
4024566,117.0
4024659,-71.80000000000001
4024662,231.39999999999998
4024665,400.15
4024673,-143.0
4024756,350.0
4024775,15.5
4024795,146.10000000000002
4024847,-59.5
4025021,-153.0
4025022,-145.0
4025059,-19.0
4025133,139.0
4025162,-87.0
4025166,364.0
4025167,282.0
4025168,285.0
4025191,162.5
4025192,159.0
4025301,-150.0
4025302,-95.5
4025368,274.1
4025369,188.60000000000002
4025443,111.0
4025444,117.0
4025445,127.0
4025446,95.0
4025525,70.0
4025556,-192.2
4025557,-177.8
4025558,-225.3
4025566,158.14999999999998
4025567,-89.0
4025568,-52.0
4025569,-120.0
4025570,-69.0
4025571,-78.0
4025572,-65.0
4025574,179.0
4025575,205.0
4025587,92.14999999999998
4025588,94.14999999999998
4025589,152.14999999999998
4025590,148.14999999999998
4025591,142.14999999999998
4025596,238.5
4025597,93.60000000000002
4025616,70.60000000000002
4025617,149.60000000000002
4025619,105.10000000000002
4025751,-152.0
4025773,109.0
4025792,-56.0
4025865,162.10000000000002
4025866,167.10000000000002
4025879,2.0
4025952,187.0
4025992,-157.0
4025993,-133.0
4026044,79.0
4026046,90.0
4026047,85.0
4026048,80.0
4026049,63.0
4026050,91.0
4026051,101.0
4026263,-46.0
4026398,-115.0
4026456,126.0
4026457,156.0
4026484,-123.0
4026485,118.0
4026533,112.0
4026543,167.10000000000002
4026574,70.0
4026647,203.5
4026648,216.8
4026649,222.7
4026650,203.39999999999998
4026708,214.2
4026710,153.8
4026750,199.10000000000002
4026751,87.60000000000002
4026754,79.0
4026760,-70.30000000000001
4026761,136.0
4026762,103.0
4026763,97.0
4026771,188.0
4026772,199.5
4026773,220.0
4026864,138.0
4026865,93.0
4026866,252.0
4026907,280.0
4026924,235.0
4027002,186.0
4027043,146.0
4027044,169.0
4027144,143.3
4027145,193.2
4027211,166.0
4027212,182.0
4027218,114.0
4027219,128.0
4027220,125.0
4027272,300.0
4027273,300.0
4027301,197.0
4027410,202.0
4027514,169.60000000000002
4027515,134.0
4027516,176.0
4027676,125.0
4027751,148.0
4027759,60.0
4027760,94.0
4027850,-123.0
4027859,198.0
4027860,217.0
4027861,191.0
4027862,219.0
4028065,195.0
4028126,119.0
4028219,219.0
4028220,226.0
4028221,226.0
4028255,159.0
4028295,113.0
4028296,216.0
4028297,160.0
4028408,146.0
4028483,169.0
4028627,75.0
4028736,131.0
4028737,125.0
4028861,175.0
4028862,177.0
4028863,223.0
4028864,112.0
4028865,146.0
4028866,145.0
4028867,156.0
4028868,189.0
4028869,161.0
4028870,213.0
4028895,144.0
4028904,105.5
4028906,43.0
4028907,189.0
4028908,76.0
4028916,207.0
4028920,263.1
4028921,127.60000000000002
4028922,149.60000000000002
4028955,-38.5
4029013,155.0
4029060,129.0
4029066,-167.0
4029067,-151.0
4029068,-141.0
4029069,-81.0
4029070,-98.0
4029071,-128.0
4029072,-115.0
4029073,-157.0
4029204,-108.5
4029313,-133.5
4029384,-95.0
4029385,-172.0
4029386,-94.0
4029387,-148.0
4029388,-33.5
4029389,-140.0
4029390,-95.0
4029391,-79.5
4029392,-31.0
4029393,-138.0
4029394,-121.5
4029395,-30.5
4029396,-136.5
4029397,-96.5
4029398,-153.0
4029399,-63.5
4029400,-149.0
4029401,-94.0
4029402,-108.5
4029403,-132.0
4029404,-133.0
4029405,-97.0
4029406,-165.0
4029407,-51.0
4029408,-141.0
4029409,-169.0
4029410,-70.0
4029411,-78.0
4029412,-154.0
4029413,-33.5
4029414,-102.0
4029415,-137.0
4029416,-91.0
4029417,-40.0
4029555,-37.0
4029561,-201.0
4029562,-179.0
4029695,-215.8
4029746,-88.0
4029764,194.0
4029857,143.8
4029969,147.0
4030096,91.60000000000002
4030097,-202.0
4030299,212.0
4030322,223.0
4030325,176.60000000000002
4030336,255.0
4030550,-184.0
4030551,-140.5
4030552,-192.5
4030553,-151.5
4030560,360.0
4030561,360.0
4030562,220.0
4030580,151.2
4030818,212.5
4030959,-32.0
4030960,-84.0
4031020,198.0
4031022,240.0
4031023,196.0
4031025,-105.0
4031026,-180.0
4031100,205.0
4031148,148.0
4031149,148.0
4031150,148.0
4031151,148.0
4031155,115.0
4031344,108.0
4031533,100.80000000000001
4031534,136.8
4031747,187.0
4031913,209.0
4031922,159.0
4031931,242.0
4031932,185.0
4032038,165.0
4032039,202.0
4032040,232.0
4032070,128.0
4032071,208.0
4032073,232.60000000000002
4032139,130.0
4032140,120.0
4032156,-68.0
4032157,228.0
4032201,100.5
4032232,27.0
4032233,-43.0
4032432,196.0
4032433,131.0
4032481,328.0
4032566,-8.0
4032567,-21.0
4032568,-84.0
4032569,-22.0
4032570,34.0
4032571,-140.0
4032572,-90.0
4032573,-62.0
4032600,170.39999999999998
4032602,140.0
4032667,27.0
4032682,-118.0
4033048,-132.0
4033049,-155.0
4033262,-121.0
4033305,-190.6
4033306,-190.5
4033593,-91.0
4033616,161.0
4033617,160.0
4033618,142.0
4033799,-153.0
4034060,68.0
4034061,-56.0
4034075,209.0
4034076,147.0
4034103,168.0
4034104,133.0
4034105,171.0
4034200,103.0
4034284,349.0
4034542,145.0
4034636,-70.0
4034637,-77.0
4034682,-140.5
4034731,-97.0
4034732,-128.0
4034733,-99.0
4034734,-114.0
4034735,-127.0
4034736,-121.0
4034806,61.0
4034807,80.0
4034834,-20.0
4034968,106.60000000000002
4034969,131.89999999999998
4034977,79.19999999999999
4034980,250.14999999999998
4034987,180.14999999999998
4034989,229.14999999999998
4034990,213.14999999999998
4034991,244.14999999999998
4035164,194.0
4035209,250.0
4035212,350.0
4035240,139.0
4035292,126.0
4035320,51.0
4035502,-69.5
4035504,138.0
4035505,122.0
4035506,91.0
4035636,70.10000000000002
4035869,195.14999999999998
4036151,215.0
4036162,147.10000000000002
4036211,102.10000000000002
4036212,72.14999999999998
4036280,187.60000000000002
4036281,136.60000000000002
4036304,128.0
4036305,103.0
4036307,75.0
4036308,113.0
4036309,101.0
4036310,96.0
4036475,147.0
4036476,39.0
4036492,113.60000000000002
4036494,-138.0
4036513,130.10000000000002
4036646,89.0
4036647,88.0
4036678,196.60000000000002
4036826,157.5
4036827,174.0
4036828,202.5
4036829,217.5
4036830,231.5
4036831,204.5
4036832,108.0
4036833,228.5
4036834,203.5
4036835,194.0
4036836,117.0
4036837,153.0
4036838,148.5
4036839,224.0
4036840,198.0
4036841,239.0
4036842,215.0
4036843,185.0
4036844,177.0
4036845,106.0
4036846,218.5
4036847,221.5
4036848,243.0
4036849,194.0
4036850,191.0
4036851,172.5
4036977,-197.5
4037004,125.10000000000002
4037005,143.10000000000002
4037006,192.60000000000002
4037007,157.10000000000002
4037045,71.10000000000002
4037046,79.10000000000002
4037047,119.10000000000002
4037048,103.10000000000002
4037050,82.0
4037054,-84.0
4037105,-201.0
4037188,121.0
4037189,112.0
4037190,83.0
4037191,109.0
4037192,86.0
4037206,186.5
4037229,69.0
4037237,-90.0
4037271,208.14999999999998
4037355,202.0
4037356,222.5
4037357,181.0
4037358,180.0
4037359,188.0
4037360,247.0
4037361,177.0
4037362,201.0
4037363,177.0
4037364,242.0
4037365,261.5
4037366,244.0
4037367,107.0
4037368,204.0
4037369,216.0
4037370,140.0
4037371,202.0
4037372,193.5
4037373,213.0
4037374,177.0
4037375,121.0
4037376,168.0
4037394,264.0
4037395,232.0
4037438,97.0
4037439,132.0
4037606,-86.0
4037616,60.0
4037633,-141.0
4038038,76.19999999999999
4038343,121.0
4038344,63.0
4038870,213.0
4038872,180.0
4038873,180.0
4038931,320.0
4038932,295.0
4038933,289.0
4038934,120.69999999999999
4038935,328.0
4060030,140.0
4060577,262.4
4060578,211.39999999999998
4060805,221.0
4060806,236.0
4060807,224.0
4060808,237.0
4060922,-148.5
4060923,-32.0
4060924,-32.0
4060925,-175.5
4060926,-55.5
4061189,11.0
4061210,107.0
4061211,275.0
4061385,-87.9
4061386,-31.80000000000001
4061451,-33.0
4061507,-179.5
4061513,250.5
4061514,240.0
4061940,122.89999999999998
4061942,132.60000000000002
4062131,124.0
4062132,133.0
4062294,50.0
4062315,-176.0
4062565,162.60000000000002
4062685,178.14999999999998
4062706,119.10000000000002
4062707,93.60000000000002
4062708,89.60000000000002
4062817,-185.5
4063077,155.0
4063160,143.60000000000002
4063161,248.10000000000002
4063162,130.10000000000002
4063195,-174.0
4063196,-174.0
4063197,-160.5
4063198,-146.5
4063398,195.0
4064570,212.0
4064571,132.0
4064572,152.0
4064671,182.0
4064679,145.0
4064886,200.0
4064887,279.1
4064888,221.10000000000002
4064950,111.0
4064986,218.2
4065922,181.0
4065923,157.0
4066347,-85.0
4066704,-117.0
4067482,98.0
4067483,98.0
4067484,104.0
4067485,110.0
4067486,98.0
4067660,184.0
4067661,150.0
4067662,203.0
4067663,215.0
4067664,220.0
4067665,184.0
4067666,180.0
4067667,220.0
4068539,-213.5
4068549,206.5
4068551,211.0
4068554,248.5
4068706,239.0
4068707,204.0
4068764,140.0
4068765,120.0
4069021,-93.0
4069023,-147.0
4069024,-156.0
4069250,43.60000000000002
4069713,140.14999999999998
4070263,128.0
4070264,196.0
4070265,-184.0
4070266,-98.0
4070267,-83.5
4070268,-59.5
4070269,-149.5
4070270,-159.0
4070271,-99.5
4070272,-175.5
4070273,-117.0
4070274,-206.5
4070275,-179.5
4070540,227.0
4070541,179.0
4070751,-97.0
4070752,-76.0
4070753,-76.0
4070754,-83.0
4070755,-63.0
4071061,156.0
4071062,102.0
4071063,214.0
4071064,131.0
4071341,255.0
4071628,162.0
4071629,148.0
4071630,-27.0
4071879,178.0
4072488,184.0
4072489,151.0
4072605,85.0
4072617,73.0
4072618,201.0
4072619,131.0
4072620,110.0
4072621,136.0
4072622,250.0
4072623,209.0
4072667,279.15
4072668,288.15
4072669,285.15
4072714,193.0
4072715,134.0
4072716,93.0
4072717,181.0
4072762,-64.0
4072778,187.60000000000002
4072779,206.60000000000002
4072898,109.10000000000002
4072899,97.10000000000002
4072978,-106.5
4072979,-76.5
4072980,-121.0
4072981,162.60000000000002
4073057,179.0
4073058,150.0
4073088,-39.0
4073133,71.0
4073134,122.0
4073491,66.0
4073527,-100.0
4073592,195.0
4073593,-83.0
4073594,219.0
4073685,190.0
4073775,-129.0
4073776,-118.0
4074063,186.0
4074065,190.0
4074085,-155.0
4074291,123.0
4074336,264.0
4074448,229.0
4074450,227.0
4074879,-148.5
4074880,-32.0
4074881,-32.0
4074882,-175.5
4074883,-55.5
4074957,-46.0
4075116,131.0
4075117,86.0
4075118,114.0
4075119,160.0
4075220,-201.5
4075645,-83.0
4075647,2.0
4075681,101.0
4075682,108.0
4075758,20.0
4075801,-182.0
4075811,134.0
4075812,89.0
4075813,53.0
4075814,10.0
4075834,-74.80000000000001
4075904,165.0
4075942,-176.0
4075943,-145.5
4076811,93.14999999999998
4076924,211.0
4076925,183.0
4076926,223.0
4077031,18.0
4077032,24.5
4077033,-21.0
4077034,198.5
4077035,189.0
4077141,270.0
4077355,157.0
4077513,-164.5
4077657,123.0
4077658,123.0
4077819,27.149999999999977
4077820,40.14999999999998
4077821,46.14999999999998
4078104,104.0
4078105,94.0
4078106,98.0
4078335,78.14999999999998
4078371,132.14999999999998
4078372,155.14999999999998
4079207,140.0
4079208,163.0
4079209,170.0
4079210,135.0
4079211,93.0
4079426,-31.0
4079427,297.0
4080815,123.0
4080816,136.0
4080817,110.0
4080818,146.0
4080819,129.0
4080820,131.0
4080901,98.5
4081208,155.5
4081247,48.0
4081248,23.0
4081250,74.0
4081251,133.0
4081252,110.0
4081253,225.0
4081254,120.0
4081480,123.0
4081481,132.0
4081482,212.0
4081483,127.0
4081634,-81.85
4082266,-28.0
4082267,-108.0
4082268,-94.0
4082907,-148.0
4083397,-90.5
4083399,-113.0
4083400,-105.5
4083488,188.60000000000002
4083489,148.60000000000002
4083491,160.10000000000002
4083492,171.60000000000002
4083901,170.0
4083902,130.0
4085944,-140.0
4085945,-159.5
4085946,-49.0
4085947,32.0
4086637,165.5
4086638,105.5
4086639,179.5
4086640,179.5
4086641,105.5
4086642,160.0
4086705,150.39999999999998
4086706,219.10000000000002
4086707,208.39999999999998
4086708,198.89999999999998
4086709,163.89999999999998
4087414,142.0
4087415,160.0
4087458,51.0
4087968,-105.0
4087969,-166.5
4087970,-129.5
4087971,-5.0
4088061,191.0
4088062,168.0
4088063,180.0
4088064,199.0
4088289,87.0
4088290,130.0
4088291,164.0
4088292,295.0
4088293,278.0
4088294,266.0
4088863,164.0
4088864,169.0
4089105,257.0
4089106,325.0
4089285,-53.0
4089286,-53.0
4100026,95.0
4100368,-167.0
4100374,338.1
4100422,269.1
4100555,-187.5
4100556,-117.5
4100579,-44.5
4100580,-39.5
4100598,203.0
4100667,120.0
4100668,100.0
4100669,116.0
4100876,-23.0
4100877,-23.0
4100879,268.0
4101088,308.6
4101089,294.6
4101090,185.0
4101091,158.05
4101490,-108.0
4101491,-112.5
4101554,73.0
4101555,73.0
4101556,73.0
4101581,-89.0
4101721,-162.0
4101735,-102.0
4101737,-178.0
4101771,-23.0
4102506,296.0
4102507,232.0
4102508,272.0
4102511,186.0
4102666,92.0
4102667,79.0
4102668,79.0
4102861,175.0
4102862,175.0
4102863,177.0
4103037,-92.0
4103038,-15.0
4103624,143.0
4103625,146.0
4103626,146.0
4103921,280.0
4103943,590.0
4103997,-179.0
4103998,-64.0
4103999,-64.0
4104007,177.14999999999998
4104009,125.14999999999998
4104021,44.0
4104577,147.0
4104578,-179.0
4104863,80.0
4105034,252.0
4105041,-78.85
4105212,165.0
4105329,488.0
4105360,74.0
4105361,88.0
4105544,119.0
4105545,155.0
4105546,129.0
4105547,130.0
4106126,125.89999999999998
4106127,138.10000000000002
4106128,111.89999999999998
4106129,145.5
4106798,89.30000000000001
4106822,132.0
4106972,316.0
4106973,117.0
4107149,80.0
4107150,32.0
4107167,180.0
4107194,150.0
4107595,-139.0
4107616,155.0
4107620,91.0
4107621,155.0
4107622,186.0
4107623,168.0
4107624,100.0
4107630,228.0
4107833,270.0
4107838,125.0
4107839,125.0
4107840,125.0
4107841,125.0
4107842,125.0
4107843,127.0
4107844,127.0
4107845,127.0
4107846,127.0
4107940,-49.0
4107941,-98.0
4108134,152.0
4108135,149.0
4108136,149.0
4108137,258.0
4108147,160.0
4108149,157.0
4108150,169.0
4108338,121.0
4108454,62.0
4108912,181.0
4108914,176.0
4109140,301.0
4109142,290.0
4109143,316.0
4109145,308.0
4109165,195.0
4109166,221.0
4109168,258.0
4109297,93.0
4109316,128.0
4109317,102.0
4109448,281.29999999999995
4109449,294.29999999999995
4109525,103.0
4109575,195.0
4109576,219.0
4109783,88.0
4109784,128.0
4109785,157.0
4109822,300.0
4109833,300.0
4109834,300.0
4109856,287.0
4109857,223.0
4109971,110.0
4109972,88.0
4110043,-45.0
4110044,-45.0
4110045,-45.0
4110046,-45.0
4110047,-45.0
4110048,-45.0
4110049,-45.0
4110095,120.0
4110188,286.0
4110253,364.0
4110254,387.0
4110255,387.0
4110369,107.0
4110421,221.0
4110422,108.0
4110425,189.0
4110435,208.0
4110520,236.89999999999998
4110521,180.60000000000002
4110601,177.0
4110605,213.0
4110612,115.0
4110613,74.0
4110614,51.0
4110615,102.0
4110616,82.0
4110617,185.0
4110618,122.0
4110626,160.0
4110897,183.0
4110929,212.0
4110963,53.0
4110989,214.0
4111109,275.0
4111145,44.0
4111146,56.0
4111147,159.0
4111258,91.0
4111259,123.0
4111260,63.0
4111261,143.0
4111474,165.0
4111485,270.0
4111486,306.0
4111487,306.0
4111488,300.0
4111489,300.0
4111516,264.0
4111567,174.0
4111636,267.0
4111637,298.0
4111638,261.0
4111776,-105.5
4111793,162.0
4111823,162.0
4111831,111.0
4111832,151.0
4111833,136.0
4111834,158.0
4111835,89.39999999999998
4111836,129.5
4111837,160.3
4111838,137.7
4111839,161.0
4111840,175.39999999999998
4111841,178.0
4111842,204.0
4111876,240.0
4111894,201.0
4111895,244.0
4111923,156.0
4111924,92.0
4111925,94.0
4111926,113.0
4111928,174.0
4111929,155.0
4111930,121.0
4111931,156.0
4111932,153.0
4111994,73.0
4111995,75.0
4112019,-22.0
4112194,179.0
4112309,162.0
4112339,125.0
4112340,125.0
4112341,125.0
4112342,125.0
4112343,125.0
4112344,68.0
4112345,68.0
4112346,68.0
4112347,68.0
4112348,68.0
4112349,68.0
4112350,68.0
4112368,69.0
4112496,154.0
4112581,38.0
4112830,103.0
4112831,198.0
4112833,109.0
4112847,111.0
4113067,132.0
4113068,164.0
4113069,134.0
4113315,263.0
4113342,105.0
4113343,135.0
4113467,215.0
4113468,185.0
4113514,280.0
4113515,71.0
4113516,218.0
4113517,230.0
4113570,91.0
4113571,123.0
4113603,49.0
4113604,79.0
4113605,207.0
4113606,93.0
4113607,89.0
4113608,182.0
4113691,172.0
4113721,360.0
4113735,160.0
4113827,99.0
4113878,224.0
4113879,181.0
4113880,85.0
4113881,106.0
4114063,142.0
4114064,132.0
4114126,104.0
4114138,310.0
4114306,356.0
4114307,274.0
4114308,247.0
4114326,189.0
4114376,117.0
4114378,164.0
4114385,182.0
4114386,148.0
4114387,148.0
4114388,223.0
4114389,142.0
4114390,186.0
4114391,107.0
4114392,148.0
4114393,212.0
4114394,207.0
4114395,114.0
4114396,117.0
4114397,274.0
4114398,156.0
4114431,191.5
4114464,197.0
4114465,197.0
4114516,31.0
4114517,177.0
4114518,294.0
4114519,296.0
4114520,244.0
4114550,151.0
4114551,186.0
4114552,185.0
4114646,168.0
4114647,181.0
4114817,132.0
4114967,102.0
4114968,203.0
4114969,197.0
4115007,127.0
4115018,146.0
4115101,78.0
4115102,102.0
4115103,90.0
4115104,101.0
4115137,93.0
4115138,113.0
4115162,28.0
4115163,28.0
4115164,140.0
4115190,198.0
4115215,225.0
4115225,161.0
4115234,306.0
4115381,145.0
4115382,165.0
4115383,145.0
4115394,9.0
4115422,195.0
4115460,159.0
4115480,248.0
4115550,180.0
4115565,141.0
4115753,125.0
4115754,125.0
4115755,125.0
4115756,125.0
4115757,160.0
4115758,160.0
4115759,160.0
4115838,323.0
4115979,196.0
4115980,196.0
4115981,203.0
4115982,233.0
4115983,179.0
4115987,383.0
4115989,273.0
4116003,142.0
4116011,195.0
4116012,139.0
4116014,160.0
4116020,151.0
4116054,138.0
4116055,146.0
4116105,231.0
4116125,216.0
4116126,230.0
4116127,199.0
4116131,49.0
4116132,112.0
4116133,150.0
4116135,272.0
4116139,189.5
4116140,135.60000000000002
4116141,188.0
4116142,99.0
4116143,153.0
4116144,106.0
4116145,144.0
4116146,106.5
4116147,134.5
4116148,189.5
4116149,135.60000000000002
4116150,188.0
4116151,99.0
4116152,153.0
4116153,106.0
4116154,106.0
4116155,144.0
4116156,106.5
4116338,233.0
4116339,165.0
4116340,177.0
4116394,118.0
4116395,120.0
4116520,131.0
4116521,131.0
4116522,131.0
4116523,131.0
4116524,131.0
4116525,131.0
4116526,131.0
4116527,131.0
4116536,200.0
4116610,274.0
4116677,277.0
4116703,316.0
4116720,198.0
4116721,164.0
4116741,226.0
4116766,190.0
4116791,-57.0
4116819,-42.0
4116820,-34.0
4116821,-13.0
4116822,-5.5
4116823,4.0
4116824,-42.0
4116825,-48.0
4116838,152.0
4116968,-24.0
4116978,126.0
4117003,243.0
4117061,210.0
4117094,-31.0
4117100,-77.0
4117115,262.0
4117153,16.0
4117175,-88.0
4117176,-82.0
4117191,-62.0
4117211,101.0
4117212,154.0
4117213,135.0
4117214,139.0
4117216,93.0
4117553,171.0
4117857,208.0
4118078,120.85000000000002
4118080,124.35000000000002
4118081,124.08999999999997
4118082,125.10000000000002
4118083,129.8
4118449,202.0
4118540,768.0
4118541,768.0
4118542,720.0
4118956,194.0
4118957,139.0
4119080,-76.0
4119309,190.0
4119310,271.0
4119859,166.0
4119860,195.0
4120189,112.0
4120201,202.2
4120236,288.0
4120464,86.0
4120495,-30.5
4120907,150.0
4120908,150.0
4120909,150.0
4121616,-86.0
4121617,-33.0
4121884,-155.5
4122092,153.0
4122093,95.0
4122211,166.10000000000002
4122431,57.60000000000002
4122593,229.10000000000002
4123156,-145.0
4123224,-157.5
4123225,-174.0
4123226,-145.0
4123274,657.0
4123275,657.0
4123276,657.0
4126072,37.0
4126669,164.5
4126670,161.3
4128217,246.0
4128218,227.0
4129283,139.5
4130458,210.2
4130459,197.39999999999998
4130460,176.2
4130462,270.6
4133124,327.0
4133125,227.0
4133126,327.0
4133128,227.0
4133910,567.0
4133911,567.0
4134114,-131.0
4134116,-129.0
4300064,43.0
4300065,42.0
4300150,64.0
4300226,93.0
4300227,137.0
4300228,127.0
4300229,70.0
4300230,93.0
4300231,93.0
4300528,335.15
4300529,320.15
4300530,320.15
4300531,325.15
4301451,-124.19999999999999
4301453,-78.19999999999999
4301454,-138.0
4301455,-165.0
4301456,-149.0
4301457,-104.0
4301563,-81.0
4301564,-132.0
4301565,-107.0
4301613,-62.0
4301614,-103.5
4301646,159.14999999999998
4301647,142.14999999999998
4302546,17.0
4302547,7.0
4302548,2.0
4302549,-1.0
4302550,12.0
4302551,12.0
4302552,19.0
4302868,-102.0
4302890,106.0
4302891,106.0
4302892,176.0
4302893,176.0
4303542,124.0
4303544,135.0
4303545,68.0
4304118,100.0
4304119,110.0
4304120,19.0
4304548,131.0
4304549,50.0
4304586,-129.5
4304876,183.5
4304877,183.5
4305474,240.0
4305475,66.0
4306006,-124.0
4306007,-172.0
4306008,-184.5
4306009,-121.0
4306010,-132.0
4306011,-113.0
4306314,-13.0
4306316,-13.0
4306351,-63.0
4306352,-118.0
4306353,-90.0
4306354,-173.0
4306355,-171.0
4306356,-168.0
4306357,-163.0
4306723,201.0
4307000,171.0
4307490,170.0
4307491,120.0
4307492,212.0
4307493,234.0
4308055,-133.0
4308056,-163.0
4308321,31.0
4308322,45.0
4308816,252.0
4308817,252.0
4308818,265.0
4308819,265.0
4308820,265.0
4308821,181.0
4308822,195.0
4308823,153.0
4308824,163.0
4308848,155.0
4308849,188.0
4308850,282.0
4308851,262.0
4308852,190.0
4308853,215.0
4309349,126.0
4309350,-153.0
4309352,232.5
4309353,206.0
4309354,183.5
4309355,216.0
4309356,145.5
4309484,672.0
4309576,-104.19999999999999
4309578,-107.833
4309580,-168.0
4309583,-163.5
4309953,8.0
4310025,300.0
4310452,-73.0
4310453,-90.0
4310467,177.0
4310468,292.0
4310495,140.0
4310496,122.0
4310497,188.0
4310498,188.0
4310671,290.0
4310917,61.0
4310918,100.0
4310919,38.0
4310920,78.0
4311223,210.0
4311499,-205.0
4311568,-57.0
4311569,-11.0
4311570,-15.0
4311571,-30.0
4311572,-33.0
4311573,-41.0
4311575,-9.0
4311576,-44.0
4311577,-44.0
4311578,-30.0
4311579,-109.0
4311580,-29.0
4311597,122.60000000000002
4311770,211.0
4311795,146.0
4311862,4.600000000000023
4311863,-24.0
4311964,-99.0
4311965,-100.5
4311966,-71.0
4312215,350.15
4312216,291.6
4312277,121.0
4312278,136.5
4312279,228.0
4312280,242.5
4312373,-126.0
4312454,127.0
4312530,-116.0
4312755,320.0
4313757,226.0
4313758,54.0
4313989,79.10000000000002
4313990,79.10000000000002
4313991,79.10000000000002
4314385,232.0
4314386,211.0
4314387,212.0
4314388,215.0
4314389,220.0
4315306,392.0
4316135,74.60000000000002
4316139,14.0
4316140,-33.0
4316141,-12.0
4316524,59.0
4316525,1.0
4316711,66.0
4316712,63.0
4316715,198.0
4316983,128.0
4316984,128.0
4316986,-103.0
4316987,-103.0
4317526,-16.0
4317668,-105.0
4317669,-105.0
4317930,-28.0
4317931,-33.0
4317932,23.0
4317933,20.0
4317956,152.0
4317957,142.0
4318285,183.0
4318286,130.0
4318287,169.0
4318288,158.0
4318289,150.0
4318290,163.0
4318291,185.0
4318438,57.60000000000002
4318454,73.0
4318540,-101.0
4318818,302.0
4319224,152.14999999999998
4319225,152.14999999999998
4319226,75.14999999999998
4319227,134.14999999999998
4319239,-21.849999999999994
4319357,241.10000000000002
4319358,238.0
4319493,178.0
4319495,339.0
4319496,310.0
4319497,345.0
4319498,308.0
4319499,156.0
4319616,-78.0
4319617,-52.0
4319618,-56.0
4319619,-35.0
4319620,-145.0
4319621,-66.0
4319622,-23.0
4319647,92.60000000000002
4319706,-26.0
4319766,-48.0
4320009,-24.0
4320010,-53.0
4320011,-89.0
4320012,-88.0
4320013,-153.0
4320021,249.0
4320025,248.0
4320093,-39.849999999999994
4320281,134.35000000000002
4320435,210.0
4320476,-183.0
4320477,-105.0
4320478,-149.0
4320479,-33.0
4320480,-103.0
4320543,-124.0
4320581,-73.0
4320582,-101.0
4320655,-92.0
4320658,38.0
4321084,-108.0
4321181,-124.0
4321182,-203.0
4321183,-99.0
4321605,-160.0
4321821,310.0
4321851,-82.0
4321852,-52.0
4321997,190.0
4322095,38.0
4322096,159.0
4322097,199.0
4322181,-208.0
4322206,210.0
4322207,260.0
4322208,236.0
4322209,290.0
4322656,79.0
4322657,89.0
4322784,-111.0
4322801,-97.0
4322810,-139.0
4322852,197.0
4322913,233.0
4323022,220.0
4323091,49.0
4323111,194.0
4323112,-1.0
4323344,-152.0
4323358,123.0
4323359,119.0
4323387,192.0
4323400,-114.0
4323401,-116.0
4323425,-41.0
4323435,257.0
4323438,-59.0
4323449,-125.0
4323450,-133.0
4323452,-33.0
4323453,-118.0
4323491,121.14999999999998
4323595,-113.0
4323694,-10.0
4323695,-75.0
4323696,-12.0
4323697,-122.0
4323698,-98.0
4323721,150.0
4323748,164.0
4323841,49.0
4323855,225.0
4323856,260.0
4324053,204.0
4324783,125.0
4324784,123.0
4324785,146.0
4324786,165.0
4324787,73.0
4324788,102.0
4324789,300.0
4324790,206.0
4324803,-193.0
4325140,20.0
4325141,19.0
4325142,16.0
4325218,105.0
4325222,117.0
4325224,108.0
4325226,108.0
4325227,124.0
4325230,127.0
4325244,42.0
4325245,41.0
4325246,80.0
4325830,156.0
4326186,199.0
4326187,185.0
4326188,205.0
4326213,-39.0
4327471,184.0
4327472,250.0
4327473,104.0
4327474,107.0
4327475,209.0
4327591,198.0
4327592,185.0
4327593,284.0
4327595,202.0
4327627,164.0
4327628,234.0
4327682,157.0
4328601,178.0
4328602,277.0
4328604,195.0
4329016,76.0
4329336,57.0
4329337,124.0
4329636,174.0
4329637,176.0
4329802,518.0
4329803,555.0
4331493,121.0
4331495,97.0
4331558,191.0
4331752,133.0
4331753,194.0
4331754,110.0
4331755,118.0
4331756,162.0
4332130,-99.0
4332132,-67.0
4332259,700.15
4332275,-115.5
4332276,-113.5
4332277,-139.0
4332278,-142.5
4332279,-103.5
4332280,-139.0
4332281,-142.5
4332290,-98.5
4332291,-104.5
4332293,-87.5
4332294,-77.5
4332310,-75.0
4333077,220.0
4333404,105.5
4333405,150.0
4333813,194.0
4333814,260.0
4333815,194.0
4333816,252.0
4333817,243.0
4334282,125.0
4334283,167.0
4334284,152.0
4334285,145.0
4334286,155.0
4335243,357.0
4335244,357.0
4335946,77.0
4335947,177.0
4337397,231.0
4337399,236.0
4337867,143.5
4337868,112.5
4337869,223.0
4337945,443.0
4338160,286.0
4339195,-61.0
4339259,-78.0
4339572,167.0
4340277,90.14999999999998
4340278,-166.0
4341163,166.0
4341429,167.0
4343096,323.0
4343443,194.60000000000002
4343444,310.6
4344909,92.0
4344910,183.0
4344911,185.0
4345662,-187.5
4345663,-191.0
4345665,-194.0
4345666,245.0
4346447,321.0
4348193,78.0
4348195,83.0
4348197,70.0
4348680,139.0
4348949,146.0
4348950,170.0
4348951,193.0
4349751,87.0
4349752,360.0
4350106,118.0
4350107,184.0
4350113,-180.5
4350254,-123.0
4350430,76.0
4350675,198.0
4350676,178.0
4350677,246.0
4350678,232.0
4350679,287.0
4350680,314.0
4500158,231.0
4500178,181.7
4500179,192.8
4500215,318.20000000000005
4500216,318.20000000000005
4500218,170.2
4500219,170.2
4500467,159.3
4500468,138.5
4500717,122.10000000000002
4500718,-179.6
4500815,220.67000000000002
4500816,200.75
4500817,191.5
4500818,169.64999999999998
4500819,199.0
4500820,190.17000000000002
4500821,185.42000000000002
4500822,163.66000000000003
4500823,180.036
4500824,175.07999999999998
4500825,199.17000000000002
4500898,168.0
4500899,142.0
4500901,136.0
4500902,117.0
4500903,246.0
4501158,-102.0
4501700,201.0
4501701,201.0
4501702,6.0
4501703,6.0
4501704,6.0
4502052,116.60000000000002
4502105,-200.5
4502106,-163.5
4502107,-122.0
4502108,-182.5
4502109,-159.0
4502110,-145.0
4502111,-168.0
4502155,96.0
4502156,70.39999999999998
4502157,108.5
4502158,101.0
4502159,100.39999999999998
4502160,151.60000000000002
4502161,108.95999999999998
4502162,83.69999999999999
4502163,107.39999999999998
4502164,118.92000000000002
4502165,116.39999999999998
4502166,73.91000000000003
4502167,45.39999999999998
4502168,117.80000000000001
4502169,175.39999999999998
4502170,151.89999999999998
4502171,139.5
4502386,165.0
4502445,-133.5
4502446,-129.0
4502447,-133.0
4502448,-120.0
4503063,-99.0
4503067,-97.63
4503068,-112.0
4503126,-103.0
4503127,-103.0
4503129,-196.0
4503137,-65.0
4503138,-54.0
4503588,201.5
4503589,229.0
4503590,205.0
4503591,195.5
4503753,-203.0
4503914,51.0
4503915,51.0
4503990,137.0
4504013,-73.0
4504014,-76.0
4504015,-111.0
4504031,178.0
4504032,137.0
4504033,141.0
4504034,105.0
4504035,86.0
4504036,144.0
4504037,134.0
4504038,129.0
4504039,149.0
4504040,153.0
4504506,-104.0
4504507,-153.0
4504508,-123.0
4504509,-156.0
4504510,-179.0
4504567,203.10000000000002
4504651,185.0
4504652,162.0
4504653,160.0
4504675,-13.0
4504676,-11.0
4504677,7.0
4504800,226.0
4504801,226.0
4504802,226.0
4504803,226.0
4504804,134.0
4504805,179.0
4504806,279.0
4504807,170.0
4504808,254.0
4504845,-189.75
4504883,166.0
4504907,-120.5
4504908,199.5
4504909,294.0
4504910,140.5
4504911,174.5
4504912,250.0
4504913,390.0
4504914,151.5
4504915,221.5
4504916,147.0
4504955,-22.0
4504962,-27.0
4504975,76.89999999999998
4504976,76.10000000000002
4504977,175.60000000000002
4505046,-49.0
4505047,-42.0
4505048,-59.0
4505049,220.10000000000002
4505071,135.0
4505074,126.0
4505087,195.0
4505088,322.0
4505090,221.0
4505092,231.0
4505177,-74.0
4505178,-102.0
4505179,-140.5
4505180,-112.5
4505181,77.0
4505250,167.0
4505251,154.5
4505252,187.5
4505253,180.0
4505254,139.0
4505255,258.0
4505269,87.0
4505270,105.0
4505271,85.0
4505272,148.0
4505286,201.0
4505342,232.14999999999998
4505388,222.0
4505389,210.0
4505390,225.0
4505391,182.0
4505392,192.0
4505393,215.0
4505394,240.0
4505397,220.0
4505398,160.0
4505399,213.0
4505400,-71.0
4505401,-131.0
4505442,196.60000000000002
4505444,189.60000000000002
4505655,156.0
4505656,156.0
4505657,111.0
4505658,182.0
4505659,142.0
4505660,179.5
4505661,155.5
4505662,119.0
4505663,175.5
4505708,272.6
4505717,197.0
4505718,210.0
4505719,223.0
4505720,245.0
4505741,60.620000000000005
4505742,58.0
4505743,41.0
4505744,57.829999999999984
4505753,-145.0
4505802,232.0
4505803,199.0
4505804,202.0
4505821,220.0
4505822,206.0
4506141,332.0
4506146,127.69999999999999
4506189,199.0
4506190,210.0
4506192,141.0
4506193,56.0
4506233,139.0
4506234,176.39999999999998
4506235,128.0
4506236,175.39999999999998
4506237,209.2
4506555,169.0
4506609,123.0
4506733,207.0
4506734,186.0
4506735,187.0
4506736,170.0
4506737,143.0
4506738,139.0
4506739,130.0
4506740,199.0
4506741,51.0
4506920,-38.0
4506951,-119.0
4506956,-178.0
4507180,144.0
4507181,142.0
4507182,136.0
4507183,137.0
4507185,143.0
4507186,144.0
4507218,132.0
4507232,170.0
4507233,170.0
4507234,170.0
4507462,98.0
4507474,300.0
4507475,244.0
4507491,-139.0
4507492,-79.5
4507504,109.0
4507505,107.0
4507506,112.0
4507678,208.0
4507679,90.0
4507680,185.0
4507681,190.0
4507682,89.0
4507683,198.0
4507684,209.0
4507685,85.0
4507686,100.0
4507687,190.0
4507688,180.0
4507689,190.0
4507690,200.0
4507696,-223.0
4507697,-223.0
4507751,185.5
4507752,187.5
4507753,175.5
4507755,171.0
4507756,189.5
4507757,222.5
4507936,49.0
4507937,49.0
4507973,-190.5
4507974,-136.0
4507975,-149.5
4507976,-143.5
4507978,-216.5
4507979,-128.5
4508258,135.89999999999998
4508259,137.7
4508324,-152.0
4508325,-152.0
4508326,-152.0
4508464,157.0
4508465,135.0
4508466,192.0
4508467,163.0
4508468,143.0
4508469,185.0
4508470,145.0
4508471,160.0
4508664,-123.0
4508665,-72.0
4508719,141.0
4508811,-68.0
4508864,235.0
4508907,138.5
4508908,70.0
4508919,53.0
4509056,121.0
4509057,107.0
4509058,113.5
4509059,149.5
4509060,96.0
4509061,106.0
4509062,117.0
4509063,97.0
4509064,94.5
4509065,74.0
4509172,123.0
4509678,-2.0
4509679,-23.0
4509680,6.0
4509681,-41.0
4509885,110.0
4510092,-156.0
4510294,37.0
4510482,136.0
4510483,211.0
4510484,210.0
4510485,149.0
4510486,206.0
4510487,122.0
4510528,154.60000000000002
4510529,125.14999999999998
4510530,180.14999999999998
4510531,126.0
4510532,127.0
4510536,114.0
4510592,206.0
4510593,166.0
4510594,193.0
4510595,211.0
4510596,175.0
4510654,-201.7
4510655,-235.4
4510745,294.0
4510755,200.0
4510756,151.0
4510757,171.0
4510758,155.0
4510759,172.0
4511229,-29.0
4511230,-74.0
4511231,-77.0
4511232,-81.0
4511233,-79.0
4511234,-29.0
4511305,180.0
4511306,229.0
4511307,159.0
4511308,229.0
4511309,159.0
4511310,164.0
4511311,202.0
4511312,159.0
4511313,159.0
4511314,202.0
4511315,159.0
4511444,-37.5
4511531,185.0
4511685,124.0
4511687,202.0
4511724,-17.0
4511730,196.60000000000002
4511731,190.60000000000002
4511732,190.60000000000002
4511958,293.0
4511959,288.0
4512021,145.0
4512023,153.0
4512024,115.0
4512025,166.0
4512026,-94.0
4512171,98.0
4512172,98.0
4512173,98.0
4512174,98.0
4512175,98.0
4512176,98.0
4512321,126.0
4512322,126.0
4512653,283.0
4512740,76.0
4512741,76.0
4512742,76.0
4512743,76.0
4512744,76.0
4512745,76.0
4512746,76.0
4512747,76.0
4512748,76.0
4512749,76.0
4512750,76.0
4512751,76.0
4512752,76.0
4512753,76.0
4512754,76.0
4512813,202.0
4512814,202.0
4512903,170.0
4513042,175.10000000000002
4513054,187.0
4513055,-147.0
4513057,199.3
4513058,183.0
4513069,154.0
4513070,141.0
4513071,134.0
4513072,150.0
4513267,175.0
4513268,174.0
4513269,186.0
4513270,178.0
4513271,188.0
4513272,200.0
4513273,218.5
4513481,819.0
4513558,-124.0
4513640,-142.1
4513641,-168.48000000000002
4513643,129.0
4513644,-146.0
4513697,174.0
4513698,158.0
4513699,-33.69999999999999
4513829,-52.349999999999994
4513830,-52.349999999999994
4513831,-52.349999999999994
4513832,-52.349999999999994
4513833,-52.349999999999994
4513834,-52.349999999999994
4513835,-52.349999999999994
4513836,-52.349999999999994
4513896,-65.0
4513897,-31.0
4513898,-172.0
4513996,166.0
4514560,310.5
4514561,310.5
4514562,306.6
4514899,143.0
4514930,-120.0
4515152,96.0
4515153,96.0
4515926,224.0
4516167,117.0
4516168,113.0
4516244,129.0
4516246,197.0
4516342,20.149999999999977
4516343,20.149999999999977
4516344,20.149999999999977
4516345,20.149999999999977
4516346,20.149999999999977
4516347,20.149999999999977
4516348,20.149999999999977
4516349,20.149999999999977
4516350,20.149999999999977
4516351,20.149999999999977
4516352,20.149999999999977
4516353,20.149999999999977
4516354,20.149999999999977
4516355,20.149999999999977
4516356,20.149999999999977
4516357,20.149999999999977
4516358,20.149999999999977
4516359,20.149999999999977
4516360,20.149999999999977
4516361,20.149999999999977
4516362,20.149999999999977
4516363,20.149999999999977
4516513,130.0
4516568,52.0
4516569,52.0
4516570,52.0
4516571,52.0
4516572,52.0
4516573,52.0
4516574,52.0
4516575,52.0
4516576,52.0
4516577,52.0
4516578,52.0
4516729,76.0
4516796,-100.0
4516828,213.0
4517003,61.0
4517046,129.0
4517047,129.0
4517048,136.0
4517049,115.0
4517060,217.0
4517985,77.0
4518569,145.0
4518836,250.0
4518839,250.0
4519397,135.0
5000052,220.14999999999998
5000161,200.45
5000252,131.14999999999998
5000271,239.14999999999998
5000380,120.0
5000381,400.15
5000383,346.15
5000385,190.0
5000386,185.0
5000387,205.14999999999998
5000390,83.14999999999998
5910075,179.0
7000268,316.0
7000269,326.0
7000270,312.0
7000271,312.0
7000384,123.0
7000385,145.0
7000386,157.0
7000387,169.0
7000388,173.0
7000389,142.0
7000390,182.0
7000827,158.0
7000830,125.0
7000831,125.0
7001455,86.0
7001456,175.0
7001457,184.0
7001460,63.0
7001461,15.0
7001502,-108.0
7002374,2.0
7002955,141.0
7003193,137.0
7003194,-68.0
7003195,-68.0
7003230,175.0
7003354,159.7
7003447,123.60000000000002
7003453,-183.5
7003454,56.60000000000002
7003871,121.10000000000002
7003872,164.0
7004128,-158.0
7004129,-167.0
7004130,-160.0
7004131,-149.0
7004132,-160.0
7004133,-156.0
7004134,-83.0
7004154,172.14999999999998
7004155,186.14999999999998
7004156,186.14999999999998
7004157,240.14999999999998
7004158,172.14999999999998
7004279,307.0
7004280,293.0
7004641,106.0
7004642,126.0
7004757,184.5
7004810,330.0
7004880,-76.0
7005256,-83.5
7005257,-76.0
7005615,180.14999999999998
7005616,110.14999999999998
7006179,178.0
7006181,230.0
7006386,-165.0
7006387,-143.0
7006419,-196.0
7006420,40.5
7006521,-46.0
7006522,-74.0
7006523,7.0
7007241,168.0
7007242,157.0
7007243,157.5
7007244,156.5
7007245,137.0
7007271,123.0
7007272,112.0
7007274,82.0
7007275,321.0
7007276,293.0
7007277,123.0
7007278,114.0
7007280,123.0
7007896,124.14999999999998
7007897,99.14999999999998
7008498,-117.5
7008499,-94.5
7008500,-119.0
7009459,70.14999999999998
7009500,203.0
7009938,-85.5
7010496,260.0
7010497,260.0
7010541,-53.0
7010543,-118.0
7010966,203.0
7010967,212.0
7010968,254.0
7011656,-83.0
7011678,-87.0
7011679,-155.5
7011692,-87.0
7011707,-199.0
7012026,-49.0
7012031,-49.0
7012312,104.60000000000002
7012313,79.89999999999998
7012314,137.60000000000002
7012315,129.14999999999998
7012539,208.0
7012581,10.0
7012777,233.0
7012888,40.0
7012889,132.0
7013222,-54.0
7013585,-106.19999999999999
7013587,-151.5
7014939,124.0
7015349,170.0
7015350,133.0
7016059,62.5
7016119,132.0
7016120,156.0
7016121,141.0
7016524,56.0
7017101,120.0
7017580,182.0
7017581,288.0
7018301,79.89999999999998
7018302,78.10000000000002
7018303,74.5
7018304,74.19999999999999
7018305,74.0
7018306,79.89999999999998
7018307,78.10000000000002
7018308,74.5
7018309,74.19999999999999
7018310,74.0
7018311,79.89999999999998
7018312,78.10000000000002
7018313,74.5
7018314,74.19999999999999
7018315,74.0
7019557,192.0
7019559,176.0
7019560,136.0
7019617,42.0
7019699,3.0
7019704,-173.0
7019766,151.0
7019767,130.0
7019768,107.0
7019833,229.0
7019834,245.5
7019835,274.5
7019836,193.5
7019837,241.0
7019838,217.5
7020778,96.0
7020779,132.0
7020780,100.0
7020781,34.0
7020782,204.0
7021518,-32.0
7021565,-29.0
7021582,133.0
7021779,163.0
7021780,169.0
7021781,-108.0
7021782,-79.0
7021783,-100.0
7021784,-60.0
7021785,-36.0
7022432,-11.0
7022541,78.0
7022627,218.0
7022630,209.0
7023685,103.0
7024212,-110.0
7024349,176.0
7024495,-124.0
7024518,-134.1
7024520,-230.0
7024659,537.0
7024660,537.0
7024661,830.0
7024986,-42.0
7024987,-42.0
7025551,87.0
7025865,131.0
7026696,143.0
7026699,101.0
7026701,140.0
7026703,265.0
7026705,228.0
7026706,175.0
7026852,165.0
7026853,150.0
7026854,206.0
7026855,222.0
7026856,165.0
7026857,210.0
7026858,304.0
7027039,80.14999999999998
7027040,36.14999999999998
7027041,67.14999999999998
7027117,165.5
7027118,139.0
7027124,175.0
7027125,154.5
7027126,259.5
7027256,95.14999999999998
7027309,143.0
7027349,-54.0
7027391,67.14999999999998
7027408,-41.0
7027499,19.0
7027500,-18.849999999999994
7027961,168.0
7027962,170.0
7028067,112.14999999999998
7028143,-14.850000000000023
7029053,293.0
7029119,104.0
7029120,108.0
7029121,94.0
7029385,150.0
7029386,128.0
7029387,166.0
7030088,190.0
7030416,-111.0
7030417,-145.0
7030864,213.0
7031205,-185.0
7031277,138.0
7031278,158.0
7031279,162.0
7031280,127.0
7031281,89.0
7031282,171.0
7031283,130.0
7031354,65.0
7031355,35.0
7031356,29.0
7031357,20.0
7031399,128.60000000000002
7031866,-151.0
7031868,-137.5
7031870,-108.5
7032236,217.0
7033163,230.0
7033296,198.0
7033351,270.0
7033352,269.0
7033353,335.0
7033354,211.0
7033355,129.0
7033531,-14.0
7033532,-52.0
7033533,-35.5
7033534,-14.0
7033535,-31.0
7033620,302.0
7033621,273.5
7033622,220.5
7033623,280.0
7033624,240.5
7033625,264.5
7033626,295.0
7033627,289.5
7033628,280.0
7033630,279.5
7034551,-155.4
7034552,-50.0
7034591,158.60000000000002
7035770,527.0
7035771,527.0
7036161,142.0
7036229,176.0
7036368,-70.0
7036369,-105.0
7036380,-163.35
7036454,116.5
7036455,139.0
7036456,280.0
7036457,240.0
7036752,133.0
7036753,180.0
7036754,155.0
7036755,150.0
7036756,170.0
7037261,129.0
7037262,138.0
7037594,-121.0
7037686,696.0
7037954,47.0
7038257,190.0
7038258,145.0
7038259,215.0
7039469,181.5
7039470,171.0
7039471,169.0
7039472,194.0
7039474,199.0
7039641,113.19999999999999
7039642,115.69999999999999
7039643,155.60000000000002
7039644,150.89999999999998
7039646,176.0
7039648,206.39999999999998
7039649,175.7
7039750,214.10000000000002
7039959,230.0
7039960,221.0
7039961,203.0
7039962,164.0
7040220,243.0
7040989,-109.5
7041177,-4.0
7041969,274.0
7041970,138.0
7041972,158.0
7041973,180.0
7042604,67.0
7042609,108.60000000000002
7042611,108.60000000000002
7042626,152.0
7042627,217.0
7042629,162.0
7042631,177.0
7042908,124.0
7042909,178.0
7042910,160.0
7042998,185.0
7043130,188.0
7043153,167.14999999999998
7043154,154.0
7043155,136.89999999999998
7043254,127.0
7043913,133.0
7043953,188.0
7043954,188.0
7043955,237.0
7043956,171.0
7043957,117.0
7043958,199.0
7044010,-73.0
7044012,200.0
7044034,96.80000000000001
7044498,152.14999999999998
7044499,160.0
7044500,209.0
7044501,158.0
7044871,215.5
7044872,266.0
7044874,308.0
7044875,279.0
7044992,151.0
7044993,131.5
7044995,132.0
7044996,135.5
7045032,207.0
7045107,204.5
7045144,-216.0
7045941,3.0
7046625,143.0
7046626,115.0
7046627,134.0
7046629,101.0
7046631,134.0
7047036,88.0
7047087,247.0
7047162,25.0
7047223,180.0
7047224,146.0
7047225,171.0
7047226,140.0
7047227,118.0
7047756,241.0
7047761,240.0
7047762,290.0
7047953,348.15
7047954,345.15
7048357,-125.0
7048358,-177.0
7050007,139.0
7050008,166.0
7050009,159.0
7050010,139.0
7050146,-2.0
7050147,-11.0
7050148,16.0
7050149,12.0
7050150,32.0
7050151,29.0
7050152,44.0
7050153,41.0
7050154,55.0
7050155,52.0
7050281,224.60000000000002
7050282,310.15
7050283,221.60000000000002
7050322,189.5
7050336,60.0
7050337,54.0
7050358,288.15
7050361,123.0
7050363,92.0
7050364,109.0
7050462,228.0
7050463,224.0
7050502,-81.0
7050538,247.0
7050539,265.0
7050540,193.0
7050545,182.60000000000002
7050546,207.10000000000002
7050547,180.60000000000002
7050548,219.60000000000002
7050552,174.60000000000002
7050612,-92.5
7050629,30.0
7050630,127.0
7050631,43.0
7050632,90.0
7050633,37.0
7050634,45.0
7050635,39.0
7050742,-107.5
7050743,-119.5
7050744,-67.5
7050745,-67.5
7050746,-14.0
7050747,-40.0
7050748,-129.5
7050749,-134.0
7050750,-86.5
7050751,-96.5
7050752,-120.5
7050799,-135.1
7050800,-146.5
7050801,-130.0
7050802,-152.0
7050895,-33.0
7050920,-47.5
7050959,31.149999999999977
7050960,85.14999999999998
7051075,89.14999999999998
7051167,41.14999999999998
7051168,73.0
7051172,115.0
7051173,135.0
7051174,110.0
7051203,174.60000000000002
7051204,173.10000000000002
7051205,249.10000000000002
7051235,-46.5
7051236,-58.5
7051237,-148.0
7051238,-115.0
7051248,206.5
7051249,134.0
7051267,276.20000000000005
7051268,222.2
7051269,236.5
7051270,151.2
7051279,-103.5
7051396,24.0
7051449,83.0
7051536,129.0
7051537,143.5
7051538,138.0
7051539,156.0
7051570,135.0
7051571,75.0
7051668,181.0
7051669,110.0
7051670,110.0
7051780,99.0
7051781,155.0
7051782,131.0
7051786,121.0
7051789,86.0
7051790,72.0
7051791,174.0
7051806,259.0
7051807,259.0
7051916,180.0
7051917,208.0
7051921,139.0
7051922,162.0
7051998,253.5
7051999,253.0
7052027,-236.0
7052033,133.0
7052130,-136.0
7052131,-129.0
7052132,-200.0
7052143,189.60000000000002
7052144,270.6
7052145,206.60000000000002
7052146,126.60000000000002
7052147,111.60000000000002
7052256,239.0
7052257,239.0
7052258,239.0
7052259,239.0
7052260,239.0
7052406,161.0
7052416,262.0
7052417,242.0
7052419,178.0
7052464,149.0
7052472,173.10000000000002
7052582,180.0
7052691,-8.5
7052692,-8.5
7052693,-8.5
7052695,-8.5
7052696,-8.5
7052793,213.0
7052794,187.5
7052795,129.0
7052796,141.5
7052800,150.0
7052801,150.0
7052936,250.0
7053013,92.0
7053014,136.0
7053015,160.0
7053016,79.0
7053042,72.0
7053043,142.0
7053274,225.0
7053275,225.0
7053276,225.0
7053277,204.0
7053278,204.0
7053279,204.0
7053300,124.0
7053301,90.0
7053302,145.0
7053305,75.0
7053306,73.0
7053307,84.0
7053355,11.399999999999977
7053447,-124.0
7053448,-175.0
7053449,-216.0
7053450,-124.0
7053451,-134.0
7053544,-81.0
7053545,-63.0
7053546,-3.0
7053547,10.0
7053560,142.0
7053562,164.5
7053563,181.0
7053690,181.5
7053691,61.0
7053737,-93.0
7053776,136.0
7053777,208.0
7054008,94.5
7054044,200.0
7054106,85.0
7054107,86.5
7054108,122.0
7054109,127.0
7054154,200.14999999999998
7054155,188.14999999999998
7054156,184.14999999999998
7054157,187.14999999999998
7054158,200.14999999999998
7054159,137.0
7054160,180.14999999999998
7054161,174.14999999999998
7054162,105.0
7054163,178.14999999999998
7054169,168.3
7054170,202.2
7054171,155.0
7054241,247.0
7054242,265.0
7054243,193.0
7054251,109.5
7054536,126.0
7054703,231.0
7054704,297.5
7054915,196.5
7054916,128.10000000000002
7055016,183.0
7055017,260.0
7055018,127.0
7055272,151.0
7055273,160.0
7055274,171.0
7055275,149.0
7055276,167.0
7055277,246.0
7055320,232.0
7055430,203.0
7055496,-78.5
7055498,151.0
7055511,-71.0
7055512,-48.0
7055692,26.279999999999973
7055703,104.5
7055704,165.0
7055705,188.0
7055720,126.0
7055721,112.0
7055729,52.10000000000002
7055807,93.14999999999998
7055808,209.14999999999998
7055809,200.14999999999998
7055810,150.0
7055811,124.0
7055902,195.10000000000002
7055930,112.14999999999998
7056063,138.14999999999998
7056117,36.14999999999998
7056232,153.0
7056387,141.2
7056484,121.0
7056485,139.5
7056542,173.0
7056543,173.0
7056544,-108.0
7056545,173.0
7056675,105.0
7056722,174.8
7056732,159.0
7056733,143.0
7056780,-115.0
7056843,-71.0
7056844,195.0
7056845,-42.0
7056848,51.0
7057097,126.0
7057163,182.0
7057165,172.0
7057166,154.0
7057167,186.0
7057224,228.0
7057288,228.0
7057366,180.5
7057367,118.0
7057368,180.5
7057539,140.5
7057617,-65.0
7057772,-182.0
7057773,241.60000000000002
7057774,291.1
7057775,229.10000000000002
7057776,141.60000000000002
7057777,127.10000000000002
7057778,180.10000000000002
7057779,166.10000000000002
7057780,171.10000000000002
7057833,-2.0
7058115,118.0
7058237,192.60000000000002
7058256,-80.0
7058272,261.0
7058323,219.60000000000002
7058324,119.0
7058384,189.0
7058444,161.0
7059045,-53.0
7059453,241.60000000000002
7059454,132.5
7059484,-132.0
7059485,-127.0
7059486,-137.0
7059487,260.0
7059488,176.5
7059672,204.60000000000002
7059814,168.0
7059891,-73.30000000000001
7059923,-92.0
7060010,-81.4
7060168,25.0
7060201,110.5
7060202,156.0
7060203,134.0
7060204,162.5
7060205,116.0
7060206,204.60000000000002
7060207,147.0
7060208,103.0
7060377,400.15
7060800,205.0
7060818,-59.0
7061005,183.0
7061006,180.0
7061106,100.0
7061107,146.0
7061130,230.10000000000002
7061272,-136.0
7061273,-20.0
7061329,94.0
7061448,169.60000000000002
7061494,145.60000000000002
7061621,280.0
7061622,300.0
7061958,215.10000000000002
7062179,168.10000000000002
7062193,300.0
7062194,198.0
7062195,217.0
7062196,198.0
7062197,217.0
7062198,168.0
7062199,198.0
7062201,188.0
7062202,168.0
7062203,188.0
7062204,198.0
7062261,205.5
7062262,71.5
7062263,130.5
7062264,61.0
7062305,78.0
7062306,117.0
7062508,191.5
7062565,174.5
7062566,169.5
7062567,208.0
7062672,197.0
7062673,223.0
7062674,182.0
7062923,144.3
7062945,91.0
7062972,307.0
7063066,231.0
7063203,257.15
7063229,39.0
7063345,155.0
7063348,144.3
7063349,161.0
7063365,118.0
7063591,144.0
7063592,214.0
7063594,164.0
7063595,200.0
7063596,178.5
7063597,148.0
7063599,175.0
7063600,176.0
7100007,245.0
7100008,258.0
7100009,258.0
7100086,-212.82999999999998
7100087,93.0
7100088,67.0
7100089,113.0
7100090,95.0
7100091,85.0
7100092,68.0
7100093,69.0
7100098,113.0
7100099,168.10000000000002
7100268,170.5
7100269,-18.5
7100270,10.0
7100406,164.10000000000002
7100407,138.60000000000002
7100408,148.10000000000002
7100422,-92.0
7100427,161.0
7100428,159.0
7100429,163.0
7100442,178.0
7100443,221.0
7100474,79.0
7100475,173.0
7100476,110.0
7100477,65.0
7100478,-25.0
7100479,74.0
7100480,84.0
7100481,81.0
7100482,83.0
7100483,76.0
7100484,74.0
7100485,-57.0
7100486,145.0
7100487,70.0
7100488,117.0
7100489,160.0
7100490,-15.0
7100491,70.0
7100492,108.0
7100493,56.0
7100494,96.0
7100496,138.0
7100497,106.0
7100499,157.0
7100500,284.0
7100503,154.0
7100508,-119.0
7100529,156.60000000000002
7100577,196.5
7100578,195.5
7100636,156.8
7100700,34.0
7100701,34.0
7100702,-91.0
7100703,-91.0
7100704,-91.0
7100790,160.0
7100996,-97.0
7100997,-84.0
7100998,-75.0
7100999,-88.0
7101019,0.0
7101020,-78.0
7101088,197.49
7101089,190.55
7101090,211.29000000000002
7101091,184.76999999999998
7101227,170.0
7101513,-123.0
7101588,175.14999999999998
7101639,208.0
7101640,195.0
7101659,-24.0
7101675,-135.0
7101695,-94.1
7101803,230.14999999999998
7101804,230.14999999999998
7101881,148.0
7101882,118.0
7101899,-117.0
7101901,-117.0
7101902,-117.0
7101903,-117.0
7101937,199.10000000000002
7102059,150.0
7102065,180.5
7102218,155.0
7102312,-213.0
7102345,234.0
7102346,170.0
7102351,424.0
7102352,424.0
7102386,140.14999999999998
7102387,126.14999999999998
7102433,-109.5
7102445,61.14999999999998
7102446,64.94999999999999
7102460,89.60000000000002
7102461,151.10000000000002
7102495,-144.0
7102496,-174.5
7102541,149.0
7102550,77.14999999999998
7102593,-145.5
7102641,250.0
7102736,25.0
7102737,310.15
7102738,9.0
7102739,271.15
7102869,135.0
7102959,8.0
7103306,100.0
7103307,203.0
7103361,-36.400000000000006
7103362,-36.400000000000006
7103363,-36.400000000000006
7103364,-36.400000000000006
7103365,-36.400000000000006
7103397,229.68
7103572,101.0
7103573,135.0
7103690,219.0
7103691,215.0
7103802,-123.5
7103814,128.14999999999998
7104074,-11.0
7104079,162.2
7104244,217.0
7104262,217.0
7104460,230.0
7104461,203.0
7104511,159.10000000000002
7104535,211.14999999999998
7104547,-173.0
7104548,-115.0
7104549,-145.0
7104599,157.0
7104600,185.0
7104632,125.0
7104633,162.0
7104634,154.0
7104635,226.0
7104636,164.0
7104808,206.0
7104903,173.60000000000002
7104904,127.14999999999998
7105031,-191.5
7105298,62.0
7105407,178.39999999999998
7105408,178.39999999999998
7105409,143.89999999999998
7105410,143.89999999999998
7105437,87.0
7105438,79.0
7105439,58.0
7105668,85.80000000000001
7105669,100.60000000000002
7105748,274.0
7105897,154.0
7105898,106.0
7105953,213.0
7105954,213.0
7105955,213.0
7105956,213.0
7106034,234.10000000000002
7106122,380.0
7106304,-44.5
7106428,70.0
7106429,70.0
7106430,70.0
7106431,70.0
7106432,70.0
7106433,70.0
7106434,70.0
7106435,70.0
7106507,155.0
7106513,-124.4
7106554,-184.0
7106564,-33.0
7106565,-54.0
7106566,8.0
7106864,-163.0
7106887,88.10000000000002
7107667,184.7
7107668,184.7
7107670,138.0
7107671,217.7
7107672,106.69999999999999
7107673,118.69999999999999
7107675,182.7
7107676,198.0
7107798,47.0
7107799,42.0
7108070,263.0
7108233,69.10000000000002
7108234,156.10000000000002
7108235,88.0
7108236,141.60000000000002
7108237,119.10000000000002
7108238,-150.0
7108239,-182.0
7108333,156.0
7108335,183.0
7108337,150.0
7108338,145.0
7108371,199.10000000000002
7108372,218.0
7108373,159.0
7108374,173.10000000000002
7108375,118.60000000000002
7108376,123.10000000000002
7108377,159.10000000000002
7108389,163.0
7108390,208.0
7108415,224.7
7108416,186.7
7108417,83.0
7108454,134.10000000000002
7108482,183.0
7108540,-46.0
7108616,123.0
7108930,150.60000000000002
7108931,171.10000000000002
7108932,162.60000000000002
7108933,128.10000000000002
7108934,104.60000000000002
7109085,208.0
7109086,208.0
7109087,208.0
7109088,208.0
7109089,-65.0
7109175,129.0
7109287,113.0
7109806,155.0
7109814,171.0
7109815,175.0
7109924,173.0
7109925,186.0
7109926,156.0
7109927,175.0
7109928,185.0
7109929,181.0
7109930,152.0
7109931,165.0
7109932,165.0
7109933,197.0
7109934,147.0
7109935,193.0
7109936,142.0
7110026,166.10000000000002
7110195,-173.0
7110402,188.5
7110403,157.0
7110404,142.5
7110408,192.14999999999998
7110430,131.0
7110517,130.14999999999998
7110544,-45.0
7110545,-58.0
7110546,132.0
7110547,148.0
7110548,135.0
7110646,-123.0
7110707,-153.5
7110784,224.10000000000002
7110825,214.60000000000002
7110842,119.0
7110866,-144.5
7110922,-116.0
7110923,-88.0
7110971,-137.0
7111054,87.14999999999998
7111056,-7.5
7111057,-114.0
7111069,-71.0
7111108,-222.0
7111125,132.10000000000002
7111147,-25.0
7111148,-25.0
7111369,228.14999999999998
7111370,191.25
7111371,246.14999999999998
7111413,127.0
7111414,67.0
7111471,-88.5
7111472,-82.0
7111483,126.0
7111484,143.0
7111605,210.0
7111633,122.0
7111668,190.0
7111669,179.8
7111670,231.3
7111672,-23.0
7111698,69.0
7111699,-39.5
7111700,65.5
7111701,33.5
7111702,88.5
7111703,44.80000000000001
7111704,14.0
7111705,-1.0
7111756,-91.0
7111997,27.0
7111998,27.0
7111999,27.0
7112026,71.0
7112056,144.10000000000002
7112057,118.60000000000002
7112326,150.60000000000002
7112327,171.10000000000002
7112328,162.60000000000002
7112329,128.10000000000002
7112330,104.60000000000002
7112503,260.0
7112504,260.0
7112576,148.0
7112603,-102.0
7112604,-105.0
7112615,124.0
7112616,2.0
7112928,-115.0
7113171,-213.0
7113197,-117.0
7113199,-117.0
7113200,-117.0
7113201,-117.0
7113214,155.0
7113353,540.15
7113354,540.15
7113377,-45.19999999999999
7113378,-46.19999999999999
7113406,-119.0
7113407,-29.0
7113439,206.0
7113469,173.60000000000002
7113470,127.14999999999998
7113716,219.0
7113717,215.0
7113798,-11.0
7113983,152.14999999999998
7113984,133.14999999999998
7113986,133.14999999999998
7114094,-156.5
7114113,290.15
7114177,-152.0
7114295,117.0
7114296,138.0
7114297,118.0
7114300,-43.0
7114308,104.10000000000002
7114309,142.60000000000002
7114310,133.10000000000002
7114402,177.0
7114413,-114.0
7114447,-72.0
7114475,277.0
7114480,175.0
7114481,161.0
7114482,170.0
7114667,-58.0
7114668,-113.0
7114716,128.14999999999998
7114717,128.14999999999998
7114729,-80.0
7114753,1.0
7114838,215.60000000000002
7114839,235.10000000000002
7114840,218.14999999999998
7114860,4.0
7114861,7.0
7114862,6.0
7114863,6.0
7114864,7.5
7114948,-74.0
7114969,-68.5
7115029,270.6
7115030,242.60000000000002
7115060,30.0
7115061,-2.0
7115068,27.0
7115069,27.0
7115070,27.0
7115071,27.0
7115073,27.0
7115234,229.60000000000002
7115235,178.60000000000002
7115374,-10.0
7115492,-123.5
7115639,-133.0
7115670,-47.0
7115802,-117.6
7115803,-93.5
7115858,148.0
7115859,148.0
7115860,148.0
7115920,238.0
7115921,238.0
7116007,-11.5
7116046,-34.0
7116065,211.14999999999998
7116066,66.14999999999998
7116079,198.0
7116092,110.14999999999998
7116119,128.0
7116151,102.0
7116152,64.0
7116153,40.0
7116154,166.0
7116228,90.14999999999998
7116272,76.0
7116307,204.14999999999998
7116346,-179.6
7116659,110.5
7116712,212.0
7116941,123.60000000000002
7116978,154.14999999999998
7117100,-78.0
7117157,103.5
7117321,163.0
7117322,202.0
7117362,149.5
7117363,129.5
7117393,247.60000000000002
7117455,-116.5
7117456,-64.0
7117457,-64.0
7117643,110.0
7117747,76.0
7117784,131.0
7117822,59.0
7117823,65.0
7117824,119.0
7117825,186.0
7117826,104.0
7117878,79.0
7117951,153.0
7117952,141.0
7117953,138.0
7117954,136.0
7117955,175.0
7117956,145.0
7117957,161.0
7117958,130.0
7117959,140.0
7117960,150.0
7117961,158.0
7117962,168.0
7117963,138.0
7117964,135.0
7117965,130.0
7118109,202.14999999999998
7118110,174.14999999999998
7118180,-74.0
7118340,-127.5
7118353,60.0
7118362,97.14999999999998
7118367,-183.0
7118368,-146.0
7118369,-187.0
7118370,-124.0
7118371,-184.0
7118372,-179.0
7118373,-175.5
7118374,-176.0
7118375,-189.0
7118382,126.0
7118448,112.0
7118483,-74.0
7118518,177.0
7118519,270.0
7118561,-100.0
7118632,174.5
7118731,222.39
7118732,221.57
7118733,221.94
7118734,178.97000000000003
7118757,170.0
7118851,-148.0
7118962,11.5
7118963,5.199999999999989
7118964,-23.400000000000006
7118965,4.899999999999977
7118966,0.5
7118967,-10.5
7118988,-90.0
7119007,7.0
7119058,-131.5
7119063,154.0
7119080,280.0
7119081,0.0
7119082,276.0
7119138,203.35000000000002
7119139,190.35000000000002
7119152,-3.0
7119153,-3.0
7119200,126.0
7119227,59.0
7119273,63.80000000000001
7119297,170.0
7119298,130.0
7119319,56.0
7119483,-95.0
7119484,-140.0
7119485,-182.5
7119568,42.0
7119569,53.0
7119584,211.5
7119786,214.0
7119833,144.5
7120002,112.60000000000002
7120067,236.8
7120068,236.89999999999998
7120224,116.39999999999998
7120226,162.14999999999998
7120353,-110.0
7120373,-138.0
7120374,-142.0
7120500,-117.0
7120583,362.0
7120584,362.0
7120655,43.0
7120657,43.0
7120658,53.0
7120659,59.0
7120661,53.0
7120805,153.5
7120866,118.0
7120882,-74.0
7120883,-67.5
7120940,244.10000000000002
7120942,219.0
7120943,213.0
7120944,213.0
7120945,213.0
7120986,68.5
7120987,120.5
7120988,120.5
7121061,128.0
7121062,92.0
7121063,154.0
7121064,173.5
7121142,344.0
7121259,-133.0
7121260,-125.0
7121700,209.0
7121701,48.0
7121702,318.0
7121711,199.0
7121712,147.0
7121726,-62.0
7121728,-50.0
7121731,-78.0
7121734,-63.0
7121736,-50.0
7121837,135.0
7121838,142.0
7121919,230.14999999999998
7122084,124.60000000000002
7122085,100.0
7122086,196.8
7122087,109.39999999999998
7122088,136.0
7122089,172.89999999999998
7122148,124.32
7122149,124.32
7122150,124.32
7122153,124.32
7122156,124.32
7122158,124.32
7122161,124.32
7122162,124.32
7122163,124.32
7122164,124.32
7122165,124.32
7122166,124.32
7122167,124.32
7122279,81.30000000000001
7122506,169.0
7122519,96.0
7122520,119.0
7122521,135.0
7122522,97.0
7122523,123.0
7122524,71.0
7122575,-73.0
7122577,-135.0
7122717,156.0
7122741,85.5
7122805,170.0
7122806,67.0
7122922,201.0
7122953,84.0
7123071,-182.0
7123072,-127.0
7123138,210.60000000000002
7123139,203.0
7123422,163.0
7123706,198.0
7123707,167.8
7123708,229.7
7123717,225.0
7123783,106.60000000000002
7123792,17.0
7123795,290.0
7123796,290.0
7123797,290.0
7123798,290.0
7123799,290.0
7123800,290.0
7124056,123.0
7124148,89.10000000000002
7124149,91.60000000000002
7124150,54.10000000000002
7124151,68.10000000000002
7124152,56.10000000000002
7124304,58.0
7124305,123.0
7124320,138.14999999999998
7124321,141.14999999999998
7124573,105.0
7124574,76.0
7124575,45.0
7124779,-190.0
7124849,177.60000000000002
7124890,293.0
7125033,117.0
7125076,201.0
7125077,132.0
7125078,154.0
7125079,75.0
7125278,206.5
7125279,268.0
7125280,225.5
7125285,137.0
7125286,127.0
7125403,219.10000000000002
7125404,200.10000000000002
7125472,-122.30000000000001
7125497,-96.0
7125599,137.5
7125600,169.5
7125698,140.10000000000002
7125699,145.60000000000002
7125732,149.0
7126649,216.0
7126650,216.0
7126651,216.0
7126667,130.5
7126896,215.0
7126898,195.5
7126899,205.0
7126900,161.0
7126901,222.0
7126902,148.0
7126903,172.0
7126905,141.0
7126906,136.0
7126907,126.0
7126908,155.0
7126909,238.0
7126910,163.0
7126911,142.0
7126912,163.0
7126913,171.0
7126914,180.0
7126915,145.0
7127391,93.0
7127949,215.5
7127974,-93.0
7127975,-28.0
7128590,95.0
7128660,145.0
7128661,147.0
7128760,160.0
7128885,174.0
7128886,63.0
7128895,213.0
7128896,144.0
7128920,55.0
7128921,132.0
7129050,27.0
7129051,27.0
7129479,14.0
7129588,82.0
7129702,100.0
7129703,211.0
7130265,143.0
7130266,161.0
7130267,176.0
7130462,216.60000000000002
7130463,199.60000000000002
7130464,198.60000000000002
7130465,205.60000000000002
7130466,199.60000000000002
7130467,209.60000000000002
7130886,116.14999999999998
7131096,181.60000000000002
7131097,114.60000000000002
7131195,-123.0
7131561,64.0
7131664,43.0
7131665,115.0
7131688,96.89999999999998
7131693,140.0
7131694,175.0
7131800,98.0
7131932,238.0
7131933,233.5
7132070,100.0
7132071,128.0
7132163,163.35000000000002
7132650,165.5
7133355,97.14999999999998
7133382,76.5
7133383,144.0
7133615,-159.0
7134160,20.0
7134297,126.0
7134314,176.0
7134316,152.0
7134317,169.39999999999998
7134318,171.0
7134320,159.0
7150052,-39.5
7150055,209.89999999999998
7150056,166.39999999999998
7150057,200.39999999999998
7150069,99.5
7150070,139.5
7150071,126.0
7150129,176.0
7150130,-43.0
7150148,-117.0
7150149,-134.0
7150158,99.60000000000002
7150159,-151.0
7150192,-8.0
7150196,97.0
7150197,67.0
7150199,189.0
7150200,193.0
7150201,139.0
7150202,139.5
7150203,68.5
7150204,161.5
7150254,168.60000000000002
7150255,103.10000000000002
7150274,-176.0
7150321,130.0
7150342,115.60000000000002
7150346,83.10000000000002
7150347,142.10000000000002
7150349,202.10000000000002
7150359,131.60000000000002
7150366,33.39999999999998
7150367,42.30000000000001
7150368,42.30000000000001
7150369,44.80000000000001
7150370,45.0
7150476,-106.6
7150477,-79.0
7150478,-79.0
7150479,-106.6
7150482,-61.5
7150483,-94.0
7150484,-74.5
7150485,-135.0
7150486,14.5
7150487,-85.5
7150489,-57.0
7150490,-74.5
7150491,-87.5
7150492,11.5
7150493,-14.0
7150495,-97.0
7150496,-112.5
7150505,-143.0
7150506,-184.0
7150522,-80.5
7150533,286.0
7150534,293.0
7150539,109.0
7150540,105.0
7150541,-180.0
7150542,125.0
7150560,252.0
7150561,264.0
7150568,270.5
7150642,110.0
7150643,160.0
7150656,81.10000000000002
7150701,133.60000000000002
7150702,135.60000000000002
7150813,108.5
7150827,206.5
7150835,124.60000000000002
7150838,225.0
7150839,208.0
7150852,-163.0
7150853,-89.0
7150854,-86.0
7150855,-55.0
7150920,151.0
7150921,150.0
7150922,98.0
7150934,153.10000000000002
7150935,153.10000000000002
7150976,44.0
7150977,52.0
7150978,49.0
7150979,70.0
7150980,129.0
7150981,101.0
7151023,296.0
7151024,270.0
7151025,241.0
7151037,-133.0
7151041,-157.6
7151043,-155.5
7151059,75.14999999999998
7151060,77.14999999999998
7151061,78.14999999999998
7151113,-110.0
7151159,-73.5
7151162,107.0
7151163,97.0
7151182,165.0
7151183,217.5
7151184,166.0
7151185,95.0
7151239,163.0
7151242,141.0
7151281,199.0
7151285,195.0
7151286,227.5
7151287,171.0
7151296,-182.0
7151323,269.0
7151324,231.0
7151347,191.60000000000002
7151380,259.6
7151381,221.60000000000002
7151382,214.60000000000002
7151392,106.0
7151394,118.0
7151395,186.0
7151415,-47.0
7151418,186.60000000000002
7151419,203.60000000000002
7151442,-183.0
7151443,-154.2
7151444,-217.0
7151446,-191.5
7151447,-184.0
7151449,-196.8
7151450,-188.2
7151452,-204.0
7151453,-192.5
7151454,-221.0
7151455,-204.0
7151489,104.39999999999998
7151490,185.39999999999998
7151491,179.7
7151541,208.0
7151542,105.0
7151543,169.0
7151544,-190.0
7151572,171.14999999999998
7151573,147.14999999999998
7151574,72.14999999999998
7151611,120.0
7151612,158.0
7151657,-126.0
7151659,-34.0
7151723,-173.0
7151809,83.0
7151823,-77.0
7151825,-157.0
7151855,179.14999999999998
7151856,190.14999999999998
7151857,205.14999999999998
7151858,222.14999999999998
7151872,-77.0
7151873,-71.0
7151874,-132.0
7151875,-101.0
7151903,121.0
7151904,137.0
7151925,-58.0
7151926,-82.5
7151971,129.10000000000002
7151972,131.10000000000002
7151973,144.10000000000002
7152047,190.39999999999998
7152048,159.39999999999998
7152064,163.0
7152065,144.0
7152066,165.0
7152073,-171.675
7152098,-81.0
7152177,194.0
7152178,133.0
7152179,65.0
7152313,-121.5
7152314,165.10000000000002
7152315,-107.0
7152358,-94.0
7152365,272.0
7152413,157.0
7152428,131.10000000000002
7152520,87.0
7152531,186.0
7152691,-61.0
7152692,-195.0
7152728,81.89999999999998
7152760,116.10000000000002
7152763,140.10000000000002
7152845,-210.5
7152847,-157.5
7152907,84.0
7152908,93.0
7153013,197.0
7153014,191.0
7153015,203.60000000000002
7153016,-134.0
7153026,-68.0
7153027,-32.0
7153109,224.0
7153110,223.0
7153111,229.0
7153112,230.0
7153119,137.10000000000002
7153120,147.10000000000002
7153228,150.2
7153240,-87.0
7153245,-109.0
7153249,91.0
7153318,120.0
7153335,120.0
7153350,235.5
7153351,218.5
7153352,214.0
7153353,214.0
7153363,84.0
7153458,-94.0
7153459,-68.0
7153468,198.0
7153469,179.0
7153470,159.0
7153471,168.0
7153472,167.0
7153473,124.0
7153527,191.0
7153528,169.5
7153529,171.0
7153582,-130.0
7153583,-150.5
7153584,-23.0
7153585,-146.5
7153586,-143.0
7153590,117.60000000000002
7153603,-201.0
7153604,229.60000000000002
7153649,174.60000000000002
7153650,183.60000000000002
7153661,150.0
7153662,134.0
7153751,82.60000000000002
7153752,82.60000000000002
7153779,63.0
7153780,98.0
7153781,120.0
7153782,65.0
7153783,48.0
7153785,140.0
7153786,126.0
7153976,81.0
7153977,49.0
7153978,43.0
7153979,91.0
7153981,51.0
7154014,99.0
7154051,81.0
7154052,49.0
7154053,43.0
7154054,91.0
7154056,51.0
7154077,86.0
7154085,-92.0
7154112,180.0
7154126,123.5
7154127,86.5
7154128,245.5
7154129,248.5
7154130,258.5
7154132,217.5
7154135,62.0
7154138,129.0
7154180,188.0
7154236,111.60000000000002
7154240,119.0
7154243,241.0
7154267,115.10000000000002
7154272,205.0
7154273,200.0
7154288,154.0
7154309,153.5
7154336,32.0
7154338,202.0
7154340,95.5
7154341,232.5
7154345,125.60000000000002
7154348,73.0
7154353,181.0
7154356,174.5
7154358,134.0
7154378,81.0
7154429,239.10000000000002
7154464,101.39999999999998
7154471,153.0
7154496,152.0
7154497,232.0
7154498,276.0
7154499,96.0
7154517,286.0
7154546,-124.0
7154547,81.10000000000002
7154558,186.60000000000002
7154597,160.0
7154598,-82.0
7154616,27.5
7154617,247.60000000000002
7154622,164.5
7154642,130.0
7154647,97.0
7154657,215.5
7154676,200.0
7154677,250.0
7154678,235.0
7154679,300.0
7154680,281.0
7154681,205.0
7154705,114.0
7154706,181.0
7154739,162.14999999999998
7154756,101.0
7154784,124.14999999999998
7154785,137.0
7154793,182.0
7154800,-111.5
7154807,94.39999999999998
7154817,96.10000000000002
7154818,207.10000000000002
7154819,151.10000000000002
7154820,224.10000000000002
7154821,263.6
7154843,-114.0
7154852,67.0
7154853,64.5
7154854,37.5
7154856,101.5
7154872,186.2
7154879,98.0
7154899,158.0
7154912,112.0
7154954,-175.5
7154977,-169.5
7155003,210.0
7155018,222.0
7155019,167.0
7155020,163.0
7155027,150.0
7155028,-163.0
7155029,-190.0
7155030,-217.0
7155061,190.10000000000002
7155062,113.10000000000002
7155068,130.14999999999998
7155097,127.60000000000002
7155100,-138.5
7155101,-149.0
7155127,129.0
7155170,295.15
7155241,230.5
7155243,177.5
7155247,204.0
7155261,80.0
7155274,-210.0
7155311,125.0
7155324,195.0
7155333,174.14999999999998
7155334,162.14999999999998
7155344,77.60000000000002
7155345,137.0
7155346,143.0
7155364,70.55000000000001
7155405,106.5
7155407,320.0
7155412,70.0
7155413,200.0
7155427,-122.5
7155428,-136.5
7155429,-71.5
7155430,-70.5
7155454,123.0
7155487,151.0
7155500,161.0
7155510,333.6
7155533,80.0
7155538,109.0
7155596,-138.0
7155608,193.5
7155609,152.5
7155610,183.5
7155611,152.5
7155688,-143.0
7155689,-107.6
7155690,-126.0
7155692,-111.0
7155693,66.10000000000002
7155742,157.5
7155785,62.0
7155786,97.0
7155841,110.0
7155866,141.5
7155888,65.0
7155903,-132.4
7155953,179.10000000000002
7156001,131.5
7156012,113.0
7156068,187.10000000000002
7156069,169.10000000000002
7156070,243.10000000000002
7156128,138.5
7156130,133.5
7156131,91.0
7156161,146.0
7156187,125.0
7156238,110.0
7156307,170.14999999999998
7156321,110.5
7156399,112.0
7156401,130.0
7156480,-108.5
7156481,-122.0
7156482,-208.5
7156483,-182.0
7156485,-146.5
7156486,-71.5
7156487,59.0
7156572,-77.5
7156586,201.5
7156609,80.69999999999999
7156620,42.0
7156640,100.5
7156746,187.0
7156747,170.0
7156757,100.0
7156860,180.0
7156876,260.5
7156965,164.0
7157042,198.5
7157045,135.14999999999998
7157046,118.60000000000002
7157057,247.20000000000005
7157058,279.1
7157203,-161.5
7157315,208.0
7157317,110.0
7157342,164.0
7157344,135.0
7157371,209.5
7157415,137.0
7157444,-156.0
7157462,172.0
7157478,148.0
7157701,161.5
7157710,195.5
7157712,165.5
7157734,171.0
7157808,156.0
7157809,139.0
7157810,101.0
7157811,106.0
7157812,229.0
7157813,-235.0
7157814,201.0
7157815,142.0
7157816,112.0
7157817,264.0
7157818,61.0
7157819,54.0
7157847,84.0
7157848,88.0
7158031,172.0
7158032,220.0
7158033,250.0
7158034,274.0
7158111,128.0
7158119,141.0
7158120,186.0
7158121,60.0
7158122,171.0
7158123,156.0
7158152,80.5
7158166,-155.0
7158211,153.0
7158216,40.64999999999998
7158217,105.64999999999998
7158259,242.0
7158273,159.10000000000002
7158299,179.0
7158315,179.0
7158316,54.19999999999999
7158455,179.0
7158458,201.0
7158536,192.5
7158539,128.5
7158566,246.0
7158567,268.5
7158589,241.0
7158612,229.0
7158647,-139.0
7158649,-138.0
7158661,148.25
7158693,162.0
7158747,116.10000000000002
7158748,126.5
7158749,169.2
7158760,167.0
7158810,126.0
7158811,241.0
7158831,185.5
7158896,165.5
7158897,103.5
7158931,110.10000000000002
7158932,52.89999999999998
7159004,-214.2
7159213,-108.0
7159235,346.0
7159260,161.60000000000002
7159261,155.60000000000002
7159263,105.60000000000002
7159264,270.1
7159265,198.60000000000002
7159266,219.10000000000002
7159267,246.60000000000002
7159360,141.0
7159366,127.0
7159466,-190.0
7159538,157.0
7159562,157.0
7159576,100.5
7159664,153.0
7159665,81.0
7159666,187.0
7159667,219.0
7159669,235.0
7159709,161.0
7159727,-120.0
7159795,-111.0
7159796,125.5
7159797,133.5
7159798,133.5
7159808,168.0
7159809,253.0
7159813,108.5
7159889,122.0
7159893,265.0
7159944,92.0
7159945,92.0
7159946,128.0
7159948,124.0
7160089,51.0
7160091,65.5
7160139,214.14999999999998
7160166,144.5
7160289,277.0
7160290,251.0
7160291,228.0
7160292,238.0
7160352,265.5
7160353,195.5
7160354,222.5
7160379,-117.0
7160412,-85.0
7160413,-137.0
7160472,-90.0
7200207,189.10000000000002
7200208,155.60000000000002
7200209,175.10000000000002
7200210,175.10000000000002
7200211,147.60000000000002
7200368,-59.5
7200391,-61.0
7200392,-100.0
7200394,-100.0
7200402,66.0
7200431,54.14999999999998
7200432,54.14999999999998
7200433,54.14999999999998
7200434,54.14999999999998
7200435,54.14999999999998
7200436,180.14999999999998
7200437,180.14999999999998
7200438,180.14999999999998
7200439,180.14999999999998
7200440,180.14999999999998
7200441,89.14999999999998
7200442,89.14999999999998
7200699,-28.0
7200757,122.57
7200758,121.33999999999997
7200773,-52.0
7200774,-52.0
7200775,-52.0
7200776,-52.0
7200777,-52.0
7200778,-52.0
7200779,-52.0
7200780,-76.0
7200781,-76.0
7200782,-76.0
7200783,-83.0
7200842,12.0
7200911,177.0
7200912,162.0
7200913,149.0
7200914,163.0
7200927,98.89999999999998
7200928,167.5
7200929,129.10000000000002
7200930,148.7
7201032,-64.0
7201033,-64.0
7201034,-64.0
7201050,250.0
7201119,-67.0
7201120,-87.0
7201121,-87.0
7201272,198.60000000000002
7201610,111.0
7201611,116.0
7201735,193.89999999999998
7201777,205.5
7201778,205.5
7201841,221.0
7201842,234.0
7201843,251.0
7201844,216.0
7201845,214.0
7201871,82.19999999999999
7201872,64.60000000000002
7201982,142.14999999999998
7201985,155.14999999999998
7201986,207.14999999999998
7202019,235.0
7202020,177.0
7202037,-79.0
7202038,-63.0
7202132,1.0
7202133,1.0
7202134,1.0
7202135,6.0
7202237,-95.0
7202352,-173.0
7202378,196.35000000000002
7202379,196.35000000000002
7202380,200.64999999999998
7202382,200.64999999999998
7202383,200.64999999999998
7202427,-25.5
7202428,0.8999999999999773
7202429,-37.69999999999999
7202430,-28.30000000000001
7202431,9.800000000000011
7202432,-50.400000000000006
7202433,-25.5
7202477,161.14999999999998
7202585,139.10000000000002
7202586,139.10000000000002
7202609,89.0
7202841,55.0
7202842,55.0
7202843,-188.0
7202844,-202.0
7202845,-178.0
7202857,179.3
7202858,199.0
7202960,-51.0
7202968,128.0
7202969,114.0
7202979,204.0
7202980,212.5
7202981,211.0
7202982,178.5
7203016,-184.5
7203127,84.0
7203128,101.0
7203129,114.0
7203130,94.0
7203131,72.0
7203132,49.0
7203133,66.0
7203134,96.0
7203213,877.0
7203221,185.0
7203222,199.0
7203262,62.0
7203263,83.0
7203264,43.0
7203265,84.0
7203266,126.0
7203296,-59.900000000000006
7203297,-63.099999999999994
7203298,-61.599999999999994
7203394,238.0
7203399,-179.0
7203400,144.60000000000002
7203401,134.60000000000002
7203402,270.1
7203446,52.0
7203447,37.5
7203448,80.0
7203544,-52.0
7203545,-79.0
7203546,-71.0
7203547,-88.0
7203548,-100.0
7203549,-121.0
7203550,-85.0
7203555,135.0
7203556,210.0
7203566,-25.69999999999999
7203677,161.89999999999998
7203685,219.0
7203686,190.5
7203687,277.0
7203786,180.0
7203835,253.0
7203859,114.94999999999999
7203862,-102.5
7203907,-89.0
7203908,-132.5
7203909,-135.0
7203910,-87.0
7203967,160.60000000000002
7203991,162.10000000000002
7203993,154.60000000000002
7204037,206.7
7204100,229.5
7204101,161.5
7204116,203.14999999999998
7204118,174.60000000000002
7204120,133.10000000000002
7204164,139.60000000000002
7204194,121.60000000000002
7204195,96.60000000000002
7204224,211.5
7204227,239.20000000000005
7204228,217.10000000000002
7204243,230.0
7204271,-170.0
7204289,180.14999999999998
7204296,101.14999999999998
7204315,-134.0
7204331,105.0
7204332,121.0
7204333,121.0
7204349,3.5
7204353,-17.80000000000001
7204354,5.600000000000023
7204359,66.5
7204360,98.0
7204361,56.5
7204362,77.0
7204363,144.5
7204364,97.5
7204365,120.5
7204368,180.5
7204407,150.0
7204408,99.89999999999998
7204409,118.5
7204410,149.8
7204411,151.2
7204412,94.0
7204413,104.39999999999998
7204416,215.14999999999998
7204417,230.14999999999998
7204418,160.14999999999998
7204424,179.60000000000002
7204425,182.10000000000002
7204426,210.60000000000002
7204435,280.6
7204458,122.0
7204462,-105.0
7204463,-134.0
7204464,-99.0
7204515,53.0
7204538,181.5
7204552,115.0
7204570,-28.0
7204602,87.0
7204603,71.0
7204647,234.0
7204649,180.10000000000002
7204662,195.0
7204663,155.0
7204664,144.0
7204665,155.0
7204678,100.0
7204679,64.0
7204680,91.0
7204736,-112.0
7204737,-80.0
7204738,-109.0
7204739,-63.0
7204752,138.0
7204770,104.60000000000002
7204771,77.39999999999998
7204772,75.39999999999998
7204773,64.60000000000002
7204774,27.399999999999977
7204775,85.89999999999998
7204776,85.89999999999998
7204796,-112.0
7204797,-119.0
7204798,-74.0
7204799,-109.0
7204800,-124.0
7204809,-8.5
7204810,-8.5
7204820,97.10000000000002
7204821,148.10000000000002
7204852,186.0
7204853,186.0
7204871,-33.0
7204872,-33.0
7204873,-33.0
7204875,39.0
7204880,56.5
7204881,17.5
7204908,-102.5
7204909,-117.30000000000001
7204910,-124.1
7204911,-126.4
7204912,-127.9
7204914,-205.6
7204915,-197.0
7204916,-187.4
7204934,45.5
7204935,107.0
7204936,99.0
7204974,102.5
7204975,125.5
7204976,160.5
7204977,109.5
7204978,140.5
7204979,122.5
7204980,100.5
7204981,90.0
7204982,84.0
7204983,105.5
7204988,-85.5
7204999,218.0
7205000,230.0
7205004,3.0
7205005,6.0
7205006,7.0
7205007,4.0
7205008,7.5
7205009,6.0
7205010,14.0
7205011,19.0
7205012,16.5
7205018,105.10000000000002
7205019,46.10000000000002
7205020,-97.0
7205022,96.14999999999998
7205282,185.0
7205283,204.0
7205284,175.0
7205400,-30.19999999999999
7205401,-30.19999999999999
7205402,-30.19999999999999
7205403,-30.19999999999999
7205543,86.0
7205901,233.83999999999997
7205903,234.49
7206207,84.0
7206322,67.0
7206348,145.0
7206349,180.0
7206371,162.0
7206372,142.0
7206373,125.0
7206374,148.0
7206375,114.0
7206376,107.0
7206377,105.0
7206378,50.0
7206379,65.0
7206380,127.0
7206381,73.0
7206382,128.0
7206383,133.0
7206402,218.0
7206419,176.0
7206420,200.0
7206421,217.0
7206422,240.0
7206423,225.0
7206439,-62.849999999999994
7206440,-62.849999999999994
7206441,-62.849999999999994
7206667,-143.1
7206693,144.0
7207112,-136.0
7207113,-62.0
7207114,-72.0
7207115,-54.0
7207116,-46.0
7207173,135.0
7207174,127.0
7207175,94.0
7207176,152.0
7207177,146.0
7207178,188.0
7207179,220.0
7207309,90.0
7207310,65.0
7207459,153.3
7207460,191.8
7207483,-73.0
7207484,-87.5
7207485,-77.5
7207486,-96.0
7207487,-104.0
7207488,-109.80000000000001
7207489,-56.5
7207490,-67.5
7207491,-67.5
7207527,215.0
7207528,187.0
7207529,157.0
7207530,167.0
7207531,107.0
7207532,117.0
7207608,223.14999999999998
7207610,228.14999999999998
7207635,187.08999999999997
7207636,149.20999999999998
7207637,93.07999999999998
7207660,157.07999999999998
7207661,165.0
7207662,147.52999999999997
7207663,128.5
7207664,106.5
7207665,163.7
7207666,159.26999999999998
7207667,140.58999999999997
7207668,184.0
7207888,-148.0
7207889,-80.0
7207890,-174.0
7207895,196.0
7208074,-139.0
7208075,-139.0
7208076,-139.0
7208077,-139.0
7208326,46.0
7208327,74.0
7208328,89.0
7208329,137.0
7208330,147.0
7208331,52.0
7208504,-94.0
7208658,25.0
7208659,25.0
7208660,25.0
7208661,25.0
7208662,-115.0
7208663,-115.0
7208677,135.0
7208678,135.0
7208679,135.0
7208838,14.0
7208844,-18.0
7209818,222.8
7209820,-42.0
7209836,123.0
7209840,106.0
7209864,-104.5
7209865,-144.0
7209866,-136.0
7209867,-124.0
7209868,-87.0
7209869,-49.5
7209870,-58.0
7209871,-50.5
7209872,-26.0
7209944,128.0
7209945,138.0
7209948,113.0
7209949,147.0
7209952,141.0
7209954,142.0
7209957,124.0
7209958,157.0
7210067,187.0
7210068,187.0
7210069,187.0
7210070,187.0
7210071,187.0
7210072,187.0
7210073,187.0
7210074,187.0
7210075,187.0
7210341,195.0
7210398,106.0
7210399,101.0
7210455,117.0
7210456,106.0
7210457,136.0
7210458,132.0
7210459,139.0
7210460,133.0
7210461,122.0
7210462,94.0
7210463,78.0
7210464,-117.0
7210465,-89.0
7210466,-111.0
7210467,-155.0
7210468,-153.0
7210923,238.0
7211270,80.0
7211797,-84.85
7211799,-64.85
7211800,-82.85
7211801,-98.85
7211802,-63.849999999999994
7212087,-138.0
7212088,-113.0
7212089,-126.0
7212090,-142.0
7212091,-103.0
7212092,-127.0
7212093,-111.0
7212135,161.5
7212328,179.0
7212505,-8.0
7212506,-8.0
7212507,-42.0
7212565,3.1999999999999886
7212566,3.6999999999999886
7212567,3.1999999999999886
7212657,180.5
7212658,74.0
7212659,129.0
7212660,128.5
7212661,90.0
7212662,108.0
7212663,105.0
7212664,80.0
7212665,116.0
7212666,66.0
7212667,52.0
7212737,116.69999999999999
7212904,-105.0
7212915,36.14999999999998
7212938,146.14999999999998
7212992,-116.5
7212993,-127.0
7212999,103.0
7213066,-174.0
7213067,-105.5
7213068,-78.0
7213086,245.14999999999998
7213087,-130.5
7213089,148.14999999999998
7213108,113.0
7213112,109.0
7213136,-52.0
7213150,169.14999999999998
7213193,232.0
7213212,-137.0
7213213,-137.0
7213214,-134.5
7213215,-145.0
7213227,80.60000000000002
7213228,111.10000000000002
7213229,101.60000000000002
7213232,85.10000000000002
7213233,106.0
7213237,269.15
7213238,245.14999999999998
7213239,246.14999999999998
7213240,246.14999999999998
7213241,248.14999999999998
7213242,270.15
7213243,258.15
7213244,270.15
7213245,268.15
7213246,268.15
7213283,117.60000000000002
7213317,129.3
7213322,-129.0
7213323,167.14999999999998
7213350,-66.0
7213351,-82.0
7213374,205.14999999999998
7213375,230.14999999999998
7213400,113.0
7213431,205.14999999999998
7213460,-53.0
7213461,-121.0
7213503,88.0
7213504,126.0
7213505,203.0
7213507,73.0
7213508,57.0
7213509,203.5
7213510,278.5
7213517,78.10000000000002
7213518,-117.0
7213519,-161.0
7213520,-186.0
7213521,-150.0
7213545,275.15
7214027,112.0
7214028,142.0
7214029,142.0
7214030,105.0
7214031,107.0
7214032,116.0
7214110,130.0
7214111,108.0
7214112,110.0
7214113,106.0
7214114,108.0
7214115,108.0
7214366,185.0
7214367,275.0
7214368,245.0
7214369,275.0
7214370,185.0
7214371,245.0
7214418,-81.0
7214420,-83.0
7214421,-49.0
7214422,-50.0
7214423,-23.0
7214424,-23.0
7214425,-5.0
7214426,-1.0
7214427,11.0
7214574,106.0
7214575,103.0
7214617,191.0
7214619,192.0
7214895,-49.0
7214896,-36.0
7214897,-17.0
7214947,110.0
7214948,110.0
7215292,67.0
7215310,251.0
7215311,308.0
7215312,289.0
7215538,-61.0
7215539,-100.0
7215541,-100.0
7215650,250.0
7215719,96.0
7215720,96.0
7215721,96.0
7215722,96.0
7215723,181.0
7215724,181.0
7215725,131.0
7215726,131.0
7215741,69.0
7215935,161.0
7215936,161.0
7215937,139.0
7215938,249.0
7215939,236.0
7215940,203.0
7215996,253.0
7215997,253.0
7215998,253.0
7215999,253.0
7216000,253.0
7216101,-102.0
7216102,-115.5
7216103,-68.5
7216104,-107.5
7216105,-145.0
7216270,235.0
7216271,207.0
7216280,-121.0
7216281,-89.0
7216282,-59.0
7216283,-67.0
7216284,-129.0
7216285,-103.0
7216420,250.0
7216421,250.0
7216469,-97.5
7216470,-97.5
7216471,-97.5
7216472,-97.5
7216473,-93.5
7216474,-93.5
7216475,-93.5
7216476,-93.5
7216477,-93.5
7216491,-90.0
7216513,251.0
7216514,251.0
7216515,251.0
7216516,251.0
7216517,251.0
7216518,251.0
7216519,251.0
7216520,251.0
7216521,251.0
7216522,213.0
7216523,213.0
7216524,220.0
7216525,221.0
7216526,234.0
7216538,194.5
7216539,144.0
7216540,187.0
7216541,209.0
7216542,204.0
7216543,179.0
7216544,146.0
7216616,217.10000000000002
7216781,180.14999999999998
7216875,-86.5
7216877,-182.5
7216887,191.14999999999998
7216888,175.14999999999998
7216889,159.14999999999998
7216912,168.5
7216913,99.0
7217032,158.0
7217033,213.0
7217034,181.0
7217035,121.0
7217036,171.0
7217071,183.0
7217199,178.0
7217200,108.0
7217203,29.0
7217204,33.0
7217205,72.0
7217206,67.0
7217207,75.0
7217208,38.0
7217209,19.0
7217216,-23.0
7217217,-23.0
7217278,130.0
7217279,150.0
7217292,197.14999999999998
7217318,184.60000000000002
7217636,-156.0
7217638,-120.0
7217661,193.5
7217662,193.5
7217672,202.7
7217673,142.7
7217675,125.0
7217676,167.7
7217677,123.0
7217736,196.0
7217770,127.0
7217771,127.0
7217772,127.0
7217773,127.0
7217774,127.0
7217775,127.0
7217776,127.0
7217881,140.0
7217882,95.10000000000002
7217885,103.10000000000002
7217886,-78.5
7218029,183.0
7218128,149.60000000000002
7218129,152.14999999999998
7218130,150.14999999999998
7218131,156.14999999999998
7218298,250.0
7218299,330.0
7218527,-153.5
7218557,61.0
7218643,244.60000000000002
7218644,244.60000000000002
7218645,244.60000000000002
7218715,159.0
7218717,-192.4
7218739,248.5
7218740,150.5
7218741,200.0
7218782,-163.5
7218810,164.89999999999998
7218811,124.5
7218812,187.0
7218813,162.60000000000002
7218814,137.5
7218815,143.39999999999998
7219120,213.0
7219367,206.0
7219368,213.0
7219472,40.0
7219560,262.0
7219561,218.5
7219562,208.5
7219622,168.0
7219623,161.0
7219624,152.0
7219639,167.0
7219718,135.0
7219719,143.5
7219720,138.0
7219721,193.0
7219857,277.0
7219858,289.9
7219859,294.0
7219860,34.5
7219879,76.0
7219880,111.0
7219881,77.0
7219882,95.0
7219883,73.0
7219884,88.0
7219929,30.0
7219976,198.14999999999998
7219977,129.14999999999998
7219978,131.14999999999998
7220019,17.069999999999993
7220020,17.069999999999993
7220021,17.069999999999993
7220022,17.069999999999993
7220062,67.0
7220063,-18.0
7220119,125.0
7220120,44.0
7220121,186.0
7220122,181.0
7220161,35.0
7220177,-147.0
7220190,127.0
7220300,195.0
7220301,186.0
7220302,229.0
7220316,187.2
7220330,-154.5
7220418,117.5
7220668,166.0
7220669,144.0
7220691,123.0
7220700,147.5
7220701,171.0
7220776,251.0
7220784,76.0
7220838,49.0
7220839,86.0
7220841,99.5
7220842,93.5
7220843,75.0
7220844,88.5
7220863,146.5
7220864,146.5
7220865,146.5
7220866,146.5
7220867,146.5
7220868,146.5
7220869,146.5
7220870,146.5
7220871,146.5
7220872,146.5
7220873,222.0
7220874,222.0
7220875,222.0
7220876,222.0
7220877,222.0
7220878,222.0
7220879,222.0
7220936,33.60000000000002
7220947,96.80000000000001
7220954,96.80000000000001
7221123,174.0
7221124,172.0
7221125,224.0
7221126,226.0
7221127,236.0
7221128,234.0
7221546,127.0
7221556,-113.0
7221604,143.2
7221605,166.5
7221635,226.5
7221675,-120.0
7221676,167.0
7221677,177.0
7221678,169.0
7221679,184.0
7221710,263.0
7221768,123.0
7221780,174.5
7221823,93.0
7221824,129.5
7221978,93.0
7221979,-42.0
7222005,183.89999999999998
7222006,10.100000000000023
7222007,155.8
7222008,147.89999999999998
7222038,225.0
7222040,123.0
7222081,103.0
7222082,103.0
7222084,118.0
7222242,98.0
7222243,197.0
7222244,183.0
7222245,167.0
7222246,169.0
7222247,170.0
7222287,240.0
7222288,214.0
7222409,95.0
7222454,165.0
7222916,115.60000000000002
7223073,224.0
7223184,86.69999999999999
7223185,133.10000000000002
7223186,104.89999999999998
7223187,60.5
7223188,83.39999999999998
7223189,73.69999999999999
7223252,111.0
7223253,64.0
7223254,106.0
7223255,125.0
7223419,171.5
7223420,182.5
7223421,241.5
7223422,156.5
7223423,178.5
7223424,200.0
7223425,270.0
7223432,160.0
7223596,110.0
7223607,38.0
7223717,163.0
7223718,328.0
7223719,290.0
7223720,273.5
7223721,130.0
7223722,132.0
7223723,143.5
7223724,159.0
7223857,-85.0
7223876,127.0
7223912,225.07
7223913,228.81
7223914,318.96000000000004
7223959,28.0
7223960,-18.849999999999994
7224114,315.0
7224185,-136.0
7224198,272.0
7224199,272.0
7224200,287.0
7224201,198.0
7224202,170.0
7224261,168.14999999999998
7224262,100.14999999999998
7224309,100.10000000000002
7224350,-137.83
7224351,-115.74000000000001
7224391,141.3
7224392,53.56
7224393,128.7
7224394,117.39999999999998
7224395,115.19999999999999
7224478,74.30000000000001
7224526,165.0
7224543,182.60000000000002
7224544,218.60000000000002
7224632,143.0
7224681,77.0
7224700,195.0
7224704,180.60000000000002
7224710,163.8
7224711,178.8
7224712,154.5
7224754,134.5
7224755,172.67000000000002
7224756,111.67000000000002
7224757,148.5
7224758,204.82999999999998
7224759,164.32999999999998
7224820,151.0
7224879,127.0
7224880,127.0
7224881,127.0
7224882,127.0
7224883,127.0
7224884,127.0
7224885,127.0
7224886,127.0
7224887,127.0
7224888,127.0
7224889,127.0
7224893,57.0
7224943,-49.0
7224949,122.0
7224982,192.23000000000002
7224995,102.14999999999998
7224996,164.14999999999998
7224997,233.14999999999998
7224998,155.14999999999998
7224999,183.14999999999998
7225000,288.15
7225085,138.0
7225217,-79.5
7225218,-79.5
7225252,-88.0
7225298,109.14999999999998
7225378,-28.629999999999995
7225379,-28.629999999999995
7225380,-28.629999999999995
7225381,-28.629999999999995
7225382,-28.629999999999995
7225383,-28.629999999999995
7225384,113.0
7225394,135.60000000000002
7225471,204.0
7225472,214.0
7225473,239.0
7225474,256.0
7225475,243.0
7225476,248.0
7225477,232.0
7225478,235.0
7225511,236.0
7225535,128.0
7225587,108.0
7225595,115.0
7225596,104.0
7225597,122.0
7225598,123.0
7225599,115.0
7225600,107.0
7225601,130.0
7225602,129.0
7225603,161.0
7225604,197.0
7225605,146.0
7225606,139.0
7225716,143.10000000000002
7225717,279.0
7225718,219.0
7225748,165.0
7225749,177.0
7225750,163.0
7225751,59.0
7225752,123.0
7225831,110.89999999999998
7225885,173.0
7225886,162.0
7225887,131.5
7225888,122.0
7225889,126.5
7225890,126.0
7225891,184.0
7226016,309.0
7226040,122.5
7226042,152.0
7226043,100.5
7226047,154.0
7226059,0.0
7226061,0.0
7226063,169.0
7226064,103.5
7226099,173.0
7226100,115.0
7226109,143.2
7226110,166.5
7226156,77.0
7226202,130.0
7226237,199.5
7226238,185.5
7226239,185.5
7226240,195.0
7226241,241.0
7226242,238.0
7226243,251.5
7226244,208.5
7226263,72.0
7226275,249.0
7226276,309.70000000000005
7226277,294.70000000000005
7226278,226.0
7226279,250.0
7226280,298.0
7226398,167.0
7226442,169.0
7226454,126.0
7226455,197.0
7226456,234.0
7226457,247.0
7226458,167.0
7226459,225.0
7226460,257.0
7226478,-86.0
7226486,258.0
7226558,190.0
7226603,133.0
7226610,241.0
7226611,69.0
7226662,188.0
7226664,196.0
7226688,156.0
7226689,154.0
7226726,104.5
7226727,115.0
7226745,141.25
7226746,197.64999999999998
7226804,85.5
7226987,186.0
7227007,148.0
7227008,159.0
7227009,134.0
7227010,97.5
7227011,196.0
7227028,10.0
7227190,126.0
7227191,90.0
7227192,146.5
7227193,190.0
7227343,152.0
7227345,158.0
7227346,155.0
7227347,139.0
7227367,66.0
7227370,174.0
7227372,122.0
7227373,255.0
7227374,250.0
7227385,221.10000000000002
7227386,159.10000000000002
7227453,136.0
7227513,115.0
7227514,120.0
7227561,20.0
7227611,198.0
7227612,198.0
7227729,126.0
7227730,69.14999999999998
7227731,100.14999999999998
7227747,210.0
7227748,195.0
7227831,52.0
7227886,128.39999999999998
7227887,140.60000000000002
7227888,178.0
7227890,97.60000000000002
7227891,136.60000000000002
7227892,191.60000000000002
7227940,161.0
7227941,141.0
7227992,-53.0
7227994,110.0
7227995,110.0
7227996,110.0
7227998,110.0
7228111,203.0
7228112,188.5
7228229,220.89999999999998
7228349,157.0
7228390,140.0
7228391,140.0
7228392,140.0
7228393,140.0
7228394,140.0
7228447,71.85000000000002
7228524,221.0
7228525,142.0
7228526,200.0
7228527,200.0
7228654,41.75
7228670,57.0
7228839,167.14999999999998
7228840,81.14999999999998
7228841,107.14999999999998
7228842,87.14999999999998
7228843,60.14999999999998
7228844,115.14999999999998
7228891,188.0
7228892,183.0
7228893,153.0
7229169,275.1
7229171,275.1
7229344,220.0
7229577,135.0
7229578,150.0
7229579,135.0
7229580,150.0
7229581,201.7
7229595,757.0
7229597,234.0
7229610,-152.0
7229639,122.30000000000001
7229640,137.39999999999998
7229641,137.39999999999998
7229655,14.0
7229831,-133.3
7229832,-115.1
7229852,95.0
7229853,80.0
7229854,85.0
7229855,154.0
7229856,130.0
7229857,90.0
7229994,211.18
7229995,184.13
7229996,230.07
7229997,234.07999999999998
7229998,190.76
7229999,188.06
7230206,143.0
7230208,187.0
7230267,-218.6
7230287,121.0
7230288,116.10000000000002
7230289,101.60000000000002
7230290,158.0
7230291,87.0
7230292,90.0
7230293,141.60000000000002
7230294,144.0
7230299,168.0
7230389,192.0
7230390,202.14999999999998
7230468,74.0
7230482,179.0
7230490,278.0
7230491,278.0
7230492,278.0
7230493,278.0
7230494,278.0
7230495,278.0
7230496,278.0
7230567,161.0
7230568,146.0
7230662,-138.0
7230704,204.0
7230907,102.14999999999998
7231001,194.0
7231002,134.0
7231119,271.0
7231120,271.0
7231174,233.0
7231273,129.0
7231305,200.0
7231306,134.0
7231307,176.0
7231308,205.0
7231309,90.0
7231325,133.0
7231328,133.0
7231329,133.0
7231330,133.0
7231331,133.0
7231332,133.0
7231333,133.0
7231335,133.0
7231336,133.0
7231337,133.0
7231338,133.0
7231339,133.0
7231340,133.0
7231513,159.0
7231514,83.0
7231516,159.0
7231517,138.0
7231518,178.0
7231608,61.0
7231609,53.0
7231738,61.0
7231739,172.0
7231740,90.0
7231773,196.5
7231774,231.5
7231904,187.0
7231908,-158.2
7231909,-158.2
7232052,158.0
7232086,107.5
7232087,109.0
7232088,101.5
7232089,175.0
7232090,83.0
7232092,111.0
7232093,95.0
7232094,195.0
7232095,146.0
7232096,84.0
7232097,170.0
7232098,174.0
7232099,187.0
7232108,76.0
7232109,101.0
7232110,113.0
7232111,81.5
7232225,140.0
7232226,144.0
7232227,104.0
7232272,101.0
7232273,102.0
7232274,115.0
7232275,125.0
7232351,139.0
7232397,120.14999999999998
7232398,120.14999999999998
7232399,120.14999999999998
7232400,120.14999999999998
7232401,120.14999999999998
7232402,120.14999999999998
7232403,120.14999999999998
7232404,120.14999999999998
7232405,120.14999999999998
7232406,120.14999999999998
7232407,120.14999999999998
7232475,2.1000000000000227
7232597,178.14999999999998
7232598,215.14999999999998
7232599,215.14999999999998
7232600,178.14999999999998
7232601,215.14999999999998
7232602,178.14999999999998
7232617,245.0
7232751,-37.0
7232752,-70.0
7232753,-89.0
7232754,-89.0
7232781,112.0
7232844,166.0
7232845,170.0
7232846,169.0
7232847,152.0
7232848,179.0
7232849,199.0
7232850,196.0
7232851,154.0
7232852,174.0
7232857,91.60000000000002
7232858,89.30000000000001
7232859,68.80000000000001
7232860,71.80000000000001
7232861,228.0
7232872,-43.30000000000001
7232873,-43.30000000000001
7232939,178.14999999999998
7232940,178.14999999999998
7232941,215.14999999999998
7232942,215.14999999999998
7232943,178.14999999999998
7232944,215.14999999999998
7233002,-117.0
7233007,174.89999999999998
7233008,123.60000000000002
7233009,162.60000000000002
7233010,107.69999999999999
7233011,116.30000000000001
7233098,129.0
7233099,100.0
7233396,321.0
7233421,119.0
7233422,114.0
7233423,99.0
7233424,124.0
7233425,118.0
7233426,154.0
7233427,217.0
7233428,99.0
7233429,120.0
7233430,121.0
7233431,100.0
7233432,142.0
7233455,258.0
7233456,258.0
7233457,258.0
7233458,258.0
7233459,258.0
7233460,258.0
7233461,258.0
7233462,258.0
7233463,258.0
7233464,258.0
7233465,258.0
7233466,258.0
7233467,258.0
7233468,258.0
7233469,258.0
7233470,258.0
7233471,258.0
7233472,258.0
7233473,258.0
7233594,245.0
7233731,125.0
7233826,80.0
7233904,125.19999999999999
7233905,82.60000000000002
7233906,68.19999999999999
7233929,143.0
7234038,71.0
7234039,95.89999999999998
7234040,95.89999999999998
7234041,119.60000000000002
7234043,87.69999999999999
7234152,71.39999999999998
7234268,145.8
7234269,227.10000000000002
7234270,249.10000000000002
7234280,82.0
7234281,82.0
7234305,130.0
7234319,222.0
7234325,83.0
7234326,92.0
7234327,92.0
7234509,-88.0
7234563,250.0
7234564,59.0
7234565,-26.0
7234594,177.0
7234596,196.0
7234606,76.80000000000001
7234609,80.19999999999999
7234667,142.0
7234668,138.0
7234669,149.0
7234670,162.0
7234671,152.0
7234679,97.0
7234680,80.0
7234681,36.0
7234713,349.0
7234776,172.0
7234874,715.0
7234875,702.0
7234908,92.0
7234909,92.0
7234987,165.14999999999998
7235004,79.0
7235044,115.80000000000001
7235055,206.0
7235056,213.0
7235057,257.0
7235058,326.0
7235092,171.0
7235096,182.0
7235101,159.0
7235102,162.0
7235103,152.0
7235251,304.15
7235253,156.14999999999998
7235254,161.14999999999998
7235255,106.0
7235274,153.0
7235275,108.0
7235276,289.0
7235277,207.0
7235351,246.0
7235352,186.0
7235448,117.0
7235449,100.0
7235450,91.0
7235537,172.0
7235696,90.0
7235697,133.0
7235698,97.0
7235699,131.0
7235707,270.15
7235708,258.15
7235709,270.15
7235710,195.14999999999998
7235751,180.0
7235752,90.0
7235753,72.5
7235754,287.0
7235803,58.5
7235804,114.0
7235904,240.14999999999998
7235920,57.0
7235983,154.5
7236008,166.14999999999998
7236009,4.5
7236017,278.0
7236184,219.0
7236185,194.0
7236186,233.0
7236210,156.0
7236215,244.60000000000002
7236274,148.10000000000002
7236292,237.0
7236485,276.0
7236503,207.0
7236579,-108.0
7236775,127.0
7236776,235.0
7236841,9.5
7237115,122.5
7237116,227.0
7237198,203.0
7237347,220.8
7237348,210.0
7237349,228.5
7237350,187.5
7237351,147.5
7237352,223.5
7237353,121.5
7237354,167.0
7237371,158.14999999999998
7237372,257.15
7237437,236.0
7237709,229.39999999999998
7237710,205.39999999999998
7237711,233.2
7237712,229.39999999999998
7237713,229.39999999999998
7237714,223.60000000000002
7237748,153.0
7237749,195.0
7238064,-191.0
7238095,-18.5
7238096,19.19999999999999
7238374,51.0
7238566,-116.0
7238597,-70.0
7238736,230.0
7238737,200.0
7238738,278.0
7238739,248.0
7238740,163.0
7238747,-121.0
7238825,163.0
7238826,163.0
7238859,230.10000000000002
7238888,-53.0
7238894,-73.0
7238940,129.0
7238941,105.0
7238942,139.0
7238943,196.0
7238944,114.0
7238945,113.0
7238946,214.0
7238947,219.0
7238995,124.0
7238996,146.0
7238997,142.0
7238998,144.0
7238999,120.0
7239000,150.0
7239001,102.0
7239002,170.0
7239003,162.0
7239004,120.0
7239006,78.0
7239007,89.0
7239015,-58.0
7239060,210.0
7239098,154.0
7239099,133.0
7239100,55.0
7239107,165.5
7239133,-43.0
7239445,204.10000000000002
7239563,110.0
7239880,124.0
7239965,141.5
7239966,126.0
7239983,-135.5
7240048,189.0
7240049,131.0
7240054,105.81
7240055,62.31999999999999
7240056,125.42000000000002
7240057,61.14999999999998
7240058,55.610000000000014
7240059,135.43
7240060,97.26999999999998
7240062,65.87
7240063,85.13999999999999
7240064,134.91000000000003
7240137,96.94999999999999
7240138,212.05
7240139,102.05000000000001
7240140,96.94999999999999
7240141,212.05
7240142,102.05000000000001
7240224,-190.8
7240339,186.0
7240424,79.0
7240425,70.0
7240426,69.0
7240427,100.0
7240428,53.0
7240429,67.0
7240462,80.0
7240463,152.0
7240464,211.0
7240479,301.0
7240480,301.0
7240481,295.0
7240541,226.0
7240737,172.0
7240780,89.69999999999999
7240784,16.5
7240815,154.0
7240816,144.0
7240817,149.0
7240916,121.80000000000001
7240918,167.8
7241182,155.85000000000002
7241262,97.5
7241263,168.5
7241264,168.5
7241265,139.0
7241266,168.5
7241267,125.5
7241268,125.5
7241269,106.5
7241285,48.0
7241417,173.0
7241423,-172.5
7241510,219.0
7241531,109.55000000000001
7241532,84.67000000000002
7241617,158.51999999999998
7241620,122.87
7241621,142.51
7241622,114.67000000000002
7241736,79.5
7241737,125.64999999999998
7241738,139.81
7241739,79.12
7241740,75.73000000000002
7241894,238.55
7241895,236.05
7241907,-3.0
7241908,-3.0
7241909,-20.0
7241910,-10.0
7241911,-10.0
7241912,-20.0
7241913,-10.0
7241914,-10.0
7242162,80.0
7242164,236.0
7242306,250.0
7242307,250.0
7242308,250.0
7242309,250.0
7242373,124.0
7242491,151.0
7242492,151.0
7242493,151.0
7242637,164.3
7242638,148.2
7242927,139.0
7242928,181.5
7242929,51.5
7242930,199.5
7242931,83.5
7242932,205.5
7242934,97.5
7242935,116.5
7242936,81.5
7242937,123.5
7242938,166.5
7242939,-36.5
7242940,219.5
7242942,178.0
7242943,169.5
7242953,240.14999999999998
7242954,108.14999999999998
7242971,-58.0
7242975,120.0
7242976,108.0
7242977,125.0
7242978,127.0
7242979,121.0
7242980,141.0
7242981,135.0
7242982,108.0
7242988,155.5
7242989,239.0
7242990,220.5
7242991,185.5
7242992,145.5
7243033,168.0
7243034,140.0
7243035,240.0
7243229,126.0
7243230,122.0
7243231,145.0
7243232,158.0
7243242,137.0
7243243,147.0
7243244,153.0
7243245,156.0
7243246,138.0
7243247,125.0
7243528,115.0
7243534,186.0
7243535,185.0
7243536,135.0
7243566,124.14999999999998
7243567,124.14999999999998
7243568,124.14999999999998
7243569,124.14999999999998
7243811,214.14999999999998
7243812,212.14999999999998
7243813,209.14999999999998
7243814,230.14999999999998
7243815,201.14999999999998
7243816,235.14999999999998
7243817,182.14999999999998
7243961,78.0
7243962,78.0
7244174,181.2
7244175,159.0
7244176,106.0
7244177,123.0
7244178,94.0
7244179,130.0
7244180,96.0
7244181,117.0
7244182,98.0
7244327,99.0
7244328,150.0
7244332,96.0
7244420,248.14999999999998
7244600,-119.5
7244663,124.0
7244670,125.60000000000002
7244746,77.0
7244747,85.0
7244772,195.5
7245007,240.14999999999998
7245008,240.14999999999998
7245009,240.14999999999998
7245010,240.14999999999998
7245065,207.0
7245066,104.0
7245127,-64.0
7245128,225.0
7245129,241.0
7245130,245.0
7245178,140.10000000000002
7245179,92.19999999999999
7245180,124.39999999999998
7245257,286.0
7245270,135.64999999999998
7245290,167.0
7245291,163.0
7245334,132.0
7245335,100.0
7245336,129.0
7245337,130.0
7245338,153.0
7245339,247.0
7245340,206.0
7245341,221.0
7245342,219.0
7245424,301.0
7245443,95.0
7245444,85.0
7245527,84.0
7245651,274.0
7245652,279.0
7245653,263.0
7245719,215.0
7245720,199.0
7245739,-103.0
7245774,192.14999999999998
7245775,161.14999999999998
7245776,154.45
7245777,157.64999999999998
7245778,162.64999999999998
7245779,82.64999999999998
7246064,125.0
7246070,148.0
7246101,125.0
7246381,91.55000000000001
7246382,80.35000000000002
7246383,87.64999999999998
7246542,255.14999999999998
7246543,255.14999999999998
7246683,151.7
7246684,140.8
7246685,126.19999999999999
7246686,119.60000000000002
7246687,145.2
7246688,221.39999999999998
7246689,142.3
7246690,182.8
7246691,127.60000000000002
7246724,167.0
7246726,142.0
7246832,-165.8
7246833,-161.0
7246835,-144.2
7246847,120.0
7246995,190.0
7247056,232.47000000000003
7247314,270.0
7247316,300.0
7247317,280.0
7247537,76.64999999999998
7247538,63.35000000000002
7247539,68.35000000000002
7247640,-43.30000000000001
7247641,-43.30000000000001
7247642,-43.30000000000001
7247665,37.0
7247666,48.0
7247667,57.0
7247675,230.0
7247818,136.0
7247949,153.0
7247950,106.0
7248219,106.82999999999998
7248273,58.05000000000001
7248274,159.05
7248443,22.0
7248444,22.0
7248445,22.0
7248446,8.0
7248447,-44.0
7248448,-44.0
7248449,-30.0
7248450,-5.0
7248451,-44.0
7248452,-44.0
7248453,8.0
7248454,-44.0
7248455,-5.0
7248456,-44.0
7248457,-44.0
7248458,-44.0
7248459,-44.0
7248460,-30.0
7248461,-44.0
7248462,-44.0
7248463,-44.0
7248464,-44.0
7248465,-44.0
7248466,-44.0
7248467,-44.0
7248468,-44.0
7248469,-44.0
7248470,-44.0
7248471,-44.0
7248472,-44.0
7248473,-44.0
7248474,-44.0
7248475,-44.0
7248476,-44.0
7248477,-44.0
7248478,-44.0
7248479,-44.0
7248480,-44.0
7248481,-44.0
7248482,-44.0
7248483,-44.0
7248484,-44.0
7248485,-44.0
7248486,-44.0
7248487,-44.0
7248488,-44.0
7248489,-44.0
7248490,-44.0
7248491,-44.0
7248492,-44.0
7248493,-44.0
7248496,121.0
7248761,190.0
7248920,239.0
7248928,141.0
7248929,156.0
7248930,94.0
7249045,229.0
7249046,205.0
7249048,-72.5
7249083,-147.0
7249096,77.0
7249097,89.0
7249098,94.0
7249099,130.0
7249100,78.0
7249245,172.14999999999998
7249355,185.0
7249451,67.0
7249452,82.0
7249753,-141.0
7249754,-148.0
7249755,-125.0
7249756,-147.0
7249757,-161.0
7249758,-111.0
7249759,-89.0
7249821,166.0
7250054,407.0
7250055,342.4
7250056,280.0
7250115,306.35
7250118,234.55
7250119,230.95
7250188,129.0
7250189,129.0
7250191,129.0
7250192,129.0
7700053,344.70000000000005
7700054,326.29999999999995
7700055,356.45000000000005
7700072,344.70000000000005
7700073,326.29999999999995
7700074,356.45000000000005
7700381,250.0
7701499,275.0
7701500,163.0
7701501,170.0
7701502,150.0
7701503,234.0
7701563,32.0
7701564,-66.9
7701565,5.0
7701566,-16.19999999999999
7701567,176.39999999999998
7701568,29.80000000000001
7701569,46.10000000000002
7701570,-54.900000000000006
7701848,-115.0
7701849,-85.0
7701850,-98.0
7702012,14.0
7702013,-66.0
7702014,49.0
7702095,220.0
7702306,104.10000000000002
7702307,137.10000000000002
7702308,143.14999999999998
7702309,184.0
7702515,-72.0
7702838,94.60000000000002
7702839,214.60000000000002
7703423,332.0
7703865,115.14999999999998
7704230,120.0
7704231,140.0
7704232,101.0
7704233,155.0
7704234,212.0
7704235,163.0
7704236,213.0
7704237,187.0
7704239,157.0
7704393,307.0
7704394,720.0
7704453,729.0
7704466,715.0
7704508,198.0
7704509,140.0
7704512,148.0
7704637,102.0
7704982,126.0
7705814,189.5
7705857,161.0
7705858,80.0
7706180,134.0
7706490,179.0
7706493,215.0
7706495,141.5
7706514,90.0
7706532,185.0
7707846,205.0
7707876,98.0
7708205,278.0
7708206,262.0
7709135,88.0
7709305,-120.0
7709334,324.0
7709335,191.0
7709336,327.0
7709337,329.0
7709338,180.0
7709339,140.0
7709340,177.0
7709684,172.0
7709940,170.0
7709941,179.0
7711254,-88.0
7711255,-78.0
7711797,89.14999999999998
7712385,123.5
7712819,-29.5
7712821,286.0
7712822,310.0
7712830,267.0
7712871,-160.2
7713114,177.0
7713619,155.0
7713697,80.0
7713698,233.0
7713699,178.0
7713728,185.0
7713729,185.0
7713730,185.0
7713731,185.0
7713732,185.0
7713818,110.0
7713998,192.0
7714020,183.5
7714833,128.0
7714834,205.0
7714835,260.0
7714836,150.0
7714986,225.0
7714987,248.0
7715523,78.0
7715863,182.0
7715864,183.0
7715865,246.0
7715866,274.0
7715867,249.0
7715868,178.0
7715869,175.0
7715870,274.0
7717115,196.0
7717116,165.0
7717846,73.0
7718263,70.14999999999998
7718396,27.0
7718467,190.0
7718468,240.0
7718469,189.0
8000056,15.0
8000057,-69.5
8000098,-3.0
8000449,390.0
8100012,63.5
8100013,109.5
8100014,134.0
8100015,164.0
8100016,113.0
8100017,91.0
8100026,64.5
8100044,-65.0
8100057,249.0
8100058,49.0
8100062,180.0
8100064,104.0
8100067,205.0
8100073,51.0
8100078,-129.0
8100099,160.0
8100103,174.0
8100104,-63.0
8100144,230.14999999999998
8100176,161.10000000000002
8100191,99.60000000000002
8100192,272.6
8100205,169.60000000000002
8100206,-54.0
8100209,-170.0
8100216,156.0
8100217,219.0
8100222,284.0
8100235,20.0
8100249,-34.0
8100250,250.0
8100252,160.0
8100277,103.5
8100282,-88.0
8100314,4.0
8100325,246.5
8100326,191.0
8100336,17.0
8100368,-48.0
8100369,152.0
8100430,-168.0
8100433,212.14999999999998
8100536,122.0
8100553,-33.0
8100554,-120.1
8100555,-48.0
8100563,110.0
8100574,-148.0
8100575,61.0
8100579,187.14999999999998
8100604,-84.0
8100607,-53.0
8100615,199.0
8100626,218.0
8100632,-139.0
8100634,197.0
8100635,93.5
8100636,132.5
8100637,126.0
8100687,-84.0
8100694,-133.0
8100698,-203.0
8100701,-90.0
8100702,-163.0
8100717,73.0
8100720,262.0
8100722,85.0
8100723,-92.5
8100734,-46.0
8100746,20.0
8100750,91.0
8100760,104.14999999999998
8100761,135.14999999999998
8100785,-134.0
8100789,107.60000000000002
8100830,139.5
8100831,146.5
8100842,99.0
8100847,118.0
8100848,109.0
8100849,119.0
8100850,165.0
8100854,114.0
8100865,104.0
8100869,180.0
8100885,214.0
8100928,137.0
8100929,44.0
8100935,172.0
8100936,197.0
8100964,-28.5
8100968,-143.5
8100973,304.0
8100974,203.0
8101013,144.0
8101014,120.0
8101015,88.0
8101033,62.14999999999998
8101038,123.10000000000002
8101050,179.0
8101058,620.0
8101072,97.5
8101094,82.5
8101097,102.0
8101100,-73.0
8101106,-85.0
8101109,163.5
8101118,143.0
8101121,158.0
8101122,169.5
8101123,155.0
8101124,-58.0
8101134,-53.0
8101158,170.0
8101162,59.0
8101170,144.0
8101182,145.0
8101183,88.5
8101184,140.5
8101191,85.5
8101192,93.5
8101196,-69.5
8101197,162.0
8101246,268.5
8101248,350.0
8101253,146.5
8101289,195.0
8101290,79.0
8101302,810.0
8101325,125.5
8101333,112.0
8101351,121.0
8101356,69.0
8101363,96.5
8101364,180.0
8101369,152.0
8101376,205.0
8101383,129.5
8101384,101.5
8101402,235.0
8101410,-42.0
8101411,195.0
8101419,185.14999999999998
8101438,195.0
8101476,233.0
8101477,120.5
8101484,211.5
8101485,164.5
8101499,67.0
8101528,109.5
8101538,161.0
8101556,205.0
8101557,161.14999999999998
8101558,54.10000000000002
8101559,125.0
8101560,108.0
8101591,256.5
8101595,186.0
8101645,239.0
8101649,155.14999999999998
8101652,105.14999999999998
8101655,159.0
8101658,204.60000000000002
8101663,-131.0
8101664,-127.0
8101672,170.5
8101673,110.5
8101692,174.0
8101693,207.0
8101705,137.0
8101729,83.10000000000002
8101730,155.10000000000002
8101731,170.10000000000002
8101732,152.60000000000002
8101734,272.1
8101738,134.5
8101739,131.60000000000002
8101745,161.10000000000002
8101762,93.10000000000002
8101834,140.10000000000002
8101858,187.0
8101864,210.5
8101901,-157.0
8101909,163.5
8101934,103.5
8101940,102.5
8101945,181.0
8101970,53.5
8101971,126.5
8101976,99.5
8101997,53.0
8102008,131.0
8102009,108.5
8102032,82.60000000000002
8102042,163.60000000000002
8102053,230.5
8102060,258.0
8102083,142.60000000000002
8102105,52.0
8102151,177.10000000000002
8102156,145.0
8102157,236.0
8102158,162.0
8102164,77.60000000000002
8102197,72.0
8102222,168.0
8102238,78.0
8102246,130.5
8102252,-162.0
8102253,209.10000000000002
8102258,116.0
8102274,254.0
8102311,244.0
8102320,109.10000000000002
8102321,95.10000000000002
8102355,139.60000000000002
8102370,247.0
8102380,127.5
8102381,127.5
8102392,186.0
8102464,118.0
8102509,169.0
8102510,48.0
8102511,145.0
8102529,93.0
8102584,162.0
8102592,129.60000000000002
8102686,143.0
8102782,100.0
8102794,118.0
8102795,79.0
8102808,235.39999999999998
8102815,213.39
8102821,119.5
8102835,175.0
8102859,270.0
8102925,26.149999999999977
8102926,26.149999999999977
8102963,531.0
8103078,115.0
8103156,209.5
8103229,139.10000000000002
8103256,98.5
8103289,100.0
8103358,235.0
8103381,114.0
8104591,178.0
8104851,185.14999999999998
8105064,-78.0
8105180,123.0
8105219,263.0
8105266,85.14999999999998
8105277,167.0
8105279,85.14999999999998
8105307,216.0
8105341,248.0
8105343,224.0
8105354,380.15
8105383,239.14999999999998
8105456,102.0
8105854,87.0
8105881,-158.5
8105998,259.0
8106006,-113.0
8106138,138.95
8106243,243.70000000000005
8106281,95.0
8106421,207.14999999999998
8106486,220.2
8106487,208.2
8106529,225.2
8106537,107.0
8106592,106.0
8106647,134.45
8106696,162.0
8106859,108.14999999999998
8106920,56.05000000000001
8106934,91.0
8107113,87.64999999999998
8107164,287.0
8107181,287.0
8107213,190.0
8107366,-143.0
8107376,280.15
8107416,162.0
8107450,155.0
8107484,197.0
8107508,110.0
8107525,-123.0
8107539,285.0
8107678,191.0
9011306,386.0
